{
  "mean_return": 26.397176480380917,
  "std_return": 1.3207532776056083,
  "se_return": 0.13207532776056083,
  "mean_length": 1000.0,
  "mean_action_smoothness": 0.11566796525174863,
  "std_action_smoothness": 0.010223102841543881,
  "mean_action_magnitude": 0.9782171455160473,
  "mean_cost": 51.78,
  "total_cost": 5178.0,
  "feasibility_rate": 0.13,
  "policy_entropy": null,
  "q_value_variance": 0.00025391721283085644,
  "mean_recovery_ratio": 1.574489820173462,
  "std_recovery_ratio": 0.6153692368052696,
  "n_episodes": 100,
  "per_episode_returns": [
    25.150017903696103,
    27.35461379846974,
    25.88426273582999,
    26.971784973603597,
    29.542895776188985,
    26.611123461351067,
    23.200337025660325,
    25.491839040108413,
    25.349252202902157,
    26.598026988516203,
    25.329739511436465,
    26.16460338971468,
    25.53066986161517,
    25.189274661867426,
    26.89243727239938,
    26.115304311752688,
    25.173593181280378,
    28.069269645142978,
    25.1995855503855,
    26.11014856715098,
    25.819962806866585,
    28.588498894979992,
    26.840072888260956,
    27.655249015201232,
    25.23384247907951,
    25.948482105154586,
    24.91888962658689,
    26.1812861048683,
    24.381249567969913,
    26.039393668465433,
    26.170382055257615,
    28.8276169925916,
    26.751793934960258,
    26.156767570598575,
    24.655805921787515,
    26.197183196602772,
    26.868584826132967,
    24.728780418036013,
    28.044483520570516,
    25.342765428128736,
    27.486461203439475,
    21.363309119838334,
    26.738733936464186,
    24.940578087637938,
    26.122650591271327,
    26.53617836388712,
    25.92571590579082,
    27.591933204921553,
    29.14009116083979,
    25.648951759557622,
    25.43145489728489,
    28.715284270757607,
    24.37790216019692,
    25.915662673174218,
    25.667535033402093,
    25.273566405183388,
    26.837564580489513,
    26.27718770783945,
    27.65313434301514,
    27.36374611787972,
    28.106519454833432,
    28.87726780667578,
    25.711018974659968,
    26.09716730798173,
    25.901335302670375,
    27.63936424575865,
    26.096683228628937,
    26.654039374010345,
    27.383353986827313,
    27.776930757273917,
    25.669560177437884,
    28.56727494731571,
    25.324801744188257,
    27.842734384107864,
    27.21970557167061,
    28.569165308055165,
    27.413132737938778,
    26.56213805219034,
    25.717190950797093,
    24.982895075779094,
    26.16420557766697,
    25.87259479786306,
    27.74781722479633,
    25.204563551365275,
    25.67677056487786,
    24.94591675310202,
    25.292467801584763,
    26.372259006485955,
    26.836821871147436,
    26.1741619552905,
    27.741077066156024,
    24.568903131714478,
    28.684669552888575,
    26.52303566529139,
    27.568293427220997,
    26.436191783675646,
    26.11704783723673,
    26.144021177255055,
    28.180454372266347,
    27.066583127361326
  ],
  "per_episode_smoothness": [
    0.11437144058441313,
    0.12914419846947164,
    0.10999860983324874,
    0.11869670385677304,
    0.10899705758081427,
    0.13008331478402851,
    0.12895348052450986,
    0.11859885518313941,
    0.11111515456560557,
    0.11917500497884484,
    0.10217842556111527,
    0.11200339051033291,
    0.10700272169299463,
    0.1186376883366757,
    0.11411632197926452,
    0.10844302388213177,
    0.11776591014227568,
    0.11993700094760004,
    0.12530918473376917,
    0.12485803369905342,
    0.10873899342507054,
    0.10980735905757805,
    0.12979048943319704,
    0.11774715711776981,
    0.11493431373395481,
    0.11675260204193762,
    0.11574564742828018,
    0.10001490581974883,
    0.10606565803672623,
    0.13094961173775874,
    0.10155071620896404,
    0.10576946684910893,
    0.12095999782993432,
    0.10976480003868407,
    0.10547262269598942,
    0.11204480988126038,
    0.1325341829535928,
    0.1196617871907006,
    0.11263220167043052,
    0.12884909260007082,
    0.11932608040662131,
    0.11898380742436235,
    0.12651481085289054,
    0.11060993593939517,
    0.1275524690638839,
    0.10009700404033389,
    0.08896025975177854,
    0.1142940804662059,
    0.1223498376010059,
    0.11070874605267202,
    0.10009533331607018,
    0.1030653038189441,
    0.11497213846554567,
    0.11528862368846698,
    0.11656991490274302,
    0.10344716973729114,
    0.0997225270678802,
    0.1234177046349969,
    0.1161876772087936,
    0.12211193620020194,
    0.12007467113939972,
    0.11964205231332575,
    0.11447290486989664,
    0.10731271690152382,
    0.12305221758313004,
    0.11472202512195197,
    0.11590123792137354,
    0.11454815464566913,
    0.11655285776683533,
    0.11196931304170443,
    0.13170242809893504,
    0.12065319005026652,
    0.09882513934215768,
    0.14030960782987484,
    0.11370769465425527,
    0.13391978417845715,
    0.10314314660652962,
    0.116116908556811,
    0.12346835499576476,
    0.1065883191869369,
    0.12167462865489492,
    0.0979093485357895,
    0.11312625501636792,
    0.13134035021378193,
    0.1049692516023823,
    0.12212649913074221,
    0.1189598433514324,
    0.09411091811575685,
    0.10511926605885706,
    0.1058327767987618,
    0.10149264714499213,
    0.13580008295105994,
    0.12787944226534645,
    0.10256457267074273,
    0.12489585690883984,
    0.13289799017788936,
    0.13226495271507102,
    0.1087069390358191,
    0.12157901673460761,
    0.12341586405002758
  ],
  "per_episode_costs": [
    112.0,
    100.0,
    32.0,
    40.0,
    17.0,
    22.0,
    33.0,
    15.0,
    0.0,
    86.0,
    19.0,
    26.0,
    36.0,
    126.0,
    0.0,
    127.0,
    0.0,
    0.0,
    0.0,
    29.0,
    68.0,
    74.0,
    57.0,
    50.0,
    43.0,
    37.0,
    10.0,
    37.0,
    51.0,
    9.0,
    44.0,
    9.0,
    0.0,
    17.0,
    76.0,
    40.0,
    45.0,
    43.0,
    0.0,
    64.0,
    59.0,
    82.0,
    100.0,
    68.0,
    62.0,
    0.0,
    74.0,
    0.0,
    4.0,
    81.0,
    28.0,
    0.0,
    67.0,
    105.0,
    102.0,
    51.0,
    86.0,
    126.0,
    66.0,
    0.0,
    20.0,
    13.0,
    95.0,
    30.0,
    50.0,
    30.0,
    0.0,
    75.0,
    25.0,
    40.0,
    54.0,
    14.0,
    127.0,
    60.0,
    56.0,
    16.0,
    79.0,
    20.0,
    45.0,
    13.0,
    82.0,
    61.0,
    95.0,
    136.0,
    93.0,
    109.0,
    0.0,
    99.0,
    90.0,
    156.0,
    60.0,
    28.0,
    89.0,
    40.0,
    59.0,
    33.0,
    128.0,
    15.0,
    94.0,
    94.0
  ]
}