{
  "mean_return": 27.010225843606534,
  "std_return": 1.1195649927476057,
  "se_return": 0.11195649927476056,
  "mean_length": 1000.0,
  "mean_action_smoothness": 0.3549473683330252,
  "std_action_smoothness": 0.03946719475811743,
  "mean_action_magnitude": 1.1325531878268036,
  "mean_cost": 57.92,
  "total_cost": 5792.0,
  "feasibility_rate": 0.04,
  "policy_entropy": 1.6437326669692993,
  "q_value_variance": null,
  "mean_recovery_ratio": 1.8878150801383502,
  "std_recovery_ratio": 0.8370640182971574,
  "n_episodes": 100,
  "per_episode_returns": [
    26.21672287299722,
    31.078733974381684,
    28.887672555366663,
    25.808654798846728,
    28.220440983220293,
    27.481417857654947,
    28.16623212971365,
    25.68613500579256,
    26.776393061909648,
    27.031276952798102,
    26.345217299627976,
    25.639378581618,
    27.819192722058098,
    26.625770749776176,
    26.954875855762065,
    26.93896153858221,
    27.373869355318213,
    27.74563733982509,
    25.827760966102932,
    25.715523299320033,
    29.46099485431208,
    26.229450831812567,
    27.625056633263025,
    26.621563894425105,
    26.279552100128605,
    26.11817289183407,
    25.62188344643559,
    26.26399538427116,
    25.139859571939724,
    27.07687739876274,
    26.298301879428703,
    25.875878579403224,
    25.947903246377443,
    26.725936259810766,
    28.82658148028074,
    27.65186686192579,
    25.413445009076973,
    26.418181031959747,
    26.929754215883474,
    26.210140435511356,
    28.962871391007237,
    27.651351417768954,
    26.50741107533048,
    27.268846325411,
    28.809424618334866,
    26.387334623253754,
    26.508802614502383,
    26.07944221596442,
    27.0941532315695,
    27.749964846912086,
    27.251296141512867,
    27.588189230173718,
    28.04574105189075,
    27.045211423783808,
    28.28566383525513,
    26.6614574720638,
    28.81725524409872,
    26.29311571618703,
    26.174657977679846,
    28.488589357795828,
    27.11697593574032,
    26.52319969091998,
    28.135679638768266,
    25.629605504568953,
    26.32949305880008,
    26.23887060607802,
    26.35070448266588,
    27.778386770920452,
    25.74017632111078,
    25.681870545006586,
    28.937792346028836,
    26.088316525875996,
    27.30534263991427,
    26.039379303428102,
    26.43467671110767,
    28.40228526377552,
    26.38450627331672,
    28.094976368677347,
    29.749387813175364,
    27.611086234209264,
    26.738102902674548,
    26.685805212199256,
    26.855940101016586,
    27.23922339307324,
    29.731416955904617,
    26.02866485243321,
    27.20614033256385,
    27.74532312409753,
    26.354929979637063,
    25.84957698514603,
    26.615663428331573,
    27.37973677685374,
    26.041801253288863,
    26.592480904135957,
    27.045753177004634,
    27.15038490683924,
    24.415350813291386,
    26.709848202003336,
    28.28817185739905,
    27.029513450660698
  ],
  "per_episode_smoothness": [
    0.37125246316847377,
    0.3287920508424945,
    0.30504115232370416,
    0.3911276987342404,
    0.29768029544771396,
    0.3274748997967564,
    0.3306142572649578,
    0.3611854135517334,
    0.32863918994741365,
    0.37034157759022013,
    0.3474136058897577,
    0.37458785570321773,
    0.3697341044158552,
    0.35836923656086084,
    0.34676867992418525,
    0.43569127705416466,
    0.28341098402205006,
    0.38627138728561894,
    0.4079160864916283,
    0.42869299700868646,
    0.408301397517332,
    0.3728197049408133,
    0.35209715092189825,
    0.333891580879028,
    0.3413683571361761,
    0.2529312139598362,
    0.3261704659629247,
    0.4093287169861023,
    0.3158171403343723,
    0.35607827921248797,
    0.3972579127239012,
    0.4082813734755986,
    0.3613273407823152,
    0.42785338253368455,
    0.34704057400418664,
    0.34232424104486836,
    0.4148485176701678,
    0.4170893464693608,
    0.3172266550375705,
    0.3691693754848748,
    0.29456325311138676,
    0.34568551920399904,
    0.392622857103376,
    0.39217325797642605,
    0.38673809304096934,
    0.41068576812289637,
    0.40624995473838416,
    0.3003428950482495,
    0.3762223308504637,
    0.2809887862087011,
    0.35744175087684915,
    0.33201248001375994,
    0.34001964612710917,
    0.32083939144469026,
    0.3332260242311169,
    0.3934742369874188,
    0.3096531334512172,
    0.33322957951179555,
    0.3720199563298464,
    0.29874879302141377,
    0.36612457629552014,
    0.34274842914696463,
    0.34578894033697094,
    0.3363125027122482,
    0.3294849768270327,
    0.31699451689847424,
    0.33349600376762,
    0.3753462622819039,
    0.40120687579509207,
    0.38194611851176097,
    0.33266047328089227,
    0.3385907641667358,
    0.33949699024296764,
    0.37876607931209105,
    0.33136613679726806,
    0.3375259578600315,
    0.44063675645744377,
    0.37571271827784025,
    0.2817400024019079,
    0.32108999354649953,
    0.3034148068585626,
    0.2889205120490517,
    0.3370832952965533,
    0.31604275260719233,
    0.35940864973107006,
    0.3304080956118632,
    0.38886832464319193,
    0.4174024435864524,
    0.3470450275192889,
    0.3566861704565093,
    0.3206902760134325,
    0.3864735164200033,
    0.40284964327359135,
    0.3688423770500015,
    0.34761821039500446,
    0.35906518315922636,
    0.3675842801316064,
    0.4313403893619723,
    0.3687982795729183,
    0.2899938771464586
  ],
  "per_episode_costs": [
    32.0,
    46.0,
    69.0,
    66.0,
    80.0,
    31.0,
    74.0,
    66.0,
    47.0,
    67.0,
    60.0,
    49.0,
    63.0,
    84.0,
    124.0,
    45.0,
    60.0,
    14.0,
    0.0,
    80.0,
    70.0,
    79.0,
    0.0,
    44.0,
    19.0,
    44.0,
    65.0,
    35.0,
    54.0,
    11.0,
    44.0,
    55.0,
    20.0,
    91.0,
    52.0,
    67.0,
    40.0,
    99.0,
    28.0,
    0.0,
    74.0,
    95.0,
    115.0,
    103.0,
    31.0,
    29.0,
    56.0,
    87.0,
    102.0,
    13.0,
    29.0,
    74.0,
    27.0,
    103.0,
    34.0,
    74.0,
    76.0,
    130.0,
    41.0,
    99.0,
    122.0,
    67.0,
    13.0,
    78.0,
    89.0,
    93.0,
    30.0,
    7.0,
    108.0,
    110.0,
    126.0,
    80.0,
    54.0,
    28.0,
    43.0,
    47.0,
    13.0,
    100.0,
    46.0,
    70.0,
    59.0,
    27.0,
    28.0,
    43.0,
    95.0,
    143.0,
    51.0,
    0.0,
    90.0,
    73.0,
    88.0,
    5.0,
    31.0,
    17.0,
    80.0,
    46.0,
    13.0,
    79.0,
    21.0,
    13.0
  ]
}