{
  "mean_return": 1841.299231215392,
  "std_return": 350.179429382583,
  "se_return": 35.0179429382583,
  "mean_length": 550.84,
  "mean_action_smoothness": 0.11471610635519028,
  "std_action_smoothness": 0.0025364854727846354,
  "mean_action_magnitude": 0.7223332089185714,
  "mean_cost": 0.0,
  "total_cost": 0.0,
  "feasibility_rate": 1.0,
  "policy_entropy": 2.595337152481079,
  "q_value_variance": null,
  "mean_recovery_ratio": 2.162139841230877,
  "std_recovery_ratio": 0.017199004108305604,
  "n_episodes": 100,
  "per_episode_returns": [
    1660.8574954937599,
    1883.3319359436687,
    2138.659448799055,
    2148.1318652790687,
    1672.7463788014122,
    1543.755328686439,
    3070.2751048554574,
    1568.0943190499456,
    1592.5377872419367,
    2175.3686326094303,
    1550.3147190203283,
    1609.4088848306717,
    1529.9292739726234,
    1546.5941479893352,
    1867.7366798784258,
    1553.4418553709995,
    1852.9665196118608,
    1540.1869420954854,
    1848.7314540906732,
    1947.2255960749123,
    1579.553325010419,
    2149.899266215788,
    1868.9336872524996,
    1818.8532590158384,
    2135.2310738571327,
    2061.4209966268922,
    1575.4505885125516,
    1639.8457060701248,
    1562.2429390258176,
    1809.5783134387787,
    1539.3467532078043,
    2412.5307090019655,
    1561.7543751484268,
    1476.9679020288202,
    1534.6121555458258,
    1551.240222370654,
    2294.821171062156,
    1546.8550808554496,
    2111.5851854889424,
    2583.385014986673,
    1847.2351599276785,
    1572.4138225341694,
    2684.5005442149877,
    1513.8899085677342,
    1572.5070308886268,
    1587.859058678267,
    1852.1251386377903,
    1578.4290733626453,
    1568.7684071905855,
    2016.5274176751068,
    1854.5320564608774,
    1557.5076335407944,
    1648.8839300657692,
    1561.1813291559147,
    1541.107185677619,
    1866.8618871399058,
    1556.629604835511,
    1638.20156261834,
    1832.757408463597,
    1869.2554783927424,
    1942.6090768925187,
    2171.031730363874,
    1661.9484444450686,
    2128.7454715773983,
    1842.368679762281,
    1847.8575624714522,
    1844.859008692178,
    2112.813346148971,
    2017.0270940699177,
    2735.925835385578,
    1699.506535271815,
    2093.2476315401805,
    2454.3305924764413,
    2342.6502908989987,
    1593.4837718366125,
    1559.1368572097924,
    2962.654042530707,
    1495.686382597466,
    1848.1545348385312,
    1542.0720332640644,
    1837.0355458300144,
    1848.1779139400555,
    2429.148676260053,
    1711.4724284688002,
    1585.5342741801367,
    1576.0263408840856,
    1841.9824353193715,
    1848.2380627156763,
    1814.3888699037059,
    1458.2674052128982,
    1568.2184617615264,
    2405.924032951684,
    1853.202644309818,
    1578.5927603496436,
    1454.9585334462329,
    1517.7251586425486,
    1833.6612899049069,
    1705.9524145199925,
    2831.3749291965596,
    1698.3562890209478
  ],
  "per_episode_smoothness": [
    0.11642368882894516,
    0.11814949661493301,
    0.11491058766841888,
    0.1179250031709671,
    0.11579031497240067,
    0.10897619277238846,
    0.12108326703310013,
    0.11358653753995895,
    0.11658290028572083,
    0.11879544705152512,
    0.111533984541893,
    0.11735381186008453,
    0.11095292121171951,
    0.1134578287601471,
    0.11434502899646759,
    0.11144401133060455,
    0.11684750765562057,
    0.10904258489608765,
    0.11552106589078903,
    0.11764802783727646,
    0.1139305830001831,
    0.11616567522287369,
    0.11525092273950577,
    0.11156045645475388,
    0.11504019051790237,
    0.11575695127248764,
    0.11550880968570709,
    0.11683157086372375,
    0.1140415295958519,
    0.11256158351898193,
    0.10926180332899094,
    0.11429452896118164,
    0.11267247796058655,
    0.1126793920993805,
    0.10941042006015778,
    0.11201759427785873,
    0.11704843491315842,
    0.11316150426864624,
    0.11364918947219849,
    0.11827795207500458,
    0.11545754224061966,
    0.11398833245038986,
    0.11715398728847504,
    0.10945043712854385,
    0.11553261429071426,
    0.11628109961748123,
    0.11630653589963913,
    0.11364724487066269,
    0.11343690752983093,
    0.11632364988327026,
    0.11721615493297577,
    0.11478465795516968,
    0.11702407151460648,
    0.11526249349117279,
    0.10904522985219955,
    0.11528734862804413,
    0.11220744997262955,
    0.11735110729932785,
    0.11128471046686172,
    0.11566447466611862,
    0.11719870567321777,
    0.11815361678600311,
    0.11617833375930786,
    0.1153494343161583,
    0.11439436674118042,
    0.11535599082708359,
    0.11495286226272583,
    0.1139855682849884,
    0.11625439673662186,
    0.1182548850774765,
    0.11734652519226074,
    0.11445321142673492,
    0.11752732843160629,
    0.11592050641775131,
    0.11599881201982498,
    0.11390914767980576,
    0.1166786253452301,
    0.10981282591819763,
    0.11485695838928223,
    0.11140081286430359,
    0.11220058053731918,
    0.11580467224121094,
    0.11741708219051361,
    0.11693007498979568,
    0.11489696055650711,
    0.11362218856811523,
    0.11257863789796829,
    0.11454162001609802,
    0.11134535819292068,
    0.1126045286655426,
    0.11368650943040848,
    0.11519908905029297,
    0.1159510388970375,
    0.11347796022891998,
    0.11412665992975235,
    0.11021014302968979,
    0.11328714340925217,
    0.11678175628185272,
    0.11966142058372498,
    0.11710646748542786
  ],
  "per_episode_costs": [
    0.0,
    0.0,
    0.0,
    0.0,
    0.0,
    0.0,
    0.0,
    0.0,
    0.0,
    0.0,
    0.0,
    0.0,
    0.0,
    0.0,
    0.0,
    0.0,
    0.0,
    0.0,
    0.0,
    0.0,
    0.0,
    0.0,
    0.0,
    0.0,
    0.0,
    0.0,
    0.0,
    0.0,
    0.0,
    0.0,
    0.0,
    0.0,
    0.0,
    0.0,
    0.0,
    0.0,
    0.0,
    0.0,
    0.0,
    0.0,
    0.0,
    0.0,
    0.0,
    0.0,
    0.0,
    0.0,
    0.0,
    0.0,
    0.0,
    0.0,
    0.0,
    0.0,
    0.0,
    0.0,
    0.0,
    0.0,
    0.0,
    0.0,
    0.0,
    0.0,
    0.0,
    0.0,
    0.0,
    0.0,
    0.0,
    0.0,
    0.0,
    0.0,
    0.0,
    0.0,
    0.0,
    0.0,
    0.0,
    0.0,
    0.0,
    0.0,
    0.0,
    0.0,
    0.0,
    0.0,
    0.0,
    0.0,
    0.0,
    0.0,
    0.0,
    0.0,
    0.0,
    0.0,
    0.0,
    0.0,
    0.0,
    0.0,
    0.0,
    0.0,
    0.0,
    0.0,
    0.0,
    0.0,
    0.0,
    0.0
  ]
}