{
  "mean_return": 1778.2712944332943,
  "std_return": 266.344235124916,
  "se_return": 26.6344235124916,
  "mean_length": 532.55,
  "mean_action_smoothness": 0.11452722318470478,
  "std_action_smoothness": 0.002689397051245333,
  "mean_action_magnitude": 0.7225427830219269,
  "mean_cost": 0.0,
  "total_cost": 0.0,
  "feasibility_rate": 1.0,
  "policy_entropy": 2.595337152481079,
  "q_value_variance": null,
  "mean_recovery_ratio": 2.161242976179671,
  "std_recovery_ratio": 0.015325375863792004,
  "n_episodes": 100,
  "per_episode_returns": [
    1568.5774547404192,
    1578.5278523196,
    1654.5204049190124,
    2080.402175472667,
    1569.8537890774414,
    1640.9779225642048,
    1579.0103780472461,
    2004.6678891605718,
    2419.081950979418,
    1603.5982525430356,
    1833.4945594260278,
    1850.6308233610355,
    2161.6844081764652,
    1786.4960595303405,
    1831.396676589067,
    1580.953966052236,
    1832.7255705201208,
    2424.621553773157,
    1704.9411890424963,
    2079.8322019400066,
    1524.4192217918985,
    1541.3936048456906,
    1840.7696648449578,
    1839.3742252194577,
    1544.663014264745,
    1879.3003345692694,
    1848.892471343495,
    1569.0347481552824,
    2098.5222150243653,
    2202.2017026836015,
    1554.339227330687,
    1837.4133130545476,
    1540.7793516906088,
    1831.4573523794581,
    1573.010178000742,
    1826.2342369008038,
    1894.3084919332962,
    1835.8040718798673,
    1543.9457968875386,
    1540.6039587990563,
    2394.252480709203,
    1847.2766571037266,
    1539.2925627741613,
    1834.4461952698596,
    1833.4712078612934,
    1593.1442988046447,
    1569.111860480082,
    1244.5592056273417,
    1836.7816606732445,
    1604.7903880565748,
    1540.373967139024,
    1802.9127507373132,
    1902.103526580841,
    1545.5145956997324,
    1539.5999768014835,
    1308.9452063733097,
    1675.0919756646506,
    1676.218305365948,
    2247.631963286708,
    2161.038720884477,
    1903.1453161625072,
    2139.306015706484,
    2445.4368980680842,
    1588.4539530853842,
    1587.3734829558782,
    1847.3314070030144,
    1840.827550387187,
    1779.0676486127743,
    2755.2644468323556,
    2025.4081773474334,
    1560.2967823477811,
    2039.3566138898723,
    1553.0087820775693,
    1689.5864752294053,
    1554.6015397036529,
    1572.2036849361698,
    1708.171146145128,
    1829.3043911208108,
    1827.6200757172019,
    1580.4052983205404,
    1559.534512389081,
    1604.3917185058547,
    1870.0313313123686,
    1558.1578411640562,
    1841.6115444307575,
    2487.5967613650823,
    1929.0225927874778,
    1647.518366455852,
    1657.3936245206733,
    1566.8395633617242,
    1851.728553838026,
    1576.1368646391136,
    1885.8687797339894,
    1576.5136312016334,
    1848.6185235650667,
    1313.98444097945,
    1814.0995547074604,
    1730.5416673602315,
    1497.3099477012058,
    1835.0401719335307
  ],
  "per_episode_smoothness": [
    0.11249984055757523,
    0.11465360224246979,
    0.11762671917676926,
    0.11410302668809891,
    0.11354739964008331,
    0.11819492280483246,
    0.1118546798825264,
    0.11630535870790482,
    0.11650896072387695,
    0.11728329211473465,
    0.11118127405643463,
    0.1155858263373375,
    0.11880111694335938,
    0.11260343343019485,
    0.11311513930559158,
    0.11327753961086273,
    0.11056050658226013,
    0.11614112555980682,
    0.11621515452861786,
    0.11410542577505112,
    0.10891944169998169,
    0.11159836500883102,
    0.11302222311496735,
    0.11330649256706238,
    0.11118562519550323,
    0.11649972945451736,
    0.11546690762042999,
    0.11307136714458466,
    0.11461063474416733,
    0.11955773830413818,
    0.11180529743432999,
    0.11334735155105591,
    0.10832202434539795,
    0.11116659641265869,
    0.11206797510385513,
    0.11470607668161392,
    0.11840855330228806,
    0.11260081082582474,
    0.11304129660129547,
    0.11058827489614487,
    0.11691864579916,
    0.11518598347902298,
    0.11101888120174408,
    0.11392548680305481,
    0.11326055973768234,
    0.1158665344119072,
    0.11494151502847672,
    0.10998531430959702,
    0.11237948387861252,
    0.11657674610614777,
    0.10774163156747818,
    0.1133999228477478,
    0.1184629574418068,
    0.11062982678413391,
    0.10847476124763489,
    0.11521396785974503,
    0.11664982885122299,
    0.11697371304035187,
    0.11883824318647385,
    0.11669416725635529,
    0.1186610609292984,
    0.1165463998913765,
    0.11727733910083771,
    0.11805777996778488,
    0.11641231924295425,
    0.11405857652425766,
    0.1139751523733139,
    0.11283507198095322,
    0.11950688064098358,
    0.11654288321733475,
    0.11557910591363907,
    0.11749660968780518,
    0.11545845866203308,
    0.11529357731342316,
    0.11141899973154068,
    0.11379557847976685,
    0.11668890714645386,
    0.1124560609459877,
    0.1128595769405365,
    0.11367673426866531,
    0.11489053070545197,
    0.1167735755443573,
    0.11488272994756699,
    0.11379416286945343,
    0.112913578748703,
    0.12003529071807861,
    0.11808768659830093,
    0.11614133417606354,
    0.11698874831199646,
    0.11478174477815628,
    0.11567937582731247,
    0.11378147453069687,
    0.1184343695640564,
    0.11324775218963623,
    0.11648339033126831,
    0.11613953113555908,
    0.1112801656126976,
    0.11572834849357605,
    0.11108098924160004,
    0.11238516867160797
  ],
  "per_episode_costs": [
    0.0,
    0.0,
    0.0,
    0.0,
    0.0,
    0.0,
    0.0,
    0.0,
    0.0,
    0.0,
    0.0,
    0.0,
    0.0,
    0.0,
    0.0,
    0.0,
    0.0,
    0.0,
    0.0,
    0.0,
    0.0,
    0.0,
    0.0,
    0.0,
    0.0,
    0.0,
    0.0,
    0.0,
    0.0,
    0.0,
    0.0,
    0.0,
    0.0,
    0.0,
    0.0,
    0.0,
    0.0,
    0.0,
    0.0,
    0.0,
    0.0,
    0.0,
    0.0,
    0.0,
    0.0,
    0.0,
    0.0,
    0.0,
    0.0,
    0.0,
    0.0,
    0.0,
    0.0,
    0.0,
    0.0,
    0.0,
    0.0,
    0.0,
    0.0,
    0.0,
    0.0,
    0.0,
    0.0,
    0.0,
    0.0,
    0.0,
    0.0,
    0.0,
    0.0,
    0.0,
    0.0,
    0.0,
    0.0,
    0.0,
    0.0,
    0.0,
    0.0,
    0.0,
    0.0,
    0.0,
    0.0,
    0.0,
    0.0,
    0.0,
    0.0,
    0.0,
    0.0,
    0.0,
    0.0,
    0.0,
    0.0,
    0.0,
    0.0,
    0.0,
    0.0,
    0.0,
    0.0,
    0.0,
    0.0,
    0.0
  ]
}