{
  "mean_return": 6682.450028905653,
  "std_return": 530.8857215831241,
  "se_return": 53.08857215831241,
  "mean_length": 1000.0,
  "mean_action_smoothness": 2.3331626534461973,
  "std_action_smoothness": 0.034452405661534846,
  "mean_action_magnitude": 2.024707863330841,
  "mean_cost": 0.0,
  "total_cost": 0.0,
  "feasibility_rate": 1.0,
  "policy_entropy": null,
  "q_value_variance": 3.443267583847046,
  "mean_recovery_ratio": 2.327876535580974,
  "std_recovery_ratio": 0.16525328372919243,
  "n_episodes": 100,
  "per_episode_returns": [
    6563.516514318784,
    6759.7126359086205,
    6779.002968153023,
    6765.538887223974,
    6646.400161009151,
    6997.4920531953185,
    6810.87106827812,
    6785.3264885814615,
    6588.2300934899595,
    6943.4440479766745,
    6888.467139608684,
    6745.082339433925,
    6874.241919988416,
    6753.813322485848,
    6621.294820079434,
    6768.781785597037,
    6811.6792585860985,
    6555.921896149584,
    6569.975807292001,
    6912.12503216648,
    6730.062478816408,
    6882.797051224957,
    6795.324324856995,
    6745.0061526845875,
    6794.522523102289,
    6722.300299753937,
    6660.420809073889,
    6795.425713160247,
    6781.618125453601,
    6824.867143634923,
    6604.35228356796,
    6921.2045428082665,
    6694.115816900796,
    6792.44837920636,
    6746.287614168765,
    6638.431243846329,
    6760.534885862772,
    6686.529311854438,
    6770.156906280742,
    6881.199683756116,
    6859.514564548592,
    6833.985090312845,
    6667.8449446707555,
    6901.849918417433,
    6782.479697315293,
    6681.130104009209,
    6780.361461483699,
    6719.474195654739,
    6822.710659235394,
    6832.307926950122,
    6916.836602490921,
    2801.1792607127772,
    6919.7622005298335,
    6689.84653558181,
    6364.425712521284,
    6818.77423699599,
    6915.4132962451895,
    6879.646847115266,
    6724.37300471028,
    6614.066755014183,
    6557.761821015362,
    6958.83494387831,
    6449.957898965065,
    6804.15149344404,
    6953.519798683741,
    6757.062941567216,
    6723.602775140354,
    6555.045262044608,
    6834.372445028209,
    6912.218647700725,
    6664.646054906594,
    6713.9635932526435,
    6834.313023364193,
    6826.06392621648,
    6817.887102218837,
    6691.636716955372,
    6806.31246836224,
    6842.704479266238,
    6672.002263481869,
    6643.220526143397,
    6697.535789167363,
    6800.030562694332,
    6580.344163060113,
    6638.546014576376,
    6732.692637790538,
    3324.9933938486056,
    6712.440973640791,
    6827.642795528632,
    6782.614282134001,
    6726.289058189329,
    6820.880297706014,
    6625.232237324549,
    6812.924166995671,
    6736.860841088327,
    6747.636553366841,
    6593.545216576621,
    6893.922521351193,
    6718.917877739268,
    6918.9983363616975,
    6639.170445737083
  ],
  "per_episode_smoothness": [
    2.3100173473358154,
    2.3511884212493896,
    2.353039026260376,
    2.3431501388549805,
    2.31601619720459,
    2.3416004180908203,
    2.3545124530792236,
    2.351992607116699,
    2.3331797122955322,
    2.323235273361206,
    2.3216280937194824,
    2.329329252243042,
    2.3309926986694336,
    2.3310701847076416,
    2.338402271270752,
    2.299949884414673,
    2.350731611251831,
    2.326749801635742,
    2.3395750522613525,
    2.3562824726104736,
    2.3251702785491943,
    2.3658487796783447,
    2.334803581237793,
    2.3367421627044678,
    2.317394971847534,
    2.319223403930664,
    2.321190118789673,
    2.352632999420166,
    2.347351312637329,
    2.3261215686798096,
    2.3518314361572266,
    2.3403360843658447,
    2.326488971710205,
    2.352231740951538,
    2.3516929149627686,
    2.3232669830322266,
    2.327272653579712,
    2.3529257774353027,
    2.340263843536377,
    2.3509700298309326,
    2.366668939590454,
    2.3337879180908203,
    2.3236939907073975,
    2.337519407272339,
    2.3436696529388428,
    2.31264066696167,
    2.320007562637329,
    2.3409366607666016,
    2.3585944175720215,
    2.329129934310913,
    2.341289758682251,
    2.0961496829986572,
    2.367091178894043,
    2.3102946281433105,
    2.303556442260742,
    2.3560025691986084,
    2.360020875930786,
    2.3357126712799072,
    2.334839344024658,
    2.3358123302459717,
    2.317426919937134,
    2.3514256477355957,
    2.3081343173980713,
    2.3488922119140625,
    2.3299460411071777,
    2.3355050086975098,
    2.335718870162964,
    2.3456623554229736,
    2.3481333255767822,
    2.363910436630249,
    2.3556301593780518,
    2.334935426712036,
    2.3597304821014404,
    2.348249912261963,
    2.334207057952881,
    2.318892240524292,
    2.352189064025879,
    2.348724126815796,
    2.3370518684387207,
    2.348037004470825,
    2.33594012260437,
    2.318325996398926,
    2.342933416366577,
    2.3674466609954834,
    2.315615653991699,
    2.1406078338623047,
    2.3246726989746094,
    2.3482940196990967,
    2.3335068225860596,
    2.350687265396118,
    2.3310742378234863,
    2.3119571208953857,
    2.326608180999756,
    2.3391966819763184,
    2.33788800239563,
    2.3278651237487793,
    2.3602404594421387,
    2.315609931945801,
    2.3434009552001953,
    2.348170518875122
  ],
  "per_episode_costs": [
    0.0,
    0.0,
    0.0,
    0.0,
    0.0,
    0.0,
    0.0,
    0.0,
    0.0,
    0.0,
    0.0,
    0.0,
    0.0,
    0.0,
    0.0,
    0.0,
    0.0,
    0.0,
    0.0,
    0.0,
    0.0,
    0.0,
    0.0,
    0.0,
    0.0,
    0.0,
    0.0,
    0.0,
    0.0,
    0.0,
    0.0,
    0.0,
    0.0,
    0.0,
    0.0,
    0.0,
    0.0,
    0.0,
    0.0,
    0.0,
    0.0,
    0.0,
    0.0,
    0.0,
    0.0,
    0.0,
    0.0,
    0.0,
    0.0,
    0.0,
    0.0,
    0.0,
    0.0,
    0.0,
    0.0,
    0.0,
    0.0,
    0.0,
    0.0,
    0.0,
    0.0,
    0.0,
    0.0,
    0.0,
    0.0,
    0.0,
    0.0,
    0.0,
    0.0,
    0.0,
    0.0,
    0.0,
    0.0,
    0.0,
    0.0,
    0.0,
    0.0,
    0.0,
    0.0,
    0.0,
    0.0,
    0.0,
    0.0,
    0.0,
    0.0,
    0.0,
    0.0,
    0.0,
    0.0,
    0.0,
    0.0,
    0.0,
    0.0,
    0.0,
    0.0,
    0.0,
    0.0,
    0.0,
    0.0,
    0.0
  ]
}