{
  "mean_return": 6741.213524271592,
  "std_return": 120.13712495776808,
  "se_return": 12.013712495776808,
  "mean_length": 1000.0,
  "mean_action_smoothness": 2.338152723312378,
  "std_action_smoothness": 0.016456441562170965,
  "mean_action_magnitude": 2.0265967631340027,
  "mean_cost": 0.0,
  "total_cost": 0.0,
  "feasibility_rate": 1.0,
  "policy_entropy": null,
  "q_value_variance": 3.8846726417541504,
  "mean_recovery_ratio": 2.319458554930141,
  "std_recovery_ratio": 0.20342764641239525,
  "n_episodes": 100,
  "per_episode_returns": [
    6541.185439313054,
    6714.43316640177,
    6743.3109692068765,
    6741.440079543997,
    6872.9287421108265,
    6748.499003540032,
    6850.77403610506,
    6594.591269283982,
    6660.585157726096,
    6548.615623044807,
    6823.900322507854,
    6858.895820680233,
    6850.184419316145,
    6770.629791566249,
    6689.664893952643,
    6924.670309986356,
    6760.656832761881,
    6789.406421218853,
    6826.995448369651,
    6652.407998154589,
    6653.797509022061,
    6541.4045578846335,
    6921.167879775112,
    6643.238804564874,
    6776.743367357262,
    6852.451197131249,
    6903.642543262796,
    6533.364112351125,
    6641.057497833234,
    6724.165763905463,
    6807.717624156464,
    6869.8183246715325,
    6564.516174307997,
    6705.598116339836,
    6810.257569223941,
    6788.064670022103,
    6650.9537437299705,
    6864.698732050593,
    6783.334518491856,
    6689.573490322531,
    6360.796786636807,
    6897.556057004675,
    6633.611218138093,
    6803.751071392671,
    6706.429519929618,
    6919.897776841187,
    6509.902200443498,
    6730.009884783571,
    6478.125774094601,
    6938.775201861019,
    6959.609177517014,
    6578.646091872076,
    6646.71054188428,
    6631.82434434493,
    6675.249994278309,
    6755.740238324378,
    6868.972001388653,
    6735.379827638138,
    6818.105409478582,
    6692.8182506749545,
    6797.917598871728,
    6650.095840847977,
    6787.215553251275,
    6546.577971247485,
    6772.358191544876,
    6801.149664331059,
    6574.227724243007,
    6766.497303671441,
    6821.036322539615,
    6793.439843009544,
    6778.108486653339,
    6623.448043526781,
    6718.146321051605,
    6772.558000790659,
    6797.286410867548,
    6750.7570842756395,
    6691.816691296542,
    6917.534738768312,
    6715.582374137928,
    6665.067508239713,
    6873.634913028533,
    6885.429014025832,
    6734.951887030246,
    6711.6191650843275,
    6841.590215034026,
    6752.869761590918,
    6431.266921062245,
    6679.95280584514,
    6810.597678384661,
    6952.650505116091,
    6692.6567905634,
    6764.286354460438,
    6646.4130470059345,
    6944.658957169494,
    6840.463647589858,
    6784.421994405115,
    6821.22213423839,
    6752.5087827148045,
    6614.741634823143,
    6813.341235097977
  ],
  "per_episode_smoothness": [
    2.334010362625122,
    2.3271684646606445,
    2.3510355949401855,
    2.3187103271484375,
    2.352161407470703,
    2.3366477489471436,
    2.3429126739501953,
    2.332144260406494,
    2.3515243530273438,
    2.320358991622925,
    2.3320276737213135,
    2.3310375213623047,
    2.347686290740967,
    2.321815013885498,
    2.3559820652008057,
    2.354440212249756,
    2.3339591026306152,
    2.3460984230041504,
    2.33957839012146,
    2.3042349815368652,
    2.3337173461914062,
    2.3446948528289795,
    2.337067127227783,
    2.3305463790893555,
    2.317103862762451,
    2.335963010787964,
    2.3563432693481445,
    2.317517042160034,
    2.323906660079956,
    2.3025734424591064,
    2.323704242706299,
    2.322197675704956,
    2.3510046005249023,
    2.317260265350342,
    2.336463212966919,
    2.352945327758789,
    2.353135824203491,
    2.365360975265503,
    2.346848249435425,
    2.347343921661377,
    2.3151144981384277,
    2.343916654586792,
    2.3220207691192627,
    2.328874111175537,
    2.342160940170288,
    2.3323309421539307,
    2.3081021308898926,
    2.3302154541015625,
    2.3083412647247314,
    2.3396859169006348,
    2.3696205615997314,
    2.3236443996429443,
    2.3377327919006348,
    2.303830146789551,
    2.333524465560913,
    2.3621883392333984,
    2.344630241394043,
    2.3482842445373535,
    2.3373684883117676,
    2.3506250381469727,
    2.347119092941284,
    2.3287320137023926,
    2.3430416584014893,
    2.3042993545532227,
    2.321923017501831,
    2.352355718612671,
    2.3100030422210693,
    2.342705011367798,
    2.359346866607666,
    2.3311686515808105,
    2.3194386959075928,
    2.335721015930176,
    2.3451638221740723,
    2.3479087352752686,
    2.3364145755767822,
    2.363483190536499,
    2.338085651397705,
    2.3216326236724854,
    2.323216199874878,
    2.3567111492156982,
    2.3487749099731445,
    2.361044406890869,
    2.317293882369995,
    2.3553268909454346,
    2.37093186378479,
    2.3265867233276367,
    2.3467090129852295,
    2.3487563133239746,
    2.341853141784668,
    2.3378183841705322,
    2.3382816314697266,
    2.3517706394195557,
    2.341602325439453,
    2.362637519836426,
    2.3755316734313965,
    2.321898937225342,
    2.3717994689941406,
    2.3628249168395996,
    2.3384780883789062,
    2.3354389667510986
  ],
  "per_episode_costs": [
    0.0,
    0.0,
    0.0,
    0.0,
    0.0,
    0.0,
    0.0,
    0.0,
    0.0,
    0.0,
    0.0,
    0.0,
    0.0,
    0.0,
    0.0,
    0.0,
    0.0,
    0.0,
    0.0,
    0.0,
    0.0,
    0.0,
    0.0,
    0.0,
    0.0,
    0.0,
    0.0,
    0.0,
    0.0,
    0.0,
    0.0,
    0.0,
    0.0,
    0.0,
    0.0,
    0.0,
    0.0,
    0.0,
    0.0,
    0.0,
    0.0,
    0.0,
    0.0,
    0.0,
    0.0,
    0.0,
    0.0,
    0.0,
    0.0,
    0.0,
    0.0,
    0.0,
    0.0,
    0.0,
    0.0,
    0.0,
    0.0,
    0.0,
    0.0,
    0.0,
    0.0,
    0.0,
    0.0,
    0.0,
    0.0,
    0.0,
    0.0,
    0.0,
    0.0,
    0.0,
    0.0,
    0.0,
    0.0,
    0.0,
    0.0,
    0.0,
    0.0,
    0.0,
    0.0,
    0.0,
    0.0,
    0.0,
    0.0,
    0.0,
    0.0,
    0.0,
    0.0,
    0.0,
    0.0,
    0.0,
    0.0,
    0.0,
    0.0,
    0.0,
    0.0,
    0.0,
    0.0,
    0.0,
    0.0,
    0.0
  ]
}