{
  "mean_return": 1307.7262269761395,
  "std_return": 40.04754548973735,
  "se_return": 4.004754548973735,
  "mean_length": 1000.0,
  "mean_action_smoothness": 1.894257961511612,
  "std_action_smoothness": 0.014732047324617812,
  "mean_action_magnitude": 1.585193121433258,
  "mean_cost": 0.0,
  "total_cost": 0.0,
  "feasibility_rate": 1.0,
  "policy_entropy": 4.918056011199951,
  "q_value_variance": null,
  "mean_recovery_ratio": 2.5574692127445697,
  "std_recovery_ratio": 1.0303491878041913,
  "n_episodes": 100,
  "per_episode_returns": [
    1311.2427940997454,
    1323.6167314549389,
    1301.832104793637,
    1243.5588259873898,
    1311.7448382518928,
    1267.4187390654035,
    1291.6009110237064,
    1319.381833417757,
    1319.045785101009,
    1323.3623767873266,
    1304.128838357456,
    1292.2446509403394,
    1315.2035698190841,
    1326.9829563050184,
    1347.4463158040662,
    1284.32927496629,
    1347.2479844768163,
    1359.7454818456376,
    1339.2313282785901,
    1371.2558068975711,
    1325.4853315572725,
    1260.5718308216756,
    1265.332895791288,
    1260.3890811276003,
    1366.1625977201707,
    1382.7032908144802,
    1152.0229038835773,
    1324.8594680994327,
    1345.8556950941736,
    1257.7132527853767,
    1302.8098108782403,
    1279.3538596115677,
    1310.147439112618,
    1266.3238480710843,
    1262.3002673527285,
    1324.8851543752025,
    1290.8564745209835,
    1296.802170997281,
    1334.1197836420195,
    1267.4172422286751,
    1357.589613767901,
    1338.3297822418144,
    1338.8309120487716,
    1304.0091270946464,
    1287.0051149249634,
    1350.8033600086444,
    1306.2073589356369,
    1367.0518086142451,
    1251.5269538545049,
    1282.7809656008233,
    1321.453687726971,
    1316.6590721315292,
    1342.59569238603,
    1270.4835341113335,
    1305.0858255989301,
    1286.8730924332278,
    1290.935392624277,
    1334.998168166391,
    1342.8997809244559,
    1328.7492273366952,
    1382.0951330592081,
    1312.5841558070765,
    1328.7615499603698,
    1302.3617259124744,
    1258.5298141604953,
    1320.0326539815678,
    1284.784391250439,
    1302.1780305498635,
    1265.3811462323713,
    1293.7712555960377,
    1238.946218694221,
    1330.304331948899,
    1320.5020234779317,
    1315.3142127170665,
    1330.5966546961356,
    1256.2742883456838,
    1254.042814502207,
    1380.9418052538917,
    1337.8101640634752,
    1318.0798688597458,
    1361.5825901203084,
    1331.0387172053347,
    1308.4005724566816,
    1264.1382585755757,
    1338.6843117196038,
    1260.735997893911,
    1323.305019441981,
    1337.590562702992,
    1317.2036235364856,
    1301.2657067949917,
    1334.3149773972011,
    1277.6233890353558,
    1354.4410412988157,
    1335.1599499608076,
    1313.35773976662,
    1278.6169328952603,
    1259.0954301313045,
    1162.7352319107217,
    1346.362791873437,
    1332.0755971364936
  ],
  "per_episode_smoothness": [
    1.902767300605774,
    1.9120911359786987,
    1.8967576026916504,
    1.8820393085479736,
    1.8867648839950562,
    1.8932541608810425,
    1.8985562324523926,
    1.9054443836212158,
    1.8825534582138062,
    1.8636748790740967,
    1.8778140544891357,
    1.8981398344039917,
    1.8898159265518188,
    1.915443778038025,
    1.8985652923583984,
    1.9086921215057373,
    1.8955273628234863,
    1.9033129215240479,
    1.8978065252304077,
    1.9085394144058228,
    1.9009126424789429,
    1.9247568845748901,
    1.8931902647018433,
    1.8951793909072876,
    1.885926604270935,
    1.8889089822769165,
    1.8513413667678833,
    1.8711354732513428,
    1.8777360916137695,
    1.9083322286605835,
    1.9043633937835693,
    1.9014179706573486,
    1.8964425325393677,
    1.8784483671188354,
    1.902960181236267,
    1.8801010847091675,
    1.884827733039856,
    1.894920825958252,
    1.885585069656372,
    1.8971493244171143,
    1.887735366821289,
    1.9087870121002197,
    1.908669114112854,
    1.9300390481948853,
    1.874532699584961,
    1.8801294565200806,
    1.892707109451294,
    1.8779547214508057,
    1.9192718267440796,
    1.898077368736267,
    1.9005579948425293,
    1.9031240940093994,
    1.9158726930618286,
    1.9136929512023926,
    1.8843259811401367,
    1.881996750831604,
    1.8999544382095337,
    1.88093101978302,
    1.8859249353408813,
    1.9043768644332886,
    1.8872184753417969,
    1.8719974756240845,
    1.9024962186813354,
    1.887312889099121,
    1.912227749824524,
    1.882752776145935,
    1.9095672369003296,
    1.9003280401229858,
    1.909613013267517,
    1.8999067544937134,
    1.8730524778366089,
    1.8997079133987427,
    1.899433970451355,
    1.9055745601654053,
    1.924126386642456,
    1.8569951057434082,
    1.9076303243637085,
    1.884932279586792,
    1.8843860626220703,
    1.9026793241500854,
    1.8922061920166016,
    1.8902091979980469,
    1.900072455406189,
    1.8941155672073364,
    1.851123332977295,
    1.9135332107543945,
    1.8752968311309814,
    1.9034019708633423,
    1.8926644325256348,
    1.8822516202926636,
    1.898758888244629,
    1.9139418601989746,
    1.903425931930542,
    1.8840758800506592,
    1.8867392539978027,
    1.8849430084228516,
    1.8979922533035278,
    1.903032660484314,
    1.879112720489502,
    1.887101411819458
  ],
  "per_episode_costs": [
    0.0,
    0.0,
    0.0,
    0.0,
    0.0,
    0.0,
    0.0,
    0.0,
    0.0,
    0.0,
    0.0,
    0.0,
    0.0,
    0.0,
    0.0,
    0.0,
    0.0,
    0.0,
    0.0,
    0.0,
    0.0,
    0.0,
    0.0,
    0.0,
    0.0,
    0.0,
    0.0,
    0.0,
    0.0,
    0.0,
    0.0,
    0.0,
    0.0,
    0.0,
    0.0,
    0.0,
    0.0,
    0.0,
    0.0,
    0.0,
    0.0,
    0.0,
    0.0,
    0.0,
    0.0,
    0.0,
    0.0,
    0.0,
    0.0,
    0.0,
    0.0,
    0.0,
    0.0,
    0.0,
    0.0,
    0.0,
    0.0,
    0.0,
    0.0,
    0.0,
    0.0,
    0.0,
    0.0,
    0.0,
    0.0,
    0.0,
    0.0,
    0.0,
    0.0,
    0.0,
    0.0,
    0.0,
    0.0,
    0.0,
    0.0,
    0.0,
    0.0,
    0.0,
    0.0,
    0.0,
    0.0,
    0.0,
    0.0,
    0.0,
    0.0,
    0.0,
    0.0,
    0.0,
    0.0,
    0.0,
    0.0,
    0.0,
    0.0,
    0.0,
    0.0,
    0.0,
    0.0,
    0.0,
    0.0,
    0.0
  ]
}