{
  "mean_return": 2100.3978779409854,
  "std_return": 229.9006504814935,
  "se_return": 22.99006504814935,
  "mean_length": 609.99,
  "mean_action_smoothness": 0.10723967500030994,
  "std_action_smoothness": 0.002595620554490562,
  "mean_action_magnitude": 0.7895261871814728,
  "mean_cost": 0.0,
  "total_cost": 0.0,
  "feasibility_rate": 1.0,
  "policy_entropy": 2.686521530151367,
  "q_value_variance": null,
  "mean_recovery_ratio": 2.193781492499909,
  "std_recovery_ratio": 0.027054929744805792,
  "n_episodes": 100,
  "per_episode_returns": [
    2184.35423625593,
    2229.792612847311,
    2031.7200250260432,
    2108.0552068728894,
    1920.6928130238916,
    2108.4488647675503,
    2104.4525810613336,
    2161.0724088221323,
    1850.9334815336067,
    1811.6934380508565,
    2118.3791412767173,
    2049.846058007973,
    2780.7366051147114,
    2086.6109294207713,
    2024.7850359943864,
    1909.7536383710212,
    1974.0488719391774,
    1875.9784164187572,
    1836.5898915615262,
    2219.940235225634,
    2057.8020712095235,
    2049.7645795735352,
    1959.8724111934378,
    1952.359696034437,
    2381.627225926933,
    2368.496965080386,
    1809.5343152180735,
    2204.5074955753685,
    2404.1590297423586,
    2208.8589173381,
    2255.421395361594,
    2259.5788696431646,
    1974.4621469151225,
    2922.1345447004937,
    1831.8975660472122,
    1835.394420305179,
    2155.9827190690207,
    2104.227864928585,
    2277.9264908715572,
    2101.527892106155,
    1822.540090239434,
    1882.0481204616904,
    2070.597056692914,
    1906.470164668453,
    2044.5698799688498,
    2213.696707598739,
    2642.8342096072847,
    1865.6458841634055,
    2488.6620344638027,
    1827.5386629089608,
    2107.6616638811897,
    2097.1329439119986,
    1941.2878656797645,
    2025.618381058654,
    2161.354780254755,
    2349.8032426036702,
    1865.206217151606,
    2039.0264891915006,
    2565.099968057072,
    1900.6363867953623,
    1840.1590681439914,
    1957.7691894628801,
    2205.155665622963,
    2086.105478047911,
    2094.537395359151,
    2106.8698208121396,
    2104.379276462919,
    2063.208762651345,
    1908.4850751161002,
    1834.4360852439713,
    2037.0367304488977,
    1974.0298228042138,
    2186.8834750481415,
    1928.050475557151,
    1974.4389277589519,
    2679.208219098879,
    2725.379651527124,
    2040.5832685110122,
    1830.3491691855497,
    1885.0852848244735,
    2226.0198150205597,
    2000.4981342787833,
    1865.9238214711702,
    2113.544323579259,
    1887.2074818272233,
    2176.8194953447605,
    2376.181870809948,
    2106.152089656657,
    1827.3429623469092,
    2165.298028521759,
    1969.5529957468598,
    2245.6010869300326,
    2077.825825505946,
    2560.524091701483,
    2452.662287556808,
    2278.4226135762615,
    2078.4452517300547,
    1949.6356491741726,
    1798.5422666574914,
    2100.5850031830237
  ],
  "per_episode_smoothness": [
    0.10969391465187073,
    0.10766669362783432,
    0.10352054983377457,
    0.10937579721212387,
    0.10786699503660202,
    0.11072506755590439,
    0.10911715030670166,
    0.11231476068496704,
    0.10904491692781448,
    0.10851509869098663,
    0.1071283221244812,
    0.10311302542686462,
    0.10750818252563477,
    0.10466722398996353,
    0.10317116975784302,
    0.10745356231927872,
    0.10658127069473267,
    0.11004041135311127,
    0.1102249026298523,
    0.10968343913555145,
    0.10187841206789017,
    0.1032918319106102,
    0.1074494943022728,
    0.1084846779704094,
    0.11004942655563354,
    0.1051924005150795,
    0.10882982611656189,
    0.10822703689336777,
    0.10653255134820938,
    0.10926391184329987,
    0.10694970935583115,
    0.10546180605888367,
    0.10622221231460571,
    0.10395463556051254,
    0.10836490243673325,
    0.1102103516459465,
    0.11024792492389679,
    0.10883152484893799,
    0.10602173954248428,
    0.1098218634724617,
    0.10777822136878967,
    0.11210517585277557,
    0.10146059840917587,
    0.10934784263372421,
    0.10416246205568314,
    0.10880142450332642,
    0.10346337407827377,
    0.11055967211723328,
    0.1076584905385971,
    0.10859700292348862,
    0.10964491218328476,
    0.10415606945753098,
    0.10865245759487152,
    0.10464737564325333,
    0.10835558921098709,
    0.10302648693323135,
    0.11023049056529999,
    0.10450179874897003,
    0.10544023662805557,
    0.10844867676496506,
    0.10896942019462585,
    0.10742951929569244,
    0.10746336728334427,
    0.10523952543735504,
    0.10302917659282684,
    0.10899269580841064,
    0.10988665372133255,
    0.10207107663154602,
    0.10901371389627457,
    0.10785169899463654,
    0.10304021090269089,
    0.10617996007204056,
    0.10836945474147797,
    0.10872334986925125,
    0.10627768188714981,
    0.10915885120630264,
    0.10927027463912964,
    0.10304417461156845,
    0.10651548951864243,
    0.10896559804677963,
    0.10906149446964264,
    0.10551208257675171,
    0.1109798476099968,
    0.10708662122488022,
    0.11083614081144333,
    0.1086987555027008,
    0.10239382833242416,
    0.10849405080080032,
    0.10796502232551575,
    0.11024725437164307,
    0.10653139650821686,
    0.10639841109514236,
    0.10422833263874054,
    0.10506070405244827,
    0.10808582603931427,
    0.10644123703241348,
    0.10242035239934921,
    0.10593434423208237,
    0.11131895333528519,
    0.10304389894008636
  ],
  "per_episode_costs": [
    0.0,
    0.0,
    0.0,
    0.0,
    0.0,
    0.0,
    0.0,
    0.0,
    0.0,
    0.0,
    0.0,
    0.0,
    0.0,
    0.0,
    0.0,
    0.0,
    0.0,
    0.0,
    0.0,
    0.0,
    0.0,
    0.0,
    0.0,
    0.0,
    0.0,
    0.0,
    0.0,
    0.0,
    0.0,
    0.0,
    0.0,
    0.0,
    0.0,
    0.0,
    0.0,
    0.0,
    0.0,
    0.0,
    0.0,
    0.0,
    0.0,
    0.0,
    0.0,
    0.0,
    0.0,
    0.0,
    0.0,
    0.0,
    0.0,
    0.0,
    0.0,
    0.0,
    0.0,
    0.0,
    0.0,
    0.0,
    0.0,
    0.0,
    0.0,
    0.0,
    0.0,
    0.0,
    0.0,
    0.0,
    0.0,
    0.0,
    0.0,
    0.0,
    0.0,
    0.0,
    0.0,
    0.0,
    0.0,
    0.0,
    0.0,
    0.0,
    0.0,
    0.0,
    0.0,
    0.0,
    0.0,
    0.0,
    0.0,
    0.0,
    0.0,
    0.0,
    0.0,
    0.0,
    0.0,
    0.0,
    0.0,
    0.0,
    0.0,
    0.0,
    0.0,
    0.0,
    0.0,
    0.0,
    0.0,
    0.0
  ]
}