{
  "mean_return": 2153.515389229343,
  "std_return": 269.8827184768348,
  "se_return": 26.988271847683478,
  "mean_length": 624.86,
  "mean_action_smoothness": 0.10717461466789245,
  "std_action_smoothness": 0.002247754878537006,
  "mean_action_magnitude": 0.7904513031244278,
  "mean_cost": 0.0,
  "total_cost": 0.0,
  "feasibility_rate": 1.0,
  "policy_entropy": 2.686521530151367,
  "q_value_variance": null,
  "mean_recovery_ratio": 2.197699105341841,
  "std_recovery_ratio": 0.014112425108010853,
  "n_episodes": 100,
  "per_episode_returns": [
    1954.3231012395709,
    2099.2497557658157,
    2865.4400602550286,
    1811.1116325165976,
    2123.5720019271516,
    1882.2085218345658,
    2009.8731636807015,
    2843.263506007393,
    2393.308679842809,
    2161.647060149332,
    2100.446772167405,
    1884.2024327809656,
    2110.784271571371,
    2343.5603255123983,
    2015.6413593025197,
    1958.3367897906173,
    1934.0452278805938,
    2079.1935707155585,
    1989.1242307509367,
    1968.4308436675185,
    2136.94656274427,
    1930.2217689101115,
    2168.9099520113273,
    2557.0618965374315,
    2387.458671937808,
    1953.2644771094804,
    2369.0659527253647,
    2325.4265431825593,
    2189.356172646367,
    1824.9716749673905,
    1826.774073364582,
    2394.890179756398,
    2537.5236269550987,
    1990.1238264531364,
    1861.052718211034,
    2160.482576065546,
    1969.9913962091093,
    2059.436497564,
    2723.7341120801707,
    2261.54166962976,
    1972.7023119052765,
    2054.671560624482,
    1819.8213191711409,
    1792.4104905649542,
    2108.0592403042588,
    2140.3677532586885,
    2150.5081831065086,
    1957.696052312263,
    1824.392582804658,
    2587.3128977250626,
    2297.4345101069666,
    2396.1368453513,
    1916.9928111733582,
    2296.794146424436,
    2799.0997275202553,
    2155.15535122715,
    2293.57489826081,
    2214.9581615838056,
    1916.7278580017764,
    2098.0165162777434,
    2294.1321238722403,
    1950.7278840057277,
    2099.9194148013426,
    2105.554264620073,
    2501.8230028830767,
    2345.342698478896,
    1944.399063048317,
    1813.8412785070796,
    1922.0851108343936,
    1825.5052742448975,
    1954.948972640858,
    2217.4055561578366,
    1882.8663660551451,
    2561.516394290343,
    2200.0685017892883,
    2044.5978385026522,
    2290.160648787133,
    2727.247702300297,
    2103.496719827434,
    2882.4518270387784,
    2198.5588462302435,
    1826.2338764916144,
    2045.177555777212,
    2149.6951549347514,
    1934.3875939788072,
    2138.3679969777413,
    2107.149144890403,
    2482.3562129784223,
    1977.0768836768339,
    2166.2451493660346,
    1851.8772371775785,
    1828.7063790249001,
    2791.884121546559,
    2357.6841262642006,
    2311.7463955931566,
    2283.1047954284004,
    1817.729159502399,
    1881.1863301979179,
    2594.189476786946,
    1991.2609692996502
  ],
  "per_episode_smoothness": [
    0.10676808655261993,
    0.11128787696361542,
    0.10632672905921936,
    0.10314876586198807,
    0.11272910982370377,
    0.11012404412031174,
    0.10478224605321884,
    0.10666818916797638,
    0.10907662659883499,
    0.10962146520614624,
    0.10864061862230301,
    0.10958894342184067,
    0.108615443110466,
    0.10372985154390335,
    0.1042521744966507,
    0.10737310349941254,
    0.10851327329874039,
    0.10332127660512924,
    0.10604778677225113,
    0.10686564445495605,
    0.10739665478467941,
    0.10750865191221237,
    0.10966046899557114,
    0.10761670768260956,
    0.10973767936229706,
    0.10753566771745682,
    0.10327661782503128,
    0.10410529375076294,
    0.10881613194942474,
    0.10638053715229034,
    0.1085466518998146,
    0.10881521552801132,
    0.10645584017038345,
    0.10553129017353058,
    0.11147578060626984,
    0.10922735184431076,
    0.10650929063558578,
    0.10227909684181213,
    0.1086120679974556,
    0.10591461509466171,
    0.10527095198631287,
    0.10281683504581451,
    0.10799336433410645,
    0.10459212213754654,
    0.10932502150535583,
    0.11105812340974808,
    0.10975988954305649,
    0.10731224715709686,
    0.1082259938120842,
    0.10554388165473938,
    0.1052701398730278,
    0.10768231749534607,
    0.10760626196861267,
    0.10454089939594269,
    0.10706411302089691,
    0.11012576520442963,
    0.10456892102956772,
    0.10792269557714462,
    0.10684986412525177,
    0.10349016636610031,
    0.10547197610139847,
    0.10788428783416748,
    0.10992394387722015,
    0.11015477776527405,
    0.10647878795862198,
    0.10430723428726196,
    0.10779612511396408,
    0.10912879556417465,
    0.10796664655208588,
    0.10732593387365341,
    0.10604801774024963,
    0.1065603718161583,
    0.1094394102692604,
    0.10532663762569427,
    0.10827776044607162,
    0.10244668275117874,
    0.10624532401561737,
    0.10994316637516022,
    0.11067309230566025,
    0.10473273694515228,
    0.10861550271511078,
    0.10788064450025558,
    0.10359761863946915,
    0.10787174105644226,
    0.10598674416542053,
    0.10962100327014923,
    0.1080157607793808,
    0.10720720142126083,
    0.10579196363687515,
    0.10862712562084198,
    0.10883506387472153,
    0.1072104424238205,
    0.10777111351490021,
    0.10436123609542847,
    0.10364393144845963,
    0.10545920580625534,
    0.11027230322360992,
    0.10926288366317749,
    0.10610132664442062,
    0.10529450327157974
  ],
  "per_episode_costs": [
    0.0,
    0.0,
    0.0,
    0.0,
    0.0,
    0.0,
    0.0,
    0.0,
    0.0,
    0.0,
    0.0,
    0.0,
    0.0,
    0.0,
    0.0,
    0.0,
    0.0,
    0.0,
    0.0,
    0.0,
    0.0,
    0.0,
    0.0,
    0.0,
    0.0,
    0.0,
    0.0,
    0.0,
    0.0,
    0.0,
    0.0,
    0.0,
    0.0,
    0.0,
    0.0,
    0.0,
    0.0,
    0.0,
    0.0,
    0.0,
    0.0,
    0.0,
    0.0,
    0.0,
    0.0,
    0.0,
    0.0,
    0.0,
    0.0,
    0.0,
    0.0,
    0.0,
    0.0,
    0.0,
    0.0,
    0.0,
    0.0,
    0.0,
    0.0,
    0.0,
    0.0,
    0.0,
    0.0,
    0.0,
    0.0,
    0.0,
    0.0,
    0.0,
    0.0,
    0.0,
    0.0,
    0.0,
    0.0,
    0.0,
    0.0,
    0.0,
    0.0,
    0.0,
    0.0,
    0.0,
    0.0,
    0.0,
    0.0,
    0.0,
    0.0,
    0.0,
    0.0,
    0.0,
    0.0,
    0.0,
    0.0,
    0.0,
    0.0,
    0.0,
    0.0,
    0.0,
    0.0,
    0.0,
    0.0,
    0.0
  ]
}