{
  "mean_return": 27.072157778780284,
  "std_return": 1.3217154127701036,
  "se_return": 0.13217154127701036,
  "mean_length": 1000.0,
  "mean_action_smoothness": 0.12348613680903982,
  "std_action_smoothness": 0.016690007613224513,
  "mean_action_magnitude": 1.050175553223134,
  "mean_cost": 55.57,
  "total_cost": 5557.0,
  "feasibility_rate": 0.06,
  "policy_entropy": 1.7343318462371826,
  "q_value_variance": null,
  "mean_recovery_ratio": 2.4008531088600096,
  "std_recovery_ratio": 3.000097211240331,
  "n_episodes": 100,
  "per_episode_returns": [
    27.248145814757216,
    25.614198382854344,
    26.91494563688656,
    25.340426957701272,
    29.78536402307264,
    26.874113833490444,
    28.393234910714785,
    27.26441582610534,
    26.64073499156058,
    26.43444518333189,
    25.458994408828932,
    27.35987869678784,
    26.50815067230485,
    26.58862403232941,
    27.545518552064994,
    25.93727772772913,
    28.946860354621123,
    27.998298730143134,
    26.209270478111392,
    27.892964427237906,
    30.847440391120063,
    27.815533371143452,
    26.74249052041773,
    25.534581770811364,
    28.301085680652903,
    22.20592686409952,
    27.568361956401986,
    27.435222220517634,
    25.476495356146557,
    27.208209808289027,
    28.646407093348067,
    27.730852354769453,
    28.34946044447318,
    26.319242499312274,
    27.440104450939184,
    24.917394590673688,
    26.46936926913442,
    27.170516913590372,
    28.291313322908593,
    27.787909251045445,
    26.495030982363286,
    29.096648489853454,
    26.66319078294205,
    26.42339040932927,
    25.766057761872684,
    27.3816991786146,
    28.155166005902903,
    27.695161794861153,
    28.116614758465428,
    27.092790226492717,
    28.853800791553343,
    27.274852781007464,
    26.026093437177263,
    27.588904223599833,
    27.09730962049786,
    26.52558664302069,
    28.631745007688753,
    26.137142859738447,
    25.538895743698415,
    27.169612146344758,
    24.898162387466357,
    26.575368017233533,
    25.274125776066533,
    27.970030373271992,
    25.56998703364143,
    26.79762920000839,
    27.702936736887775,
    26.163399908271636,
    26.098223767272962,
    28.6986456166617,
    29.101659374738368,
    27.490131569239793,
    24.764548045068373,
    27.189369844772806,
    25.65474438327649,
    26.34689024870162,
    25.7491204999899,
    26.083356516849182,
    25.998338732917535,
    28.093240556150317,
    28.648720586160767,
    27.11182606292653,
    26.672285327688876,
    27.74447725228361,
    27.490392068578156,
    27.94730470886651,
    27.05339662312044,
    26.635599660561834,
    29.945254865647577,
    29.155587795060566,
    27.625483748776652,
    26.748490903069072,
    27.183222208512092,
    28.22834085816979,
    29.42612131324331,
    25.06920099655149,
    25.764170531467002,
    26.382778289395702,
    24.672961634488498,
    28.546778439519894
  ],
  "per_episode_smoothness": [
    0.15548778668444765,
    0.0990822099276226,
    0.09508125327002921,
    0.13663071044191602,
    0.1419791100493155,
    0.0994098689356882,
    0.14293037704048725,
    0.1148819467996707,
    0.11598507785751497,
    0.12081804377248623,
    0.11535033741743039,
    0.1048023235269265,
    0.12724597785315775,
    0.11516353107246975,
    0.13564290315003263,
    0.11869466830384019,
    0.1354070558986941,
    0.1309808986297367,
    0.11035536648181501,
    0.11876188293985447,
    0.13433132048667557,
    0.1525070948769556,
    0.12636600226285905,
    0.12235631590498999,
    0.12458268644595767,
    0.09674014563043112,
    0.1276428134783246,
    0.11577175040139384,
    0.11996587457550284,
    0.13371027385057094,
    0.14464355061023104,
    0.1392432895503845,
    0.11864303784249972,
    0.09882224636903039,
    0.10609890547012361,
    0.11097381866841383,
    0.1253720113763945,
    0.13426113658786132,
    0.1445874827880053,
    0.13484328510293142,
    0.13738723784841844,
    0.11891169867574172,
    0.11815560733671157,
    0.15599145398089773,
    0.09780964046563972,
    0.15853325730552068,
    0.1485861463916034,
    0.1290741230195486,
    0.11195024108311119,
    0.0953498178128069,
    0.12742592204342454,
    0.14178096974924917,
    0.14138433893532612,
    0.08281951627205289,
    0.11428701427569789,
    0.10903509279393567,
    0.12041740969321234,
    0.11990549458628673,
    0.11890473776521071,
    0.11104140865789178,
    0.12126745709360896,
    0.14146921438536567,
    0.11885352669229612,
    0.14142578727166005,
    0.11996942056843511,
    0.10625739871654478,
    0.11136797325480588,
    0.09652959300616548,
    0.10407860640600902,
    0.12172349822131098,
    0.13641370266481562,
    0.11588700794228134,
    0.11120412037020588,
    0.1284932238262021,
    0.11875389273993836,
    0.09993132335239423,
    0.11238334396017072,
    0.0858285492736421,
    0.12086888416858795,
    0.13379239459237127,
    0.1245450796398447,
    0.11230627078611354,
    0.13959744982309,
    0.11419667187924724,
    0.13451724173730628,
    0.13058083267563664,
    0.13935551696359563,
    0.1239583865053154,
    0.11783396616075549,
    0.16270515666759072,
    0.13656886516649566,
    0.12390390309979972,
    0.13463233417540618,
    0.11089505992453222,
    0.14331863285531724,
    0.13593849896379054,
    0.10306519921592688,
    0.15930748285481422,
    0.14458916728467783,
    0.10539354499295439
  ],
  "per_episode_costs": [
    66.0,
    85.0,
    54.0,
    137.0,
    58.0,
    28.0,
    25.0,
    85.0,
    64.0,
    57.0,
    99.0,
    25.0,
    86.0,
    27.0,
    13.0,
    63.0,
    97.0,
    59.0,
    0.0,
    0.0,
    46.0,
    33.0,
    81.0,
    117.0,
    41.0,
    64.0,
    42.0,
    53.0,
    34.0,
    92.0,
    17.0,
    67.0,
    78.0,
    79.0,
    0.0,
    36.0,
    125.0,
    55.0,
    56.0,
    39.0,
    52.0,
    33.0,
    112.0,
    87.0,
    98.0,
    75.0,
    47.0,
    33.0,
    9.0,
    51.0,
    59.0,
    55.0,
    29.0,
    11.0,
    115.0,
    86.0,
    43.0,
    68.0,
    81.0,
    56.0,
    94.0,
    105.0,
    42.0,
    100.0,
    39.0,
    32.0,
    41.0,
    31.0,
    29.0,
    14.0,
    47.0,
    14.0,
    0.0,
    78.0,
    72.0,
    95.0,
    12.0,
    0.0,
    18.0,
    0.0,
    70.0,
    38.0,
    96.0,
    26.0,
    47.0,
    75.0,
    95.0,
    17.0,
    42.0,
    81.0,
    66.0,
    57.0,
    45.0,
    16.0,
    66.0,
    127.0,
    27.0,
    87.0,
    65.0,
    68.0
  ]
}