{
  "mean_return": 3067.6302309057146,
  "std_return": 14.060893194689983,
  "se_return": 1.4060893194689983,
  "mean_length": 1000.0,
  "mean_action_smoothness": 0.3660438731312752,
  "std_action_smoothness": 0.00635575273166374,
  "mean_action_magnitude": 0.7503608000278473,
  "mean_cost": 0.0,
  "total_cost": 0.0,
  "feasibility_rate": 1.0,
  "policy_entropy": null,
  "q_value_variance": 0.6491957902908325,
  "mean_recovery_ratio": 1.7711437321031003,
  "std_recovery_ratio": 0.012926977098315107,
  "n_episodes": 100,
  "per_episode_returns": [
    3075.158599383232,
    3058.587312398336,
    3086.6420297583163,
    3076.781588356749,
    3086.3912243358823,
    3080.639670493348,
    3075.720559839714,
    3080.3651617465985,
    3083.723438398169,
    3058.578136191013,
    3034.1503761443532,
    3077.664615045781,
    3062.3432733100367,
    3077.833213279611,
    3057.3858066227604,
    3081.581255972537,
    3072.4698015278723,
    3051.2049336360774,
    3068.788515390117,
    3064.8863749298616,
    3084.9073939293135,
    3057.6953161779634,
    3030.2545849311805,
    3054.712873448128,
    3079.0158455655996,
    3052.822565833163,
    3077.4940560333753,
    3073.978540219851,
    3058.7937925886695,
    3051.2163692036115,
    3071.2078305194177,
    3078.654248191977,
    3040.5680907535934,
    3022.7570018127212,
    3063.223409673728,
    3081.356843039482,
    3076.9117628699028,
    3067.8526553123734,
    3072.8681752746656,
    3079.4818415931645,
    3076.1895438306515,
    3073.837750721697,
    3086.4412983357515,
    3054.7419410250923,
    3061.200010540439,
    3063.6640940690186,
    3075.863250444244,
    3079.6081094702067,
    3050.9436415247364,
    3065.7491769374806,
    3083.9930114009308,
    3067.550256986756,
    3065.305321661251,
    3070.390548531213,
    3064.3005944195475,
    3071.1317028962035,
    3075.162129401311,
    3075.1207395059237,
    3055.4370104880854,
    3079.9967517466425,
    3072.423806470255,
    3052.8542370471,
    3082.146668776408,
    3065.783571551615,
    3074.5220471393827,
    3071.505920853469,
    3043.8427886434715,
    3056.3276254850043,
    3072.018000197339,
    3065.2997917331036,
    3085.9477082108183,
    3076.499315056739,
    3071.6003485287265,
    3054.726645403871,
    3079.832401735689,
    3030.803289525091,
    3040.317055303306,
    3064.670622567556,
    3075.2462703055307,
    3085.0774710263495,
    3081.8650374287927,
    3060.2646793034864,
    3079.9866070488697,
    3063.0134719949324,
    3077.553453374727,
    3055.0800142464573,
    3082.383047028397,
    3080.110100245315,
    3058.057842091848,
    3086.6891957093803,
    3053.341120862522,
    3077.5992849962163,
    3061.8375846955455,
    3040.161866077968,
    3052.2049948329463,
    3078.856955925447,
    3047.47966399793,
    3063.9377408525384,
    3077.5975150650065,
    3080.2613615628848
  ],
  "per_episode_smoothness": [
    0.36877909302711487,
    0.3644743263721466,
    0.35747724771499634,
    0.36056074500083923,
    0.35835257172584534,
    0.354166716337204,
    0.3688119351863861,
    0.36479154229164124,
    0.3573761284351349,
    0.3692433834075928,
    0.3790048062801361,
    0.3648623824119568,
    0.36850839853286743,
    0.36875998973846436,
    0.3725757896900177,
    0.36614513397216797,
    0.365160197019577,
    0.37323305010795593,
    0.36730772256851196,
    0.3677193820476532,
    0.36841851472854614,
    0.36113032698631287,
    0.3796956241130829,
    0.37167251110076904,
    0.3715118169784546,
    0.36044198274612427,
    0.35964545607566833,
    0.36577099561691284,
    0.3679526448249817,
    0.3737998306751251,
    0.3671095371246338,
    0.3685723543167114,
    0.37702229619026184,
    0.3723227083683014,
    0.3648303747177124,
    0.3635084331035614,
    0.3646244704723358,
    0.3640526533126831,
    0.354345440864563,
    0.357483446598053,
    0.3635777533054352,
    0.35676515102386475,
    0.36014923453330994,
    0.3779577910900116,
    0.36539411544799805,
    0.35407912731170654,
    0.36063772439956665,
    0.36396872997283936,
    0.3703971207141876,
    0.37467387318611145,
    0.3665936589241028,
    0.3706495463848114,
    0.36822816729545593,
    0.3650474548339844,
    0.36178165674209595,
    0.36679622530937195,
    0.3700963854789734,
    0.36369767785072327,
    0.37598901987075806,
    0.36152151226997375,
    0.36385953426361084,
    0.36899533867836,
    0.3613588809967041,
    0.36128950119018555,
    0.3633517026901245,
    0.3672090768814087,
    0.37474939227104187,
    0.3695604205131531,
    0.364822655916214,
    0.3626413643360138,
    0.35415399074554443,
    0.364353746175766,
    0.36317455768585205,
    0.36830124258995056,
    0.3599569499492645,
    0.3801603317260742,
    0.36312350630760193,
    0.3676648736000061,
    0.3601810336112976,
    0.3664547801017761,
    0.35854923725128174,
    0.36936479806900024,
    0.36152637004852295,
    0.3716796636581421,
    0.37323614954948425,
    0.37698501348495483,
    0.3586992025375366,
    0.37080004811286926,
    0.37426477670669556,
    0.3515823483467102,
    0.35939645767211914,
    0.3636554777622223,
    0.3767353892326355,
    0.37822332978248596,
    0.3674222528934479,
    0.3554215133190155,
    0.3740825355052948,
    0.3588705360889435,
    0.36164483428001404,
    0.36766061186790466
  ],
  "per_episode_costs": [
    0.0,
    0.0,
    0.0,
    0.0,
    0.0,
    0.0,
    0.0,
    0.0,
    0.0,
    0.0,
    0.0,
    0.0,
    0.0,
    0.0,
    0.0,
    0.0,
    0.0,
    0.0,
    0.0,
    0.0,
    0.0,
    0.0,
    0.0,
    0.0,
    0.0,
    0.0,
    0.0,
    0.0,
    0.0,
    0.0,
    0.0,
    0.0,
    0.0,
    0.0,
    0.0,
    0.0,
    0.0,
    0.0,
    0.0,
    0.0,
    0.0,
    0.0,
    0.0,
    0.0,
    0.0,
    0.0,
    0.0,
    0.0,
    0.0,
    0.0,
    0.0,
    0.0,
    0.0,
    0.0,
    0.0,
    0.0,
    0.0,
    0.0,
    0.0,
    0.0,
    0.0,
    0.0,
    0.0,
    0.0,
    0.0,
    0.0,
    0.0,
    0.0,
    0.0,
    0.0,
    0.0,
    0.0,
    0.0,
    0.0,
    0.0,
    0.0,
    0.0,
    0.0,
    0.0,
    0.0,
    0.0,
    0.0,
    0.0,
    0.0,
    0.0,
    0.0,
    0.0,
    0.0,
    0.0,
    0.0,
    0.0,
    0.0,
    0.0,
    0.0,
    0.0,
    0.0,
    0.0,
    0.0,
    0.0,
    0.0
  ]
}