{
  "mean_return": 3064.852502761983,
  "std_return": 16.87274984662036,
  "se_return": 1.6872749846620358,
  "mean_length": 1000.0,
  "mean_action_smoothness": 0.3670471343398094,
  "std_action_smoothness": 0.006678256224999493,
  "mean_action_magnitude": 0.7511700999736786,
  "mean_cost": 0.0,
  "total_cost": 0.0,
  "feasibility_rate": 1.0,
  "policy_entropy": null,
  "q_value_variance": 0.6845316886901855,
  "mean_recovery_ratio": 1.7724083595285856,
  "std_recovery_ratio": 0.010274111762046009,
  "n_episodes": 100,
  "per_episode_returns": [
    3046.705468913289,
    3075.741045792721,
    3055.043069823585,
    3077.9344609191107,
    3046.506973637953,
    3060.804068980498,
    3049.3284241367664,
    3076.686807973567,
    3050.832365099908,
    3079.19614717113,
    3046.127685925741,
    3056.4710544599793,
    3081.770407674199,
    3074.6314897826173,
    3048.6822375659876,
    3078.4172640705838,
    3057.0015274494067,
    3057.4315753573846,
    3035.8595141201836,
    3079.7791713482206,
    3080.1978169501035,
    3024.301547200427,
    3055.522491258314,
    3073.3908068340725,
    3078.6647493126775,
    3075.607555948844,
    3101.166945370417,
    3083.9671435767727,
    3056.2194895129614,
    3089.4854415802283,
    3081.7296413246822,
    3074.6648598990823,
    3057.5322637021463,
    3028.5687057916016,
    3072.3869793910103,
    3038.7931066805486,
    3074.0422147611184,
    3083.9133104549624,
    3067.566150063076,
    3079.279071663046,
    3082.9241778369674,
    3041.0323181514827,
    3087.871562548199,
    3071.527300956723,
    3074.9930004041753,
    3025.968693108769,
    3038.100292599945,
    3048.809707786693,
    3034.9080215485183,
    3088.600370088588,
    3049.2448754643983,
    3072.4183365846325,
    3079.7158841128735,
    3087.6581965626547,
    3055.4695256558957,
    3069.7033707747632,
    3043.438934498805,
    3082.4533600279833,
    3052.0747605607303,
    3044.479319396262,
    3069.9865720669495,
    3053.592679338818,
    3062.1717869088607,
    3048.534806748774,
    3070.052427989342,
    3082.5586673418184,
    3083.2926814191,
    3050.2954360543918,
    3069.4168644767765,
    3070.666561339637,
    3063.068777321829,
    3055.7846053054,
    3074.7828767477617,
    3051.8036033385224,
    3082.568118119803,
    3077.893041764051,
    3084.9624938316556,
    3090.3938370850824,
    3044.2502803858188,
    3057.690459081705,
    3069.00388754263,
    3047.535462148516,
    3070.0916542161317,
    3048.038844192898,
    3074.7863595055364,
    3073.0062368077765,
    3072.4606530597725,
    3091.8061376886753,
    3076.2295574273285,
    3077.4647834201724,
    3046.9675980561906,
    3041.6470753952244,
    3071.654607340779,
    3076.615039198194,
    3060.1877853567325,
    3063.3945486146276,
    3092.5039498718506,
    3043.685382286664,
    3048.226032853754,
    3052.83504440074
  ],
  "per_episode_smoothness": [
    0.37636563181877136,
    0.36074554920196533,
    0.3689291775226593,
    0.36113810539245605,
    0.3677644431591034,
    0.37093305587768555,
    0.3708171844482422,
    0.3708159029483795,
    0.3698701560497284,
    0.35941746830940247,
    0.36604735255241394,
    0.3694884479045868,
    0.36437585949897766,
    0.3670715093612671,
    0.37811750173568726,
    0.36625903844833374,
    0.3618519604206085,
    0.3724839389324188,
    0.37245112657546997,
    0.36811211705207825,
    0.36517712473869324,
    0.3710910677909851,
    0.3581688404083252,
    0.36320140957832336,
    0.3601938784122467,
    0.3620208203792572,
    0.35928377509117126,
    0.36506035923957825,
    0.36526036262512207,
    0.36031001806259155,
    0.3640630841255188,
    0.36550965905189514,
    0.36863672733306885,
    0.3819752037525177,
    0.36201125383377075,
    0.3791675269603729,
    0.36553165316581726,
    0.3648027181625366,
    0.3723723590373993,
    0.35950323939323425,
    0.3609130382537842,
    0.369056761264801,
    0.36329561471939087,
    0.36201080679893494,
    0.36807742714881897,
    0.37005800008773804,
    0.37204882502555847,
    0.37269991636276245,
    0.3904581367969513,
    0.3559943437576294,
    0.3753810524940491,
    0.36309191584587097,
    0.3650970757007599,
    0.346369206905365,
    0.35548126697540283,
    0.3706505000591278,
    0.3756670653820038,
    0.36070138216018677,
    0.3675761818885803,
    0.3842480182647705,
    0.37113842368125916,
    0.372075617313385,
    0.37050551176071167,
    0.3706839382648468,
    0.3675522804260254,
    0.36470112204551697,
    0.36601001024246216,
    0.3733574151992798,
    0.3692333698272705,
    0.3667837083339691,
    0.3592052459716797,
    0.37398403882980347,
    0.36630621552467346,
    0.37312301993370056,
    0.3561995327472687,
    0.3710747957229614,
    0.3628283441066742,
    0.3645613193511963,
    0.35922327637672424,
    0.3617990016937256,
    0.367936909198761,
    0.36974114179611206,
    0.3663935959339142,
    0.38097235560417175,
    0.36138787865638733,
    0.36629024147987366,
    0.356929749250412,
    0.35825303196907043,
    0.3656065762042999,
    0.36621221899986267,
    0.3648596704006195,
    0.37971174716949463,
    0.3676625192165375,
    0.3653194010257721,
    0.3658311069011688,
    0.37069109082221985,
    0.35714444518089294,
    0.36811259388923645,
    0.37438371777534485,
    0.3656541109085083
  ],
  "per_episode_costs": [
    0.0,
    0.0,
    0.0,
    0.0,
    0.0,
    0.0,
    0.0,
    0.0,
    0.0,
    0.0,
    0.0,
    0.0,
    0.0,
    0.0,
    0.0,
    0.0,
    0.0,
    0.0,
    0.0,
    0.0,
    0.0,
    0.0,
    0.0,
    0.0,
    0.0,
    0.0,
    0.0,
    0.0,
    0.0,
    0.0,
    0.0,
    0.0,
    0.0,
    0.0,
    0.0,
    0.0,
    0.0,
    0.0,
    0.0,
    0.0,
    0.0,
    0.0,
    0.0,
    0.0,
    0.0,
    0.0,
    0.0,
    0.0,
    0.0,
    0.0,
    0.0,
    0.0,
    0.0,
    0.0,
    0.0,
    0.0,
    0.0,
    0.0,
    0.0,
    0.0,
    0.0,
    0.0,
    0.0,
    0.0,
    0.0,
    0.0,
    0.0,
    0.0,
    0.0,
    0.0,
    0.0,
    0.0,
    0.0,
    0.0,
    0.0,
    0.0,
    0.0,
    0.0,
    0.0,
    0.0,
    0.0,
    0.0,
    0.0,
    0.0,
    0.0,
    0.0,
    0.0,
    0.0,
    0.0,
    0.0,
    0.0,
    0.0,
    0.0,
    0.0,
    0.0,
    0.0,
    0.0,
    0.0,
    0.0,
    0.0
  ]
}