{
  "mean_return": 22.350118799293078,
  "std_return": 29.574915127205365,
  "se_return": 2.9574915127205363,
  "mean_length": 25.12,
  "mean_action_smoothness": 1.3295434677600861,
  "mean_cost": 0.0,
  "feasibility_rate": 1.0,
  "per_episode_returns": [
    9.356066782512475,
    11.150962401562609,
    8.2342006946482,
    50.30238552323714,
    78.0795374095893,
    13.741591659429778,
    9.435820178346862,
    18.722894851833573,
    14.548513222614279,
    22.804161428200608,
    16.289357481138012,
    13.253291049442849,
    139.74171870824597,
    8.702187164973921,
    27.67981063582173,
    12.22215787752364,
    7.444908772034678,
    9.297722004528248,
    8.18717423713267,
    11.648029375896403,
    31.26651287973334,
    22.597827734360973,
    8.577109662315541,
    12.411682184666304,
    21.306728365756477,
    17.356279024124582,
    12.490525030871398,
    13.572714993313777,
    33.5575612344736,
    20.195360069719825,
    20.140342660157987,
    12.052869393658884,
    23.06118783118091,
    15.763430228780873,
    10.72889645252603,
    22.19523773599539,
    97.34871426876997,
    9.477231507463488,
    7.6323779117381845,
    14.510359340853597,
    17.69000628825841,
    13.76696746785896,
    6.669377604187075,
    8.21625934069735,
    13.685667822670633,
    20.76057323319632,
    7.4992923159570255,
    24.069622945904435,
    15.323182839709103,
    21.448772025425903,
    16.619000085487077,
    20.088946654716356,
    8.69240577561629,
    8.752911466354353,
    15.238983228256217,
    17.60636621538125,
    32.36211268844742,
    8.233547797055646,
    18.884119292879756,
    23.34082250118405,
    31.99556564180729,
    8.644565554492269,
    18.611826363093055,
    6.402600070988886,
    40.28376816412295,
    9.356583339490443,
    11.467366206316452,
    14.650365849124725,
    18.820923294845727,
    33.05785638376656,
    5.846228983216157,
    26.82531886610038,
    13.535051975091168,
    7.22433228404658,
    16.47944472235698,
    6.7114764485830865,
    28.388744962746074,
    23.682807243259976,
    8.922211634039835,
    23.64329594867105,
    19.17077150519182,
    46.210309792642185,
    24.955002186631955,
    26.422605740814237,
    8.693205551053781,
    23.168400869482944,
    10.37554510863361,
    21.030622600976997,
    20.097393751720432,
    12.226983179937013,
    37.38214497550709,
    254.97219014686985,
    9.728921117626875,
    4.602931990797552,
    18.775740143343043,
    39.53058401553543,
    13.303040362316786,
    10.988893502675946,
    9.497697873027665,
    33.2941840199446
  ],
  "per_episode_costs": [
    0.0,
    0.0,
    0.0,
    0.0,
    0.0,
    0.0,
    0.0,
    0.0,
    0.0,
    0.0,
    0.0,
    0.0,
    0.0,
    0.0,
    0.0,
    0.0,
    0.0,
    0.0,
    0.0,
    0.0,
    0.0,
    0.0,
    0.0,
    0.0,
    0.0,
    0.0,
    0.0,
    0.0,
    0.0,
    0.0,
    0.0,
    0.0,
    0.0,
    0.0,
    0.0,
    0.0,
    0.0,
    0.0,
    0.0,
    0.0,
    0.0,
    0.0,
    0.0,
    0.0,
    0.0,
    0.0,
    0.0,
    0.0,
    0.0,
    0.0,
    0.0,
    0.0,
    0.0,
    0.0,
    0.0,
    0.0,
    0.0,
    0.0,
    0.0,
    0.0,
    0.0,
    0.0,
    0.0,
    0.0,
    0.0,
    0.0,
    0.0,
    0.0,
    0.0,
    0.0,
    0.0,
    0.0,
    0.0,
    0.0,
    0.0,
    0.0,
    0.0,
    0.0,
    0.0,
    0.0,
    0.0,
    0.0,
    0.0,
    0.0,
    0.0,
    0.0,
    0.0,
    0.0,
    0.0,
    0.0,
    0.0,
    0.0,
    0.0,
    0.0,
    0.0,
    0.0,
    0.0,
    0.0,
    0.0,
    0.0
  ],
  "n_episodes": 100
}