{
  "mean_return": 18.816498471588417,
  "std_return": 15.189983270099905,
  "se_return": 1.5189983270099905,
  "mean_length": 22.63,
  "mean_action_smoothness": 1.3309443110227586,
  "mean_cost": 0.0,
  "feasibility_rate": 1.0,
  "per_episode_returns": [
    14.434893015877709,
    18.81832679690955,
    21.322988840452926,
    13.873430459563334,
    12.030911403653548,
    17.890082189584245,
    11.896362370920865,
    18.309856859315456,
    11.917464691095395,
    8.669507393501839,
    9.105512256699834,
    8.657076693198078,
    82.76342001111973,
    14.346160529385221,
    13.436244935163502,
    9.692765714617549,
    20.317298702825617,
    16.94616223564437,
    22.281349233223363,
    22.38534166996257,
    10.703626477994854,
    10.672110894506538,
    38.68059943548267,
    4.355362100505161,
    14.707206032897734,
    9.321914731892958,
    17.92239552121044,
    17.511363252187966,
    14.118147688811103,
    35.31051870198349,
    31.277636944104508,
    18.36230298958188,
    13.85666603579508,
    23.025692840696856,
    9.53463669295332,
    18.736577876330717,
    32.648761581537286,
    10.570859074869611,
    12.087457409211197,
    8.101245030328707,
    19.63452075398018,
    8.503012848325751,
    9.701748715618649,
    15.028972199542912,
    11.459086836167817,
    24.09988525970557,
    22.63305392356292,
    8.232009324067922,
    21.179746260978913,
    53.67664696139405,
    21.974845354797438,
    16.70153352299651,
    8.308079254432457,
    107.26148925452078,
    15.501762840752185,
    13.225313582456902,
    29.62371334577934,
    19.614404695037692,
    8.111838091680976,
    10.67596950157179,
    13.96472891733771,
    74.2901241749403,
    23.808097569856912,
    11.276989224017425,
    11.0109582089195,
    11.089624095039746,
    29.11286683683762,
    34.36741296110106,
    10.522814020510562,
    12.263883086792884,
    23.382288463817478,
    10.245569509618786,
    19.738946013831,
    21.863289840222617,
    47.76555616555751,
    18.138144703560894,
    8.217918103232133,
    10.33774253913526,
    28.77649528455389,
    11.163734732906795,
    6.524648525242567,
    8.434175927285734,
    16.20583393372207,
    22.558250824531516,
    11.228045999753594,
    14.890864729808733,
    8.591702541802038,
    15.866586652275318,
    27.347879104332073,
    8.265386892711998,
    8.211589855626915,
    16.967162646150037,
    12.632484455988056,
    13.632976417971221,
    5.88349278358423,
    17.26342730383163,
    36.86423567014649,
    13.482689323058722,
    9.269785388312819,
    10.443573887948043
  ],
  "per_episode_costs": [
    0.0,
    0.0,
    0.0,
    0.0,
    0.0,
    0.0,
    0.0,
    0.0,
    0.0,
    0.0,
    0.0,
    0.0,
    0.0,
    0.0,
    0.0,
    0.0,
    0.0,
    0.0,
    0.0,
    0.0,
    0.0,
    0.0,
    0.0,
    0.0,
    0.0,
    0.0,
    0.0,
    0.0,
    0.0,
    0.0,
    0.0,
    0.0,
    0.0,
    0.0,
    0.0,
    0.0,
    0.0,
    0.0,
    0.0,
    0.0,
    0.0,
    0.0,
    0.0,
    0.0,
    0.0,
    0.0,
    0.0,
    0.0,
    0.0,
    0.0,
    0.0,
    0.0,
    0.0,
    0.0,
    0.0,
    0.0,
    0.0,
    0.0,
    0.0,
    0.0,
    0.0,
    0.0,
    0.0,
    0.0,
    0.0,
    0.0,
    0.0,
    0.0,
    0.0,
    0.0,
    0.0,
    0.0,
    0.0,
    0.0,
    0.0,
    0.0,
    0.0,
    0.0,
    0.0,
    0.0,
    0.0,
    0.0,
    0.0,
    0.0,
    0.0,
    0.0,
    0.0,
    0.0,
    0.0,
    0.0,
    0.0,
    0.0,
    0.0,
    0.0,
    0.0,
    0.0,
    0.0,
    0.0,
    0.0,
    0.0
  ],
  "n_episodes": 100
}