{
  "mean_return": -0.10830652057884452,
  "std_return": 0.6813709161915209,
  "se_return": 0.06813709161915209,
  "mean_length": 1000.0,
  "mean_action_smoothness": 1.0413145430978297,
  "mean_cost": 52.23,
  "feasibility_rate": 0.71,
  "per_episode_returns": [
    -0.8939472560160044,
    -0.3675581676926645,
    -0.34164898298116686,
    0.06005210183721821,
    0.028725019872847257,
    -0.02596225991851342,
    -0.8233447119772173,
    0.2891934922652022,
    -0.06462238434894241,
    -0.19655090637085593,
    0.11182458748503699,
    -1.2596102541769598,
    -0.31578807336805115,
    0.07583808648357548,
    -0.456327197501039,
    -0.13810067460892728,
    0.8866874118840857,
    -0.8633754770547177,
    -0.16835269757319415,
    -0.14240671320346454,
    0.3574657298383238,
    -1.1468548451374916,
    0.025089205846090312,
    -0.5582802002848306,
    -0.34839132865011035,
    -0.8178324379496442,
    -0.006279140775063752,
    -0.8005385257076398,
    0.3461750237349097,
    -0.4095351112798985,
    -0.3652863301528382,
    -1.3801680005000958,
    -0.36110161545278063,
    -0.4106479551448272,
    -0.037877670827304755,
    -1.3651483915692335,
    -0.28463382256074343,
    0.3429040509903232,
    0.07133851255794488,
    -0.19800743760929174,
    -1.4734925072612175,
    -0.45820611468009154,
    -0.1479414749504897,
    0.4761248375312075,
    0.6527195970320618,
    0.3517381883966577,
    -0.23624186785036716,
    0.7728641327219195,
    -0.23761789455154347,
    0.3495651474313809,
    -0.5990192831699901,
    0.6559724637590538,
    -0.1046231775238804,
    0.0547356410772446,
    0.0920873339434709,
    -0.5154982027402182,
    -1.0079071988864934,
    -0.20415465678423805,
    -0.7560175405151632,
    0.13851516261264352,
    -0.30205765623713643,
    -0.2503540512881888,
    0.44053592963086774,
    0.7782730851650388,
    -1.4446223011741472,
    0.2526506216887021,
    -1.2151623179293465,
    -0.5077933959175747,
    1.6681813303585082,
    0.36723109026799095,
    0.16751333912468191,
    -0.0405725406027464,
    -0.4852346729580974,
    -0.5230386121088695,
    -0.26207182067403273,
    -0.07389230591726714,
    0.1402585452454188,
    0.2753792049340029,
    0.01300404731503213,
    -0.09393647714162556,
    0.9657901721287351,
    0.7712620723489492,
    -0.22858234645430286,
    -0.5726382001218315,
    -0.13493662813744922,
    0.3573470321975364,
    0.3211095020515631,
    -0.5304864648562208,
    -0.9414324935404759,
    2.054347367225696,
    -0.26483171589035504,
    2.9344613855552257,
    0.13361883803979335,
    -0.11792410145093868,
    0.9303852524574374,
    -0.5141137870208248,
    0.46623842196521914,
    -0.46067439684498446,
    0.32799706923305716,
    -1.082597316545485
  ],
  "per_episode_costs": [
    0.0,
    0.0,
    0.0,
    0.0,
    0.0,
    299.0,
    0.0,
    0.0,
    0.0,
    67.0,
    0.0,
    57.0,
    0.0,
    0.0,
    0.0,
    93.0,
    163.0,
    411.0,
    0.0,
    0.0,
    0.0,
    0.0,
    0.0,
    371.0,
    0.0,
    0.0,
    128.0,
    0.0,
    0.0,
    0.0,
    0.0,
    282.0,
    0.0,
    144.0,
    0.0,
    55.0,
    0.0,
    521.0,
    0.0,
    0.0,
    0.0,
    0.0,
    0.0,
    0.0,
    59.0,
    0.0,
    0.0,
    220.0,
    88.0,
    211.0,
    0.0,
    0.0,
    0.0,
    10.0,
    0.0,
    0.0,
    0.0,
    0.0,
    0.0,
    35.0,
    152.0,
    83.0,
    0.0,
    0.0,
    0.0,
    301.0,
    0.0,
    0.0,
    107.0,
    142.0,
    0.0,
    0.0,
    0.0,
    0.0,
    0.0,
    0.0,
    0.0,
    0.0,
    0.0,
    0.0,
    0.0,
    464.0,
    0.0,
    0.0,
    270.0,
    0.0,
    58.0,
    0.0,
    0.0,
    297.0,
    0.0,
    0.0,
    0.0,
    0.0,
    0.0,
    0.0,
    0.0,
    114.0,
    21.0,
    0.0
  ],
  "n_episodes": 100
}