{
  "mean_return": -0.05289281746936394,
  "std_return": 0.5851464805015347,
  "se_return": 0.058514648050153474,
  "mean_length": 1000.0,
  "mean_action_smoothness": 1.0393534263828004,
  "mean_cost": 36.18,
  "feasibility_rate": 0.71,
  "per_episode_returns": [
    0.00942503242856585,
    -0.13885861246299802,
    -0.3538487780534383,
    0.4604735833071618,
    -1.059431930137509,
    -0.11911729613131339,
    -0.17687670439048575,
    -0.035931379779491124,
    -0.05429040595347079,
    0.27643192091995683,
    0.0617844627236841,
    1.2201851762334672,
    -0.8403277800555422,
    -1.091506886259123,
    0.5246112344259904,
    -0.2081165891569723,
    -0.16254572312708915,
    -0.6650019542126706,
    0.07347190115036084,
    0.06457100892880008,
    1.7767794953262612,
    -0.033159135104606996,
    -0.4227503033188902,
    -0.27731185622822685,
    0.4311583866782076,
    0.45284779786863605,
    -0.0205041819235785,
    0.3902402040263353,
    -0.5091357649528825,
    -0.31016841937136086,
    0.46154768777982025,
    0.12365217517110816,
    0.13592462853515475,
    -0.2608393797402837,
    -0.29970679040084924,
    0.2338531174283316,
    -0.8167382743057696,
    0.125188587138386,
    0.21380617178897787,
    -0.14459632161583924,
    0.090141044454777,
    -0.6719020221821881,
    0.08630794656903285,
    0.5481059913086059,
    -0.49001629166891547,
    -0.44514956431659813,
    -1.579130569181156,
    -0.5044340295041443,
    -0.8255978496737348,
    0.29268242074387696,
    0.3450245710370463,
    0.45387176451896805,
    0.7393557028654483,
    0.2141313415801922,
    0.1318018239064923,
    -0.2788282698269231,
    0.02040958291077155,
    -0.4423801891320891,
    -1.2137728438651765,
    -0.6815805383799078,
    -0.46236907715350717,
    0.16943888204825241,
    0.030736131268533473,
    -1.185897620912346,
    -0.22639774272322577,
    -0.13060810794768085,
    -0.5654279729585039,
    0.2776569102288391,
    0.1310604486655358,
    -0.6411849156643594,
    -0.35664827323042125,
    0.08909038603420272,
    -1.3501081678416895,
    -0.3917265263521179,
    -0.24499578308767989,
    -0.5604628073278468,
    -0.15057154052261223,
    -0.8913694903333589,
    -0.09340886448306485,
    -0.1239422964148651,
    1.128242744867943,
    0.9309298244337678,
    -0.8250828055967157,
    0.8328414687114876,
    0.7045894094402507,
    0.14980443877970184,
    0.3500938525930486,
    0.2594981787633521,
    0.12469185490579782,
    0.7815185117162767,
    0.4588450655546028,
    0.5651823529795788,
    -0.3611679743448022,
    0.08703657584422242,
    0.33625686800537713,
    0.11998177740652416,
    -0.29625582185434174,
    -1.0448036016116686,
    1.339573159630913,
    0.9218506742050119
  ],
  "per_episode_costs": [
    49.0,
    0.0,
    0.0,
    0.0,
    298.0,
    0.0,
    0.0,
    0.0,
    0.0,
    0.0,
    0.0,
    0.0,
    0.0,
    0.0,
    0.0,
    0.0,
    0.0,
    39.0,
    0.0,
    41.0,
    0.0,
    0.0,
    408.0,
    47.0,
    0.0,
    0.0,
    0.0,
    0.0,
    0.0,
    0.0,
    0.0,
    152.0,
    0.0,
    87.0,
    0.0,
    0.0,
    13.0,
    0.0,
    34.0,
    0.0,
    257.0,
    0.0,
    0.0,
    132.0,
    93.0,
    0.0,
    210.0,
    0.0,
    0.0,
    0.0,
    0.0,
    0.0,
    59.0,
    0.0,
    154.0,
    2.0,
    0.0,
    0.0,
    0.0,
    94.0,
    2.0,
    0.0,
    0.0,
    0.0,
    0.0,
    0.0,
    0.0,
    0.0,
    52.0,
    0.0,
    0.0,
    0.0,
    0.0,
    0.0,
    0.0,
    0.0,
    0.0,
    0.0,
    0.0,
    0.0,
    0.0,
    25.0,
    0.0,
    7.0,
    158.0,
    0.0,
    219.0,
    0.0,
    0.0,
    238.0,
    25.0,
    0.0,
    7.0,
    0.0,
    0.0,
    0.0,
    604.0,
    0.0,
    0.0,
    112.0
  ],
  "n_episodes": 100
}