{
  "mean_return": 26.962139193727413,
  "std_return": 1.2829921329477791,
  "se_return": 0.12829921329477792,
  "mean_length": 1000.0,
  "mean_action_smoothness": 0.13070247329229537,
  "std_action_smoothness": 0.020055725216221815,
  "mean_action_magnitude": 0.9969045265201966,
  "mean_cost": 46.98,
  "total_cost": 4698.0,
  "feasibility_rate": 0.09,
  "policy_entropy": null,
  "q_value_variance": 0.00010078510968014598,
  "mean_recovery_ratio": 1.6483974300513733,
  "std_recovery_ratio": 0.4746849726284458,
  "n_episodes": 100,
  "per_episode_returns": [
    28.40394068254439,
    26.611048294789207,
    25.953203018254218,
    27.546066769199193,
    26.66020159068701,
    27.72139392301227,
    25.88303944740672,
    25.51696873198626,
    27.849640580033626,
    27.074121182281583,
    28.223265819741233,
    28.51288586593505,
    27.39541140905699,
    21.028431977448527,
    25.715044945893908,
    25.01635987265735,
    27.344201140649496,
    26.809631240198915,
    26.287095728843966,
    27.65572868202142,
    27.39956933755632,
    26.688589108158325,
    27.688769770514067,
    27.120406572692968,
    28.929155756011276,
    27.322295153973332,
    26.624392854430788,
    27.590171584519187,
    27.136226848400028,
    26.532901591244137,
    26.405620150876423,
    26.523714214581293,
    26.61218813993328,
    26.629493610541733,
    25.31595653465923,
    26.61474821325168,
    25.5831629403874,
    25.822137584299973,
    27.55571757732978,
    28.710096574670604,
    26.060200597973203,
    26.472933730496283,
    29.98026383331357,
    25.68505936585178,
    28.84769071527943,
    28.208501649192748,
    26.02539065580281,
    26.59679476631542,
    26.565911027316155,
    29.149660739473912,
    25.49808396900185,
    27.185625066273953,
    29.619631492515634,
    27.47237889047469,
    27.849040204640456,
    27.233838095351686,
    23.031723782800242,
    26.46473549241663,
    28.39940527574525,
    26.389699385486708,
    27.116211202246735,
    25.426096681719798,
    26.955090151995037,
    27.82799202841316,
    25.277814117295037,
    29.28659222723501,
    26.946651420605402,
    29.740666683910227,
    26.481371104446055,
    26.78145631758067,
    26.80038687754802,
    25.5308997776541,
    27.295377699853667,
    27.907007363263425,
    25.966131137127757,
    26.792689236791695,
    26.74408812561143,
    28.854268148584975,
    27.895850496723778,
    27.204552848989415,
    27.16630681817526,
    26.65587244152351,
    27.212134330303076,
    25.090397307983633,
    25.545897970205026,
    27.118507475726382,
    26.910899222571214,
    26.291288151981004,
    27.457817466882574,
    25.95254757921747,
    26.332584273505084,
    28.186191404413677,
    27.54706249348247,
    27.821901126806825,
    26.60795564480928,
    28.195229180911078,
    27.360991252861503,
    28.36814088836783,
    25.85382220184196,
    26.957614737182283
  ],
  "per_episode_smoothness": [
    0.18231365925087628,
    0.13476048346486547,
    0.1577195576227023,
    0.09777182125655212,
    0.13978195579433372,
    0.15356867607944602,
    0.14080973974821828,
    0.12278066774229891,
    0.14054855169113029,
    0.14064070696579298,
    0.12344704133698954,
    0.1500577060617503,
    0.12389296093556455,
    0.16937831653298274,
    0.11362300409349031,
    0.1218479653668139,
    0.1356608579939861,
    0.14213556626987084,
    0.13585312997553403,
    0.1352837982731069,
    0.13483923697541841,
    0.13973233330993148,
    0.12061547254335207,
    0.12386948857368325,
    0.15154539472563877,
    0.11364227559158047,
    0.11012552661978299,
    0.17380199106916266,
    0.11731488929456921,
    0.13831696038224456,
    0.10494357975051433,
    0.11929226666587674,
    0.10917911347013343,
    0.13613663037464946,
    0.11337025955549154,
    0.13532443708994865,
    0.10096750383939443,
    0.1020202845407222,
    0.11810412658665932,
    0.11887891331531016,
    0.11979373590608304,
    0.12755612474208525,
    0.12624549070284546,
    0.1268471919604069,
    0.14943441219140222,
    0.16324827505402154,
    0.11465560195217843,
    0.10293136060308426,
    0.1268925084029465,
    0.14427885125242393,
    0.11542083617790745,
    0.13532384118026028,
    0.15054229202499192,
    0.1499241617422726,
    0.13828726649843015,
    0.09775160936137718,
    0.21778830236591373,
    0.13959690418701282,
    0.15991942472664838,
    0.14065509852410205,
    0.11638101995779848,
    0.11435649751541746,
    0.10191593993620392,
    0.12726912486664504,
    0.1380179316944061,
    0.1432382379757547,
    0.11905772584891006,
    0.14500112240104795,
    0.10421450392513439,
    0.13207004562643404,
    0.13706931986989349,
    0.09836714226398534,
    0.1234469504947934,
    0.10519878842758637,
    0.11909271452190341,
    0.12813172451509028,
    0.12724909297953216,
    0.11084338864507229,
    0.1360547402105258,
    0.12256157682812871,
    0.13030307406964092,
    0.12022859107454939,
    0.1318939292769392,
    0.1579353073079325,
    0.14490258067331688,
    0.11885994063083706,
    0.1299593798152663,
    0.13112198307324588,
    0.15101261781582026,
    0.15393918896125666,
    0.10297112654096109,
    0.14699210916433347,
    0.11338849660501496,
    0.10783455039681918,
    0.1114480031984726,
    0.12160216963263898,
    0.1064852659765094,
    0.1328729844002776,
    0.15746558364729352,
    0.15850271817738112
  ],
  "per_episode_costs": [
    55.0,
    85.0,
    46.0,
    94.0,
    34.0,
    18.0,
    15.0,
    63.0,
    0.0,
    56.0,
    0.0,
    87.0,
    78.0,
    59.0,
    59.0,
    7.0,
    52.0,
    31.0,
    25.0,
    17.0,
    146.0,
    36.0,
    56.0,
    42.0,
    45.0,
    100.0,
    35.0,
    54.0,
    145.0,
    37.0,
    17.0,
    6.0,
    71.0,
    110.0,
    41.0,
    44.0,
    42.0,
    131.0,
    35.0,
    9.0,
    55.0,
    34.0,
    25.0,
    12.0,
    18.0,
    126.0,
    62.0,
    37.0,
    53.0,
    0.0,
    0.0,
    38.0,
    28.0,
    0.0,
    67.0,
    75.0,
    70.0,
    30.0,
    0.0,
    23.0,
    0.0,
    39.0,
    119.0,
    70.0,
    87.0,
    11.0,
    13.0,
    28.0,
    66.0,
    33.0,
    27.0,
    61.0,
    16.0,
    90.0,
    56.0,
    44.0,
    45.0,
    29.0,
    43.0,
    20.0,
    56.0,
    25.0,
    68.0,
    66.0,
    72.0,
    10.0,
    108.0,
    0.0,
    44.0,
    39.0,
    0.0,
    58.0,
    95.0,
    81.0,
    24.0,
    27.0,
    34.0,
    73.0,
    36.0,
    49.0
  ]
}