{
  "mean_return": 26.640547896402662,
  "std_return": 1.1940682068811186,
  "se_return": 0.11940682068811186,
  "mean_length": 1000.0,
  "mean_action_smoothness": 0.39045806315719334,
  "std_action_smoothness": 0.049820009648784636,
  "mean_action_magnitude": 1.1386489149376617,
  "mean_cost": 58.9,
  "total_cost": 5890.0,
  "feasibility_rate": 0.08,
  "policy_entropy": 1.8407517671585083,
  "q_value_variance": null,
  "mean_recovery_ratio": 2.0017971105723364,
  "std_recovery_ratio": 0.633688328610912,
  "n_episodes": 100,
  "per_episode_returns": [
    27.980988909953233,
    27.402593102704607,
    25.99688351184373,
    25.341475768273362,
    25.981640354906013,
    26.29371843789646,
    25.88146067958157,
    24.84579827046661,
    25.945946217550528,
    28.705719248575264,
    25.783583292138257,
    26.586198205823088,
    25.651266069661645,
    25.3729896621461,
    24.60476778280688,
    26.071519699481858,
    27.545748747268362,
    25.2643615736124,
    26.218667544679988,
    27.47255781004146,
    27.376488672750856,
    25.967376997780942,
    26.473187925246428,
    29.33072055730627,
    25.297953458173865,
    25.2536573291335,
    27.000525267295487,
    26.59338601270395,
    26.563045401378393,
    26.124565702734998,
    25.661023004930044,
    26.661554146783487,
    26.609107470988043,
    23.935325298234275,
    25.956024521271658,
    26.287217973457516,
    27.24403857946451,
    25.92791236322001,
    25.064191744138345,
    28.795601800247628,
    26.528296635354916,
    27.286271494692098,
    27.579255179714114,
    26.97698436013148,
    27.098134013285776,
    27.04555905681404,
    29.923696829920384,
    26.873441957723593,
    26.1690114818373,
    26.47511040036343,
    26.04082105408583,
    27.120905358149393,
    27.247304203928397,
    27.64735419007513,
    29.68156292160986,
    25.809117649457917,
    27.94242616077397,
    25.604135188294368,
    25.516297514600073,
    25.768099057341548,
    26.101840832965898,
    29.503309358929492,
    27.177634297100617,
    25.812641489367905,
    27.061476221398163,
    26.572667299676777,
    26.170529123654102,
    26.657237359598515,
    24.97125532576989,
    26.07241382670506,
    26.982974867035885,
    28.306510542524087,
    28.51321731737795,
    25.830422630463026,
    27.037208103754274,
    26.602496397109928,
    25.263950121932986,
    26.56391559292162,
    26.49288113005317,
    26.517528823364394,
    27.469339006794517,
    24.62523042353273,
    28.169336492983373,
    24.529253101965605,
    27.074906557822892,
    26.508738202545786,
    26.5857301620945,
    25.29331221748545,
    26.72307590146821,
    26.36549354373107,
    29.734149424923068,
    24.967342779498953,
    27.25808751352056,
    28.345833180386645,
    27.612678113716157,
    26.997212237761936,
    26.19399631326346,
    29.051113461047247,
    26.78377274603457,
    26.14950377318024
  ],
  "per_episode_smoothness": [
    0.3352283102572577,
    0.45085566506624836,
    0.4621662473165454,
    0.4092482489578321,
    0.3909221797634426,
    0.30925039010323735,
    0.44810265599915566,
    0.39128446583855503,
    0.442463832824665,
    0.3627041524385895,
    0.4038064335626489,
    0.37094828246858036,
    0.3649438948879729,
    0.31182708667679276,
    0.438534091910057,
    0.31437052941295485,
    0.3605772977650777,
    0.32390126865603447,
    0.37785774832553765,
    0.48656058785803596,
    0.5072367028270586,
    0.4115858494983693,
    0.37329707399999135,
    0.46547998269418306,
    0.44838310470663256,
    0.34631210014945657,
    0.45742988055522077,
    0.4408905110071768,
    0.31757167682342696,
    0.44829198691751787,
    0.35282373785762416,
    0.36686771651213673,
    0.37588433498945595,
    0.48167054931006376,
    0.35429604266552167,
    0.38535377142688493,
    0.38401019467508846,
    0.31828425597110244,
    0.4082042355443375,
    0.34998087049130433,
    0.3751956944363671,
    0.34844160219825554,
    0.40786297272618954,
    0.3452605232567086,
    0.4166798521717771,
    0.4036745033308937,
    0.3305271340408762,
    0.552183760523063,
    0.39825038772441623,
    0.3419632524436067,
    0.3872228322041405,
    0.42085773647888725,
    0.4412633676926757,
    0.3306308180768561,
    0.33943552936578664,
    0.38204433665800397,
    0.3748801162531276,
    0.3863472168352733,
    0.34861053394068203,
    0.43891588432863315,
    0.4330636280826189,
    0.26945426414397455,
    0.4264911650340641,
    0.3813920904907511,
    0.343495856774946,
    0.31943592909760204,
    0.44573131043112113,
    0.3734121791596863,
    0.41853071767336286,
    0.3629013174413746,
    0.44617320707986247,
    0.41395195237642685,
    0.336604148982664,
    0.3700246861816541,
    0.39801190749988946,
    0.38787035549306004,
    0.4626570355507697,
    0.43574272062480784,
    0.4212369938555278,
    0.3549346340879087,
    0.37588329359940886,
    0.3953144077552806,
    0.36923362670369503,
    0.4622495535170001,
    0.37989911854638153,
    0.44380709164637117,
    0.3113920832074049,
    0.4313753491723832,
    0.4170135758091301,
    0.34586024714700814,
    0.3417845125766478,
    0.4240103763352567,
    0.4393502796158694,
    0.37215429096171443,
    0.40431140345567684,
    0.32078699921573717,
    0.4078302986089814,
    0.3383321421641064,
    0.3695437343823045,
    0.3749018278389218
  ],
  "per_episode_costs": [
    80.0,
    89.0,
    52.0,
    65.0,
    47.0,
    104.0,
    70.0,
    48.0,
    54.0,
    101.0,
    69.0,
    113.0,
    0.0,
    29.0,
    66.0,
    0.0,
    60.0,
    84.0,
    85.0,
    113.0,
    50.0,
    73.0,
    67.0,
    73.0,
    40.0,
    0.0,
    0.0,
    49.0,
    0.0,
    74.0,
    94.0,
    24.0,
    47.0,
    73.0,
    0.0,
    52.0,
    54.0,
    36.0,
    43.0,
    28.0,
    0.0,
    103.0,
    51.0,
    32.0,
    62.0,
    59.0,
    9.0,
    143.0,
    168.0,
    94.0,
    44.0,
    72.0,
    26.0,
    26.0,
    57.0,
    52.0,
    70.0,
    74.0,
    41.0,
    99.0,
    57.0,
    18.0,
    67.0,
    58.0,
    83.0,
    92.0,
    48.0,
    74.0,
    23.0,
    92.0,
    71.0,
    59.0,
    38.0,
    36.0,
    60.0,
    41.0,
    37.0,
    76.0,
    93.0,
    0.0,
    38.0,
    67.0,
    41.0,
    34.0,
    122.0,
    37.0,
    50.0,
    79.0,
    53.0,
    69.0,
    54.0,
    105.0,
    61.0,
    80.0,
    111.0,
    74.0,
    57.0,
    34.0,
    97.0,
    16.0
  ]
}