{
  "mean_return": 26.8136481849147,
  "std_return": 0.9275080338215974,
  "se_return": 0.09275080338215974,
  "mean_length": 1000.0,
  "mean_action_smoothness": 0.47219417870292024,
  "std_action_smoothness": 0.03804289262182368,
  "mean_action_magnitude": 1.145876917582086,
  "mean_cost": 58.38,
  "total_cost": 5838.0,
  "feasibility_rate": 0.09,
  "policy_entropy": 1.9532217979431152,
  "q_value_variance": null,
  "mean_recovery_ratio": 1.707001842197443,
  "std_recovery_ratio": 0.7476191084147997,
  "n_episodes": 100,
  "per_episode_returns": [
    27.524957539119985,
    26.746919865759715,
    26.651683288719898,
    26.345881705968775,
    25.421142950723308,
    27.51286578379892,
    27.87269259972286,
    26.58969636833625,
    25.11046812066746,
    26.998698943834256,
    25.365096552462848,
    27.077228741729215,
    27.655793142675634,
    26.48772338462109,
    25.127064222388373,
    25.79872666906692,
    26.86258890440081,
    26.63072546938153,
    25.970300738172426,
    26.110418828542166,
    28.348052494453718,
    25.28844656742477,
    27.16596644318095,
    28.37137034532175,
    27.185950953488607,
    26.35387118955075,
    26.21383497275147,
    27.66556093746054,
    28.998487657634,
    26.491688744826615,
    26.535523410416893,
    26.177901223309494,
    26.954966179049787,
    26.538303690963637,
    28.209122849120956,
    26.39240252774024,
    27.35658071413979,
    26.504411838875235,
    26.38311686915666,
    28.572771775827075,
    27.236274344641277,
    27.190247594156123,
    27.544116940448085,
    28.59210919813831,
    27.91230656190223,
    26.78045836539587,
    27.12099602670157,
    25.52378627103781,
    27.642133747097777,
    27.198072561410555,
    27.99539648141314,
    26.84272904270761,
    26.71207778724905,
    26.82980507226937,
    27.824053454372976,
    28.435655987776215,
    26.413809207114554,
    26.12165181880815,
    28.117799417629104,
    26.025964237755847,
    27.31724268741956,
    26.57659448150502,
    26.53395464509595,
    25.911080197420457,
    25.967364667873213,
    27.54330630172967,
    25.49173728101503,
    26.058877613084704,
    27.461264499429866,
    25.53949627917638,
    27.042349655773283,
    25.60739648362232,
    29.451222955996485,
    26.613463263362956,
    26.201274172787457,
    26.311233456152266,
    26.208662031658207,
    26.282737026526505,
    28.842805591009242,
    26.012268836611586,
    26.499819255579368,
    26.55569521758889,
    25.683560176462237,
    25.48234389280022,
    25.654910882592183,
    25.730050730568927,
    27.039974426981047,
    26.655961096244386,
    25.7835815594569,
    27.817659163659425,
    27.26223652548649,
    27.403857824823206,
    26.821538572860593,
    25.679088321149564,
    27.003461156569852,
    28.39221453915765,
    26.019329189898052,
    27.191867177971822,
    26.58781070798812,
    27.4970766235702
  ],
  "per_episode_smoothness": [
    0.4700871925186083,
    0.44757093315946284,
    0.5022886107260626,
    0.4789184842195245,
    0.485508573575434,
    0.4837719826904114,
    0.523579303917535,
    0.44012888727490673,
    0.4921282433576459,
    0.4978537355758398,
    0.505985648463621,
    0.4405186147944494,
    0.5059268457569964,
    0.45425139868228204,
    0.5183914556323502,
    0.5339385578333359,
    0.4406232045639308,
    0.49190389280076824,
    0.44012178027145704,
    0.44674850093341195,
    0.4324532747055068,
    0.5168572967826804,
    0.3969632112818791,
    0.4790926467175274,
    0.4568581009436375,
    0.4665118540620451,
    0.4831687871024645,
    0.4624154930001726,
    0.40145637224189074,
    0.4712166845475041,
    0.5355517779184781,
    0.5042925261355996,
    0.4763786193824013,
    0.4559823543043149,
    0.45684657493180175,
    0.4076308475716317,
    0.5585425713170268,
    0.48764386931515125,
    0.4410618440332316,
    0.4936128730124504,
    0.36009660052420633,
    0.47974204911290586,
    0.419196760325249,
    0.4586314149612746,
    0.48199579209765087,
    0.39702664680597843,
    0.4466634301943048,
    0.4176544418977425,
    0.4893108658021289,
    0.4710316433365732,
    0.47096654943641764,
    0.543768659205802,
    0.5275251620914208,
    0.5088553471060407,
    0.5440055028338029,
    0.44724881564315544,
    0.51632385898772,
    0.45143620190157957,
    0.4398396737118673,
    0.5014864590514986,
    0.4837809260003207,
    0.5035190258574522,
    0.4558462187675115,
    0.48648328356228515,
    0.4725193768823915,
    0.37637763006954383,
    0.4697660625928991,
    0.48404312858894294,
    0.5049589737828423,
    0.4922173818835505,
    0.47239634906521577,
    0.4943562997452583,
    0.4318198236332309,
    0.5060520799817472,
    0.5153011971903947,
    0.4709725502706879,
    0.46165004138232096,
    0.5473879475012395,
    0.43431531723654715,
    0.5017916031926689,
    0.4786655516921017,
    0.49441356852261786,
    0.4147091467289925,
    0.5013186677298367,
    0.5125559307803913,
    0.48347203463945787,
    0.44379688563168396,
    0.44624872046960595,
    0.4376999514741217,
    0.41712625295541655,
    0.42741619867928765,
    0.45009955417960856,
    0.5296265170128396,
    0.43078886367058805,
    0.44762439774287316,
    0.48972488464096875,
    0.4908024221704466,
    0.45039731222860124,
    0.4711349561763319,
    0.4786515348964553
  ],
  "per_episode_costs": [
    0.0,
    83.0,
    29.0,
    117.0,
    110.0,
    32.0,
    50.0,
    88.0,
    73.0,
    131.0,
    47.0,
    83.0,
    89.0,
    75.0,
    76.0,
    0.0,
    32.0,
    68.0,
    27.0,
    41.0,
    101.0,
    107.0,
    64.0,
    68.0,
    8.0,
    57.0,
    10.0,
    75.0,
    59.0,
    105.0,
    81.0,
    33.0,
    12.0,
    49.0,
    55.0,
    47.0,
    96.0,
    49.0,
    32.0,
    48.0,
    28.0,
    61.0,
    95.0,
    84.0,
    136.0,
    68.0,
    39.0,
    0.0,
    58.0,
    72.0,
    30.0,
    23.0,
    0.0,
    78.0,
    113.0,
    37.0,
    21.0,
    132.0,
    20.0,
    59.0,
    74.0,
    0.0,
    106.0,
    93.0,
    27.0,
    92.0,
    57.0,
    74.0,
    64.0,
    72.0,
    43.0,
    89.0,
    0.0,
    83.0,
    66.0,
    35.0,
    0.0,
    58.0,
    36.0,
    80.0,
    101.0,
    97.0,
    57.0,
    58.0,
    0.0,
    12.0,
    29.0,
    89.0,
    60.0,
    18.0,
    72.0,
    42.0,
    80.0,
    39.0,
    0.0,
    33.0,
    90.0,
    72.0,
    119.0,
    60.0
  ]
}