{
  "mean_return": 27.069092559334987,
  "std_return": 1.0140691143091236,
  "se_return": 0.10140691143091236,
  "mean_length": 1000.0,
  "mean_action_smoothness": 0.13868706089666077,
  "std_action_smoothness": 0.015259601127093944,
  "mean_action_magnitude": 0.9432139726374104,
  "mean_cost": 46.17,
  "total_cost": 4617.0,
  "feasibility_rate": 0.1,
  "policy_entropy": null,
  "q_value_variance": 6.062904139980674e-05,
  "mean_recovery_ratio": 1.7794460962969674,
  "std_recovery_ratio": 0.586119333078358,
  "n_episodes": 100,
  "per_episode_returns": [
    26.540699325422608,
    27.98650109910468,
    27.704978107535986,
    25.136460791378873,
    26.774385305798948,
    26.875204912626955,
    26.334329640336215,
    26.35756031320877,
    28.353725175782035,
    27.603801253691117,
    27.494838158225992,
    27.960485673106017,
    26.256848446953605,
    28.420322221938694,
    28.58430295597403,
    27.651888783972993,
    27.48099492687046,
    27.916638465513994,
    27.55778329247146,
    25.942623622954695,
    26.166470547727616,
    25.76035118473832,
    27.17296494149106,
    27.436565857042797,
    25.803009173344268,
    26.856726822175755,
    28.845188473115574,
    26.073365130435626,
    25.905550043436286,
    26.996746369382997,
    26.175264090965456,
    25.975886685380583,
    25.01887825199165,
    26.652617145023825,
    28.33714683345828,
    30.175908467708755,
    26.2506014922793,
    28.324612871368664,
    26.89517975467158,
    26.751641328418195,
    26.761775467583266,
    25.238288652817157,
    27.63564667550873,
    27.45012114552033,
    25.842441737139936,
    27.1202620007123,
    27.305114935066513,
    26.803162394098546,
    25.938498361865555,
    28.560381741680356,
    26.45147105246597,
    26.957192830168555,
    27.0076115860534,
    25.49580166858979,
    26.56319021629372,
    27.759223986520112,
    27.489703479056182,
    26.467508829189942,
    27.67835758713591,
    28.125816438033517,
    26.618042579429446,
    26.269926482974913,
    26.602096827596455,
    25.519054966346182,
    26.735252915682572,
    28.359327903291035,
    26.890646438643945,
    27.852423229530867,
    26.655173646755436,
    27.080451127142897,
    26.263701726740408,
    26.642399834697045,
    26.600566879499052,
    27.417963271857783,
    26.224221919521444,
    26.57859002271776,
    27.69099935791561,
    28.1305049611238,
    26.878503458423765,
    29.526889247505824,
    26.938306536088437,
    28.845888169079014,
    27.0580863269359,
    28.88449245084158,
    27.238659783583202,
    29.663279359854926,
    26.36334991442653,
    28.641602642120294,
    27.95502943643912,
    26.499365085293665,
    27.981527741376276,
    25.665070399101854,
    27.512632056825854,
    26.272161283199967,
    26.728519698220747,
    25.14368091966999,
    26.646737243427925,
    27.75929353367033,
    26.678706920070542,
    26.735510913352034
  ],
  "per_episode_smoothness": [
    0.1497108018060132,
    0.15027043845408974,
    0.13898071846702076,
    0.11948005376253282,
    0.16988725193587495,
    0.15478973865197923,
    0.13281798869762126,
    0.14814110181823387,
    0.15048170349760037,
    0.1336453848617374,
    0.11019541405352562,
    0.13301674025348365,
    0.1743753855136414,
    0.11747009413778874,
    0.15031046887119234,
    0.14030314140388142,
    0.13600258301940685,
    0.12655733907665828,
    0.1474346568098357,
    0.12786344974846536,
    0.12965935666021403,
    0.12729752201962882,
    0.13071191386880696,
    0.1355730085195274,
    0.11600900599335998,
    0.10736061504055766,
    0.11947979100010697,
    0.14844226521294226,
    0.15189178190296865,
    0.11771055018219537,
    0.12145892602064305,
    0.139602252821856,
    0.1470956384746977,
    0.13413106452914755,
    0.14462856574787727,
    0.14778141314499285,
    0.13420299902083532,
    0.16645427928277967,
    0.1265704876812308,
    0.10650516777008054,
    0.14185589393369744,
    0.14913829794674208,
    0.15594393472275625,
    0.15322781639648725,
    0.1484599972814297,
    0.14502299536007973,
    0.1539047429036614,
    0.11434526522221855,
    0.14768008336596863,
    0.1301250320866614,
    0.14749533048425464,
    0.17400048185870412,
    0.12688950644663732,
    0.1338619808717261,
    0.15121251618006418,
    0.14760254220909813,
    0.1440678340966403,
    0.15449980210246878,
    0.14842411209845877,
    0.14641885286386147,
    0.13967014746419318,
    0.1229614978290244,
    0.13690265063495724,
    0.13941320657596162,
    0.11987816181574071,
    0.1407624803056611,
    0.1200685726351246,
    0.12673447733515356,
    0.13150938003892332,
    0.13649896588807758,
    0.137438013232029,
    0.12999821225335118,
    0.15368851328069397,
    0.1249273743058842,
    0.16464565233508294,
    0.11250098963909483,
    0.14729840681601308,
    0.15789032630226493,
    0.12134735718282605,
    0.16250750899917124,
    0.13252305789319707,
    0.13570971105749716,
    0.14136748520343592,
    0.16679203393023764,
    0.15145012166118504,
    0.16355730958424575,
    0.12306067669942565,
    0.1135326349912562,
    0.13101936407979145,
    0.12438530065859198,
    0.1263700230590019,
    0.15263649912595884,
    0.14889589838214573,
    0.1424647738392223,
    0.12162026560731162,
    0.15280150793915703,
    0.14453893782378346,
    0.12583552407257143,
    0.14883765938033164,
    0.1161873316418535
  ],
  "per_episode_costs": [
    45.0,
    32.0,
    24.0,
    0.0,
    42.0,
    23.0,
    13.0,
    83.0,
    96.0,
    52.0,
    0.0,
    31.0,
    134.0,
    83.0,
    41.0,
    42.0,
    52.0,
    17.0,
    78.0,
    52.0,
    36.0,
    47.0,
    0.0,
    95.0,
    0.0,
    27.0,
    17.0,
    62.0,
    47.0,
    0.0,
    34.0,
    43.0,
    105.0,
    76.0,
    19.0,
    16.0,
    49.0,
    49.0,
    0.0,
    44.0,
    68.0,
    69.0,
    71.0,
    70.0,
    101.0,
    63.0,
    83.0,
    27.0,
    116.0,
    15.0,
    21.0,
    0.0,
    22.0,
    64.0,
    101.0,
    48.0,
    51.0,
    27.0,
    90.0,
    27.0,
    87.0,
    48.0,
    58.0,
    72.0,
    58.0,
    104.0,
    45.0,
    0.0,
    47.0,
    62.0,
    79.0,
    14.0,
    57.0,
    26.0,
    39.0,
    0.0,
    82.0,
    50.0,
    15.0,
    31.0,
    64.0,
    29.0,
    35.0,
    24.0,
    69.0,
    93.0,
    64.0,
    16.0,
    33.0,
    34.0,
    0.0,
    33.0,
    16.0,
    40.0,
    86.0,
    80.0,
    33.0,
    7.0,
    26.0,
    21.0
  ]
}