{
  "mean_return": 2985.4153898690083,
  "std_return": 75.37928136498583,
  "se_return": 7.537928136498583,
  "mean_length": 993.35,
  "mean_action_smoothness": 0.39712869346141816,
  "std_action_smoothness": 0.0051922851967340245,
  "mean_action_magnitude": 0.7946119916439056,
  "mean_cost": 0.0,
  "total_cost": 0.0,
  "feasibility_rate": 1.0,
  "policy_entropy": null,
  "q_value_variance": 0.3395170569419861,
  "mean_recovery_ratio": 1.8537635073282914,
  "std_recovery_ratio": 0.041381777318840476,
  "n_episodes": 100,
  "per_episode_returns": [
    2968.9064235953138,
    3002.9862788844084,
    2964.3188016170993,
    3020.7037288474935,
    2973.7107772953887,
    2962.313741694693,
    2975.637132277143,
    3020.50432172903,
    3008.6119349441433,
    3004.0734009810008,
    2973.5688547007467,
    2965.6012486638197,
    2838.3397278331126,
    2965.795036480995,
    3100.7052997108444,
    2982.7159634863233,
    2960.5154416229507,
    3041.2254088821137,
    3027.2189487102905,
    3016.764921762778,
    2949.2571401274763,
    2964.0436328665987,
    3019.1378417649794,
    3036.8663331397197,
    3013.9198616964477,
    3022.373213208886,
    2970.6700890973116,
    2994.606778550866,
    2947.7884688802687,
    2954.535758972379,
    2991.731178710156,
    2967.81320618684,
    2884.8483241961776,
    3047.9579693463597,
    2949.9177188514495,
    2958.7345653126554,
    2982.2079556187978,
    3016.7828041159178,
    3047.7740861455186,
    2959.4195962714393,
    2972.2687915757756,
    2953.5682855109358,
    2955.4054477629093,
    3074.8066306738297,
    3017.567930463932,
    2963.8236342234236,
    2961.237608049129,
    2994.914347038595,
    3021.9966443749186,
    2969.075801927506,
    2845.862759038286,
    2965.2446995928444,
    3060.549598731805,
    3013.2368903058077,
    3025.4288688544725,
    2954.4954046110925,
    3023.993932273791,
    2977.0648518072153,
    2952.959846990083,
    3085.082625325124,
    2952.9225132231218,
    3109.9483111414474,
    2950.309402752794,
    3023.0708672473106,
    3000.2562575066463,
    2972.9834626827933,
    2991.8131336876404,
    2967.9776594070613,
    2965.9094457929205,
    3020.954017542421,
    2991.8790217189517,
    3004.726446865446,
    3014.279915486462,
    2975.8831071391432,
    2954.4976206877886,
    2999.7039793773592,
    2970.5114605142035,
    2987.0456744682097,
    3002.3919680003887,
    2987.788373392401,
    3011.6563130001723,
    3012.2199412284203,
    2967.149545428692,
    3090.672704376298,
    3019.533134650572,
    2392.9437018896933,
    2962.4167008419035,
    2967.129273284476,
    3060.2039339563144,
    2965.9292112595867,
    2961.846815516756,
    2961.178727870398,
    2895.4634266698126,
    3115.723245549362,
    2981.5946126098106,
    2992.92639348592,
    3025.6115187400574,
    3029.256846554937,
    3067.524738840821,
    2972.517046600873
  ],
  "per_episode_smoothness": [
    0.3934580385684967,
    0.3984859883785248,
    0.3928963840007782,
    0.3934401273727417,
    0.39993247389793396,
    0.3937299847602844,
    0.3953531086444855,
    0.40133383870124817,
    0.40709245204925537,
    0.40813973546028137,
    0.39551565051078796,
    0.39594316482543945,
    0.4071280360221863,
    0.3905596137046814,
    0.4063791334629059,
    0.39444342255592346,
    0.38903123140335083,
    0.39671915769577026,
    0.4080037772655487,
    0.3958303928375244,
    0.39181992411613464,
    0.3973431885242462,
    0.39495849609375,
    0.3952910006046295,
    0.3961206078529358,
    0.40555810928344727,
    0.3908692002296448,
    0.3952762484550476,
    0.39663034677505493,
    0.3970349133014679,
    0.4025472104549408,
    0.39296162128448486,
    0.4007573425769806,
    0.4009062647819519,
    0.39254558086395264,
    0.39354655146598816,
    0.39894652366638184,
    0.3998575508594513,
    0.3980085253715515,
    0.39480337500572205,
    0.3898445665836334,
    0.39302724599838257,
    0.396234393119812,
    0.40005362033843994,
    0.4025251567363739,
    0.38871026039123535,
    0.40090715885162354,
    0.3992323577404022,
    0.3904421925544739,
    0.39434197545051575,
    0.3901602625846863,
    0.38621556758880615,
    0.38905084133148193,
    0.40071627497673035,
    0.3988547921180725,
    0.4008631110191345,
    0.39873450994491577,
    0.39184269309043884,
    0.39803898334503174,
    0.39704638719558716,
    0.39883431792259216,
    0.4096634089946747,
    0.3910653591156006,
    0.3978627622127533,
    0.39775773882865906,
    0.3913559913635254,
    0.4002406895160675,
    0.40667760372161865,
    0.39549335837364197,
    0.3949565887451172,
    0.396124929189682,
    0.3987624943256378,
    0.39598846435546875,
    0.39347031712532043,
    0.3952428698539734,
    0.39803144335746765,
    0.39944368600845337,
    0.39121586084365845,
    0.40006551146507263,
    0.3948447108268738,
    0.39755555987358093,
    0.40201035141944885,
    0.39401012659072876,
    0.4132882356643677,
    0.40416836738586426,
    0.4058108329772949,
    0.39653754234313965,
    0.3916822373867035,
    0.39590585231781006,
    0.39600467681884766,
    0.3978739380836487,
    0.4029316306114197,
    0.3995906412601471,
    0.38530561327934265,
    0.3966439366340637,
    0.392193466424942,
    0.4036015272140503,
    0.39664363861083984,
    0.3921451270580292,
    0.3958272933959961
  ],
  "per_episode_costs": [
    0.0,
    0.0,
    0.0,
    0.0,
    0.0,
    0.0,
    0.0,
    0.0,
    0.0,
    0.0,
    0.0,
    0.0,
    0.0,
    0.0,
    0.0,
    0.0,
    0.0,
    0.0,
    0.0,
    0.0,
    0.0,
    0.0,
    0.0,
    0.0,
    0.0,
    0.0,
    0.0,
    0.0,
    0.0,
    0.0,
    0.0,
    0.0,
    0.0,
    0.0,
    0.0,
    0.0,
    0.0,
    0.0,
    0.0,
    0.0,
    0.0,
    0.0,
    0.0,
    0.0,
    0.0,
    0.0,
    0.0,
    0.0,
    0.0,
    0.0,
    0.0,
    0.0,
    0.0,
    0.0,
    0.0,
    0.0,
    0.0,
    0.0,
    0.0,
    0.0,
    0.0,
    0.0,
    0.0,
    0.0,
    0.0,
    0.0,
    0.0,
    0.0,
    0.0,
    0.0,
    0.0,
    0.0,
    0.0,
    0.0,
    0.0,
    0.0,
    0.0,
    0.0,
    0.0,
    0.0,
    0.0,
    0.0,
    0.0,
    0.0,
    0.0,
    0.0,
    0.0,
    0.0,
    0.0,
    0.0,
    0.0,
    0.0,
    0.0,
    0.0,
    0.0,
    0.0,
    0.0,
    0.0,
    0.0,
    0.0
  ]
}