{
  "mean_return": 3001.0306610281446,
  "std_return": 43.962729546527804,
  "se_return": 4.396272954652781,
  "mean_length": 997.99,
  "mean_action_smoothness": 0.3965959346294403,
  "std_action_smoothness": 0.005374618267679147,
  "mean_action_magnitude": 0.7944770586490632,
  "mean_cost": 0.0,
  "total_cost": 0.0,
  "feasibility_rate": 1.0,
  "policy_entropy": null,
  "q_value_variance": 0.4540679454803467,
  "mean_recovery_ratio": 1.8565991941528843,
  "std_recovery_ratio": 0.03853635067560246,
  "n_episodes": 100,
  "per_episode_returns": [
    3081.6240946969965,
    3042.9429074420323,
    3052.3726246764604,
    2965.7340178575973,
    2959.54252910139,
    3034.964024709321,
    3126.3328544519795,
    2991.764931208869,
    3063.6030858196336,
    2966.2067074599227,
    3099.6487269606387,
    2976.668290130141,
    2989.7821548720403,
    3015.7964632353005,
    2974.2001864158583,
    3030.803192132329,
    2969.994052637894,
    3012.0675567680314,
    3019.8863173442946,
    3016.4233124055836,
    2962.839794972219,
    3067.2104886441775,
    3019.5844795165194,
    2971.585177354657,
    2973.642058564629,
    2882.4847464148424,
    3011.377274499681,
    2946.3416387443954,
    3055.2091195524367,
    2950.4326648392193,
    2972.244044726168,
    2955.154488504987,
    2967.771674624592,
    3045.685265411684,
    2969.262245758913,
    2963.476229455447,
    2952.374161263275,
    3060.3041729548763,
    2988.2640621697888,
    2984.158230511939,
    2986.4578616106446,
    3000.9844472236987,
    3005.2377358012855,
    2972.9907682518738,
    2952.0576000619526,
    3012.2131840193765,
    3030.3544125758854,
    2969.4184391775543,
    2982.318528774713,
    2964.1919445534213,
    3000.8135515724057,
    3094.4290839429523,
    2963.2561229152398,
    3031.758738678885,
    3021.327160404365,
    3078.0465512383707,
    2990.6621961921096,
    3028.543688688721,
    3067.592063072283,
    2961.444247671429,
    3023.18095275664,
    2962.6168547384236,
    3052.199462024148,
    3003.0985903350993,
    2959.344807404414,
    3011.6472779218857,
    3031.097814092379,
    2961.7048395817196,
    2978.9980468130184,
    3019.233959740374,
    2979.414522491829,
    3070.9746699370144,
    2964.188799704908,
    2977.3631567396637,
    3004.5461251018583,
    2959.5213198904203,
    2981.1931596101226,
    3039.8925683221764,
    3059.428562425616,
    2959.935606095265,
    2881.3985695587835,
    3060.0242108184707,
    3015.083566003714,
    2966.290023305686,
    2971.972415836055,
    2966.0145170035694,
    3075.333621571035,
    2952.202139590713,
    3069.7492923667423,
    3012.493834039541,
    3005.7410823444134,
    2999.7893588258253,
    3013.437332423883,
    2976.182207602359,
    2973.383677616614,
    3054.4185316956437,
    2975.9259428528417,
    2977.962166611807,
    2986.3200844442385,
    2965.904057337619
  ],
  "per_episode_smoothness": [
    0.419681191444397,
    0.3954837918281555,
    0.3952088952064514,
    0.390662282705307,
    0.3958093225955963,
    0.4015907943248749,
    0.3863997459411621,
    0.4004802107810974,
    0.40338197350502014,
    0.3988385498523712,
    0.4058546721935272,
    0.3943248987197876,
    0.39447829127311707,
    0.4021124541759491,
    0.3917551338672638,
    0.4071863293647766,
    0.40550997853279114,
    0.39651748538017273,
    0.4024844467639923,
    0.4015924632549286,
    0.39358779788017273,
    0.3959483802318573,
    0.39770379662513733,
    0.39540183544158936,
    0.3945387899875641,
    0.3934660851955414,
    0.3985605537891388,
    0.3949187099933624,
    0.3927524983882904,
    0.3946487605571747,
    0.39592215418815613,
    0.40143153071403503,
    0.39789876341819763,
    0.3926642835140228,
    0.39544543623924255,
    0.3976278305053711,
    0.39213645458221436,
    0.38702592253685,
    0.3967447578907013,
    0.39440423250198364,
    0.395477294921875,
    0.3969075083732605,
    0.39825427532196045,
    0.3955641984939575,
    0.39618000388145447,
    0.39757099747657776,
    0.394165575504303,
    0.3999461829662323,
    0.39293304085731506,
    0.399309366941452,
    0.39546334743499756,
    0.4073311388492584,
    0.3887447118759155,
    0.3980637490749359,
    0.4043631851673126,
    0.394814133644104,
    0.39417433738708496,
    0.40199336409568787,
    0.396384060382843,
    0.39284548163414,
    0.40426382422447205,
    0.3923202455043793,
    0.40149787068367004,
    0.39298662543296814,
    0.39189717173576355,
    0.398008793592453,
    0.39314064383506775,
    0.38874855637550354,
    0.3924785852432251,
    0.39311468601226807,
    0.39982494711875916,
    0.39292165637016296,
    0.3968349099159241,
    0.39903169870376587,
    0.39958396553993225,
    0.3938787579536438,
    0.39847734570503235,
    0.3909849524497986,
    0.39863133430480957,
    0.39859622716903687,
    0.39127612113952637,
    0.4056730270385742,
    0.3938737213611603,
    0.3904673159122467,
    0.39062339067459106,
    0.3924611806869507,
    0.3949602544307709,
    0.39489489793777466,
    0.39073243737220764,
    0.40299662947654724,
    0.4041078984737396,
    0.40448322892189026,
    0.3956291079521179,
    0.3917190134525299,
    0.3912741243839264,
    0.41117534041404724,
    0.3888321816921234,
    0.3912023603916168,
    0.3956036865711212,
    0.3877173066139221
  ],
  "per_episode_costs": [
    0.0,
    0.0,
    0.0,
    0.0,
    0.0,
    0.0,
    0.0,
    0.0,
    0.0,
    0.0,
    0.0,
    0.0,
    0.0,
    0.0,
    0.0,
    0.0,
    0.0,
    0.0,
    0.0,
    0.0,
    0.0,
    0.0,
    0.0,
    0.0,
    0.0,
    0.0,
    0.0,
    0.0,
    0.0,
    0.0,
    0.0,
    0.0,
    0.0,
    0.0,
    0.0,
    0.0,
    0.0,
    0.0,
    0.0,
    0.0,
    0.0,
    0.0,
    0.0,
    0.0,
    0.0,
    0.0,
    0.0,
    0.0,
    0.0,
    0.0,
    0.0,
    0.0,
    0.0,
    0.0,
    0.0,
    0.0,
    0.0,
    0.0,
    0.0,
    0.0,
    0.0,
    0.0,
    0.0,
    0.0,
    0.0,
    0.0,
    0.0,
    0.0,
    0.0,
    0.0,
    0.0,
    0.0,
    0.0,
    0.0,
    0.0,
    0.0,
    0.0,
    0.0,
    0.0,
    0.0,
    0.0,
    0.0,
    0.0,
    0.0,
    0.0,
    0.0,
    0.0,
    0.0,
    0.0,
    0.0,
    0.0,
    0.0,
    0.0,
    0.0,
    0.0,
    0.0,
    0.0,
    0.0,
    0.0,
    0.0
  ]
}