{
  "mean_return": 6135.131022231439,
  "std_return": 87.43159288502788,
  "se_return": 8.743159288502788,
  "mean_length": 1000.0,
  "mean_action_smoothness": 2.4855093955993652,
  "std_action_smoothness": 0.012998306533944412,
  "mean_action_magnitude": 2.021123387813568,
  "mean_cost": 0.0,
  "total_cost": 0.0,
  "feasibility_rate": 1.0,
  "policy_entropy": null,
  "q_value_variance": 2.295496702194214,
  "mean_recovery_ratio": 2.216372892078174,
  "std_recovery_ratio": 0.13176836145720125,
  "n_episodes": 100,
  "per_episode_returns": [
    6120.119200021111,
    6139.567525791202,
    6081.196459306571,
    6009.860006021575,
    6188.429923917602,
    6167.4512517447165,
    6235.244583965507,
    6023.8381039007145,
    6118.353311760675,
    5901.535334248613,
    6143.771636049745,
    6185.780971989206,
    6296.830011044968,
    6140.427467214723,
    6159.45193435592,
    6101.869947265083,
    6225.695212695616,
    6163.666958989411,
    6103.329163570499,
    6214.308893399064,
    6243.559650928564,
    6104.927083635874,
    6168.711321680065,
    6184.955140732312,
    6199.076478616298,
    6119.559541506211,
    5983.09226364697,
    6151.890350481384,
    6233.5579258658545,
    6077.320556105682,
    6179.25343143291,
    6187.6197815968035,
    6138.077672730306,
    6019.314467517384,
    5972.7878014644275,
    6111.047419258491,
    6235.91310212831,
    6223.343407825463,
    6201.6678724407575,
    6226.905083781436,
    6086.1976148700505,
    6151.453869402311,
    6305.833416809625,
    5886.541870107813,
    6165.821059007869,
    6239.378080993247,
    6169.469688997173,
    6230.613555195306,
    6144.5101856186775,
    6166.907634034995,
    6170.228261091698,
    5989.156216145697,
    6180.818950528745,
    6256.273087942803,
    6130.108494276384,
    6212.109999253151,
    6257.0023189148305,
    6194.21808286805,
    6071.731678343758,
    6172.122030992064,
    6042.465690432445,
    6137.342651302622,
    6225.546541505119,
    6069.741494786652,
    6105.525382993556,
    6112.778899829649,
    6063.980074059595,
    6022.637914931795,
    5986.689169251981,
    6084.845728199039,
    6227.6698838172315,
    6251.790794244626,
    6144.2265571198495,
    6031.779160052485,
    5998.262897856715,
    6168.171115450211,
    6098.026403061353,
    6199.731506374768,
    6191.4307048797555,
    6126.21252563152,
    6055.458389520548,
    6060.08489367214,
    5968.630844656293,
    6163.044565257675,
    6236.99753696196,
    5974.001569366867,
    6271.205473290546,
    6102.068035177856,
    6233.227806016684,
    6163.438801519962,
    6237.850483864263,
    6157.9517255472365,
    6049.925997384524,
    6095.121413707924,
    6065.522403550267,
    6232.443692718722,
    6059.058624803936,
    5974.683352858275,
    6127.542741069572,
    6132.184430395435
  ],
  "per_episode_smoothness": [
    2.4740524291992188,
    2.489778757095337,
    2.483020544052124,
    2.4926137924194336,
    2.4848241806030273,
    2.4949207305908203,
    2.499985933303833,
    2.4728424549102783,
    2.478353977203369,
    2.466416120529175,
    2.507534980773926,
    2.493828773498535,
    2.505918502807617,
    2.4938125610351562,
    2.4662721157073975,
    2.492382049560547,
    2.469640016555786,
    2.5140879154205322,
    2.468065023422241,
    2.497987747192383,
    2.4979441165924072,
    2.471240282058716,
    2.4838664531707764,
    2.507279634475708,
    2.4871394634246826,
    2.4808900356292725,
    2.4899230003356934,
    2.4919371604919434,
    2.4791085720062256,
    2.477440357208252,
    2.4654054641723633,
    2.481599807739258,
    2.489047050476074,
    2.483330011367798,
    2.467515230178833,
    2.4970712661743164,
    2.4906225204467773,
    2.507478952407837,
    2.49176287651062,
    2.4821131229400635,
    2.496161460876465,
    2.4772679805755615,
    2.5038068294525146,
    2.48232364654541,
    2.4939966201782227,
    2.4965007305145264,
    2.501192092895508,
    2.474468231201172,
    2.477781295776367,
    2.49137282371521,
    2.498077630996704,
    2.4707252979278564,
    2.51428484916687,
    2.4976701736450195,
    2.481156349182129,
    2.5074710845947266,
    2.4898197650909424,
    2.492462635040283,
    2.4868886470794678,
    2.4923648834228516,
    2.4745609760284424,
    2.4922304153442383,
    2.490868330001831,
    2.4805214405059814,
    2.454984188079834,
    2.4778692722320557,
    2.4860918521881104,
    2.4763028621673584,
    2.44311261177063,
    2.4810128211975098,
    2.495957374572754,
    2.473647117614746,
    2.4785351753234863,
    2.4836368560791016,
    2.4768030643463135,
    2.488765239715576,
    2.481884241104126,
    2.481189250946045,
    2.4705443382263184,
    2.4714441299438477,
    2.493425130844116,
    2.472447633743286,
    2.496053695678711,
    2.494217872619629,
    2.4830236434936523,
    2.467660665512085,
    2.4926724433898926,
    2.497061014175415,
    2.4441659450531006,
    2.4893388748168945,
    2.4880917072296143,
    2.473360538482666,
    2.4822590351104736,
    2.492220640182495,
    2.4965100288391113,
    2.4891159534454346,
    2.4768850803375244,
    2.4962360858917236,
    2.4803013801574707,
    2.4910836219787598
  ],
  "per_episode_costs": [
    0.0,
    0.0,
    0.0,
    0.0,
    0.0,
    0.0,
    0.0,
    0.0,
    0.0,
    0.0,
    0.0,
    0.0,
    0.0,
    0.0,
    0.0,
    0.0,
    0.0,
    0.0,
    0.0,
    0.0,
    0.0,
    0.0,
    0.0,
    0.0,
    0.0,
    0.0,
    0.0,
    0.0,
    0.0,
    0.0,
    0.0,
    0.0,
    0.0,
    0.0,
    0.0,
    0.0,
    0.0,
    0.0,
    0.0,
    0.0,
    0.0,
    0.0,
    0.0,
    0.0,
    0.0,
    0.0,
    0.0,
    0.0,
    0.0,
    0.0,
    0.0,
    0.0,
    0.0,
    0.0,
    0.0,
    0.0,
    0.0,
    0.0,
    0.0,
    0.0,
    0.0,
    0.0,
    0.0,
    0.0,
    0.0,
    0.0,
    0.0,
    0.0,
    0.0,
    0.0,
    0.0,
    0.0,
    0.0,
    0.0,
    0.0,
    0.0,
    0.0,
    0.0,
    0.0,
    0.0,
    0.0,
    0.0,
    0.0,
    0.0,
    0.0,
    0.0,
    0.0,
    0.0,
    0.0,
    0.0,
    0.0,
    0.0,
    0.0,
    0.0,
    0.0,
    0.0,
    0.0,
    0.0,
    0.0,
    0.0
  ]
}