{
  "mean_return": 6137.837444352347,
  "std_return": 85.44062135266567,
  "se_return": 8.544062135266568,
  "mean_length": 1000.0,
  "mean_action_smoothness": 2.4850922441482544,
  "std_action_smoothness": 0.014045971311017046,
  "mean_action_magnitude": 2.0208975672721863,
  "mean_cost": 0.0,
  "total_cost": 0.0,
  "feasibility_rate": 1.0,
  "policy_entropy": null,
  "q_value_variance": 2.855860471725464,
  "mean_recovery_ratio": 2.179958933324895,
  "std_recovery_ratio": 0.2128527970878426,
  "n_episodes": 100,
  "per_episode_returns": [
    6092.414189342029,
    6224.580628445233,
    6146.602829965276,
    6185.113161200406,
    6154.010346495185,
    6120.606749316006,
    6049.342919175623,
    6071.576263510641,
    6234.839510876393,
    6036.789779490916,
    5990.082902489726,
    6150.864642166948,
    6249.9770664895705,
    6254.86196444736,
    6230.886075163535,
    6298.610674233119,
    6116.109230619119,
    6137.7116416030085,
    6063.5910137642495,
    6047.6869423739345,
    6263.0033722422395,
    6104.369093308765,
    6160.361011360483,
    6049.9323565786935,
    6107.591506836434,
    6122.716270794982,
    6237.003470652125,
    6097.75807247465,
    6227.659099333357,
    6264.826180591926,
    6149.908693802594,
    6015.177051276047,
    6215.991019255627,
    6009.641566972958,
    6124.304693600866,
    6039.6439876124105,
    6124.614345981161,
    6225.399453672591,
    6082.200349587872,
    6063.824619052264,
    6292.961570781396,
    5929.160658265577,
    6092.640305199591,
    6145.9294293086905,
    6266.425618139556,
    6088.282619668036,
    6119.445936890329,
    6147.948159944817,
    5961.635445772601,
    6180.0793146756305,
    6186.699069770184,
    6306.664741948209,
    6220.643190660939,
    6168.203978462253,
    6078.505479946411,
    6273.737082495863,
    6049.539022618982,
    6032.514991659774,
    6151.056530403436,
    6239.504823547421,
    6119.928699529707,
    6203.214914710091,
    6194.574904111236,
    6218.724923679672,
    6195.400705320469,
    6062.142170260156,
    6056.960982656158,
    6347.118803995395,
    6258.855781986988,
    6136.529789149689,
    6140.53471152827,
    6076.287435603039,
    6002.1470859135425,
    6113.26753909419,
    6102.1010341062265,
    6160.855181868472,
    6117.058770868531,
    6074.5395348499305,
    6091.902763774758,
    6104.932628979224,
    6161.194234830812,
    6146.3663290453505,
    6196.775583523038,
    5990.3054298673605,
    5955.264619454403,
    6174.155065830624,
    6147.3544676098,
    6172.532905037286,
    6184.725838808297,
    6103.361849662626,
    6197.403172182641,
    6149.923025337485,
    6190.917059978742,
    6082.435392862921,
    5934.209944680694,
    6121.580580184921,
    6240.33532267365,
    6083.095302539901,
    6145.458831612486,
    6155.508401209924
  ],
  "per_episode_smoothness": [
    2.4853744506835938,
    2.483689308166504,
    2.4545295238494873,
    2.4823434352874756,
    2.4931836128234863,
    2.4656848907470703,
    2.4658243656158447,
    2.4814345836639404,
    2.4658877849578857,
    2.492133378982544,
    2.4761862754821777,
    2.488534450531006,
    2.4772160053253174,
    2.4901342391967773,
    2.5096449851989746,
    2.503516435623169,
    2.473109245300293,
    2.4643805027008057,
    2.492419481277466,
    2.486680507659912,
    2.47979474067688,
    2.478783369064331,
    2.4981844425201416,
    2.5142250061035156,
    2.4950191974639893,
    2.47633695602417,
    2.4789624214172363,
    2.4807028770446777,
    2.5000038146972656,
    2.488952398300171,
    2.5111470222473145,
    2.4705936908721924,
    2.4690566062927246,
    2.5004899501800537,
    2.490508794784546,
    2.4658734798431396,
    2.4661028385162354,
    2.4922287464141846,
    2.4851043224334717,
    2.446573257446289,
    2.49114990234375,
    2.4911420345306396,
    2.4775125980377197,
    2.479160785675049,
    2.481233596801758,
    2.472822904586792,
    2.471069574356079,
    2.4678962230682373,
    2.473515510559082,
    2.492990016937256,
    2.4782609939575195,
    2.5163912773132324,
    2.4749650955200195,
    2.4895544052124023,
    2.4866247177124023,
    2.495882034301758,
    2.5002071857452393,
    2.463374614715576,
    2.4766440391540527,
    2.5052714347839355,
    2.5003573894500732,
    2.485553503036499,
    2.481081247329712,
    2.505568504333496,
    2.492689847946167,
    2.4852941036224365,
    2.48388934135437,
    2.51295804977417,
    2.467292308807373,
    2.4905922412872314,
    2.4831931591033936,
    2.4679064750671387,
    2.4954659938812256,
    2.4994242191314697,
    2.473367214202881,
    2.4754693508148193,
    2.4883406162261963,
    2.4872794151306152,
    2.467371702194214,
    2.504967451095581,
    2.482576370239258,
    2.479440450668335,
    2.5037763118743896,
    2.468684434890747,
    2.480060577392578,
    2.486427068710327,
    2.4764273166656494,
    2.4872372150421143,
    2.4712915420532227,
    2.501437187194824,
    2.4772844314575195,
    2.484689712524414,
    2.4692461490631104,
    2.515277862548828,
    2.4798598289489746,
    2.4956514835357666,
    2.4941020011901855,
    2.4932053089141846,
    2.493731737136841,
    2.5145349502563477
  ],
  "per_episode_costs": [
    0.0,
    0.0,
    0.0,
    0.0,
    0.0,
    0.0,
    0.0,
    0.0,
    0.0,
    0.0,
    0.0,
    0.0,
    0.0,
    0.0,
    0.0,
    0.0,
    0.0,
    0.0,
    0.0,
    0.0,
    0.0,
    0.0,
    0.0,
    0.0,
    0.0,
    0.0,
    0.0,
    0.0,
    0.0,
    0.0,
    0.0,
    0.0,
    0.0,
    0.0,
    0.0,
    0.0,
    0.0,
    0.0,
    0.0,
    0.0,
    0.0,
    0.0,
    0.0,
    0.0,
    0.0,
    0.0,
    0.0,
    0.0,
    0.0,
    0.0,
    0.0,
    0.0,
    0.0,
    0.0,
    0.0,
    0.0,
    0.0,
    0.0,
    0.0,
    0.0,
    0.0,
    0.0,
    0.0,
    0.0,
    0.0,
    0.0,
    0.0,
    0.0,
    0.0,
    0.0,
    0.0,
    0.0,
    0.0,
    0.0,
    0.0,
    0.0,
    0.0,
    0.0,
    0.0,
    0.0,
    0.0,
    0.0,
    0.0,
    0.0,
    0.0,
    0.0,
    0.0,
    0.0,
    0.0,
    0.0,
    0.0,
    0.0,
    0.0,
    0.0,
    0.0,
    0.0,
    0.0,
    0.0,
    0.0,
    0.0
  ]
}