{
  "mean_return": 3376.526641101919,
  "std_return": 3.8614816918212616,
  "se_return": 0.38614816918212613,
  "mean_length": 1000.0,
  "mean_action_smoothness": 0.2094515536725521,
  "std_action_smoothness": 0.0005668274343903812,
  "mean_action_magnitude": 0.9092295974493027,
  "mean_cost": 0.0,
  "total_cost": 0.0,
  "feasibility_rate": 1.0,
  "policy_entropy": 2.271134376525879,
  "q_value_variance": null,
  "mean_recovery_ratio": 2.038815425814385,
  "std_recovery_ratio": 0.008782901211845138,
  "n_episodes": 100,
  "per_episode_returns": [
    3372.6085723219426,
    3377.078222589111,
    3377.3032345832507,
    3375.556059943759,
    3376.695195022336,
    3380.02783074642,
    3377.443405020639,
    3375.4846966114087,
    3366.4732673578915,
    3371.9327405398813,
    3372.0376544697874,
    3376.1170204028776,
    3378.8070915506873,
    3374.7349489663666,
    3375.3762458378387,
    3379.27539024495,
    3377.6302602732753,
    3371.124240775974,
    3379.3733993565547,
    3375.411308672114,
    3373.799210440097,
    3378.7259261597424,
    3374.6389921169434,
    3381.5576356567612,
    3379.899127011905,
    3379.685992105786,
    3378.559582695333,
    3376.604574420161,
    3373.375532098506,
    3379.898482945153,
    3376.0515741492504,
    3373.8165592051473,
    3377.1578018902637,
    3380.667048237997,
    3379.1480736341014,
    3375.999893578803,
    3387.9247368420174,
    3375.1586251112294,
    3372.451412015002,
    3373.633921956157,
    3379.4978347183223,
    3382.8736440849043,
    3371.34478720583,
    3372.0401488478265,
    3375.500052204954,
    3372.2886799416424,
    3379.227279564165,
    3372.6012755989327,
    3379.3846401022597,
    3383.437896520988,
    3374.6320183775656,
    3374.736240032558,
    3379.3719373043914,
    3386.2591791169757,
    3375.4336695016536,
    3377.6174694705855,
    3379.8237237015646,
    3378.0492259723983,
    3372.0483396159866,
    3377.268089726396,
    3374.3730737558076,
    3374.5108698036306,
    3373.0761313760186,
    3375.395791646097,
    3379.44197623025,
    3375.6856030417393,
    3379.19193328455,
    3375.529875329976,
    3375.228074192902,
    3376.220908281548,
    3380.0103639088065,
    3373.5484511388695,
    3371.0248064781845,
    3383.7989306813547,
    3376.4073029341084,
    3375.0497438100474,
    3378.942229056821,
    3369.9291011596115,
    3376.075958920017,
    3375.0607466720217,
    3371.3947105584452,
    3380.486392783485,
    3374.371172825606,
    3380.546098793585,
    3391.136695449338,
    3374.8674522975666,
    3375.1308473770537,
    3379.8947667095335,
    3372.0805224564847,
    3371.5835501216206,
    3375.899012686726,
    3377.6796878654322,
    3374.9659885996707,
    3377.890672696935,
    3379.685361039779,
    3374.2712733106005,
    3373.266107190835,
    3370.0445519355903,
    3374.326039225953,
    3381.959715397953
  ],
  "per_episode_smoothness": [
    0.20763333141803741,
    0.21030078828334808,
    0.20985332131385803,
    0.20916253328323364,
    0.20973283052444458,
    0.2092929482460022,
    0.2090742439031601,
    0.20893467962741852,
    0.20854154229164124,
    0.20861995220184326,
    0.2093065083026886,
    0.21071545779705048,
    0.20964017510414124,
    0.20895899832248688,
    0.20955012738704681,
    0.2099757194519043,
    0.20969562232494354,
    0.20896244049072266,
    0.20955932140350342,
    0.2088208794593811,
    0.20965167880058289,
    0.20996351540088654,
    0.2091917097568512,
    0.20935097336769104,
    0.20946651697158813,
    0.20999574661254883,
    0.20926718413829803,
    0.20983700454235077,
    0.20923972129821777,
    0.21009579300880432,
    0.20887309312820435,
    0.20949874818325043,
    0.20977053046226501,
    0.20938143134117126,
    0.2098158299922943,
    0.20895333588123322,
    0.20936278998851776,
    0.20947027206420898,
    0.20892801880836487,
    0.20955809950828552,
    0.20969858765602112,
    0.21053984761238098,
    0.20934930443763733,
    0.20937883853912354,
    0.2097429782152176,
    0.20897157490253448,
    0.20986071228981018,
    0.21019519865512848,
    0.20826759934425354,
    0.210317924618721,
    0.2092137485742569,
    0.20949997007846832,
    0.20943664014339447,
    0.20940211415290833,
    0.2100011706352234,
    0.20965491235256195,
    0.2094901204109192,
    0.21006916463375092,
    0.20934851467609406,
    0.210325688123703,
    0.20967918634414673,
    0.20857763290405273,
    0.20878829061985016,
    0.21018943190574646,
    0.20983418822288513,
    0.20895572006702423,
    0.21041922271251678,
    0.20928899943828583,
    0.209260955452919,
    0.2088814526796341,
    0.21009425818920135,
    0.2094610035419464,
    0.20896223187446594,
    0.20900991559028625,
    0.20927587151527405,
    0.20959512889385223,
    0.21002502739429474,
    0.20835508406162262,
    0.20971950888633728,
    0.20906342566013336,
    0.20962204039096832,
    0.20978792011737823,
    0.20951899886131287,
    0.21061281859874725,
    0.21025718748569489,
    0.20929394662380219,
    0.20887763798236847,
    0.20964300632476807,
    0.2090182602405548,
    0.2078833431005478,
    0.21001873910427094,
    0.20860300958156586,
    0.21002744138240814,
    0.2101372629404068,
    0.20970703661441803,
    0.20966379344463348,
    0.20845027267932892,
    0.20948173105716705,
    0.2092786282300949,
    0.20906773209571838
  ],
  "per_episode_costs": [
    0.0,
    0.0,
    0.0,
    0.0,
    0.0,
    0.0,
    0.0,
    0.0,
    0.0,
    0.0,
    0.0,
    0.0,
    0.0,
    0.0,
    0.0,
    0.0,
    0.0,
    0.0,
    0.0,
    0.0,
    0.0,
    0.0,
    0.0,
    0.0,
    0.0,
    0.0,
    0.0,
    0.0,
    0.0,
    0.0,
    0.0,
    0.0,
    0.0,
    0.0,
    0.0,
    0.0,
    0.0,
    0.0,
    0.0,
    0.0,
    0.0,
    0.0,
    0.0,
    0.0,
    0.0,
    0.0,
    0.0,
    0.0,
    0.0,
    0.0,
    0.0,
    0.0,
    0.0,
    0.0,
    0.0,
    0.0,
    0.0,
    0.0,
    0.0,
    0.0,
    0.0,
    0.0,
    0.0,
    0.0,
    0.0,
    0.0,
    0.0,
    0.0,
    0.0,
    0.0,
    0.0,
    0.0,
    0.0,
    0.0,
    0.0,
    0.0,
    0.0,
    0.0,
    0.0,
    0.0,
    0.0,
    0.0,
    0.0,
    0.0,
    0.0,
    0.0,
    0.0,
    0.0,
    0.0,
    0.0,
    0.0,
    0.0,
    0.0,
    0.0,
    0.0,
    0.0,
    0.0,
    0.0,
    0.0,
    0.0
  ]
}