{
  "mean_return": 3376.3381010110566,
  "std_return": 3.989850160681041,
  "se_return": 0.3989850160681041,
  "mean_length": 1000.0,
  "mean_action_smoothness": 0.20947255596518516,
  "std_action_smoothness": 0.0005509035174975027,
  "mean_action_magnitude": 0.909242314696312,
  "mean_cost": 0.0,
  "total_cost": 0.0,
  "feasibility_rate": 1.0,
  "policy_entropy": 2.271134376525879,
  "q_value_variance": null,
  "mean_recovery_ratio": 2.04102234319571,
  "std_recovery_ratio": 0.007869671290327254,
  "n_episodes": 100,
  "per_episode_returns": [
    3369.2245751509754,
    3377.249035719925,
    3379.7989433046982,
    3375.085799212179,
    3370.536788705478,
    3369.4561720382585,
    3383.2847134669883,
    3381.3104122991285,
    3373.952129977852,
    3370.104748048477,
    3371.1268448783458,
    3372.3451719989894,
    3375.0353296874036,
    3385.1328138459226,
    3372.6838194556917,
    3370.9262571204754,
    3376.744281755254,
    3376.869377652136,
    3387.713427766736,
    3375.4269210637635,
    3381.875899983618,
    3380.6330388072715,
    3376.705583949298,
    3375.7327287316216,
    3371.3627091232597,
    3374.7076980822367,
    3377.5113002425637,
    3378.487916485725,
    3380.899552857988,
    3378.1306969353986,
    3370.2456432164927,
    3377.7585324044667,
    3375.404498883838,
    3371.0664858303585,
    3379.917737254088,
    3375.8619848667663,
    3381.301041477312,
    3376.8845876374335,
    3375.2762221101502,
    3376.3024388892595,
    3377.348401651274,
    3374.275835563987,
    3373.742397241996,
    3385.812042776854,
    3372.107552106182,
    3374.0504962126192,
    3377.3333691613443,
    3377.60323964546,
    3377.050073354219,
    3377.4517033287034,
    3372.9128388107665,
    3380.599932163808,
    3377.5354043675557,
    3372.977474570435,
    3375.422089961885,
    3378.4803291489156,
    3376.1141810655317,
    3381.291569223198,
    3382.484018985568,
    3376.468874222084,
    3376.4107811945173,
    3375.119500193112,
    3368.4090859716543,
    3383.8148000711863,
    3375.10897572991,
    3377.9880773674477,
    3374.084642262535,
    3379.866560414897,
    3380.075757843211,
    3377.812101515529,
    3381.5662537305247,
    3369.646483578974,
    3376.129247063975,
    3372.477814203387,
    3374.5155995130663,
    3381.011851149276,
    3375.370580115976,
    3375.638927003489,
    3376.3297096395318,
    3376.3580366691936,
    3375.195213964822,
    3373.1368464066527,
    3376.2884963357706,
    3380.6005325197434,
    3370.570893698995,
    3375.759598535421,
    3373.9126118694053,
    3378.215536916795,
    3378.521258870888,
    3372.4318333126134,
    3376.0347316321895,
    3374.917880539844,
    3376.2590687963666,
    3373.8874985786647,
    3387.300432013209,
    3374.3493003545855,
    3375.6598594416305,
    3370.0229917623283,
    3371.364446139711,
    3380.5105997043593
  ],
  "per_episode_smoothness": [
    0.21006080508232117,
    0.20941421389579773,
    0.209687277674675,
    0.20980150997638702,
    0.20834755897521973,
    0.20907223224639893,
    0.2095319628715515,
    0.2097892016172409,
    0.2099861353635788,
    0.20962616801261902,
    0.20896686613559723,
    0.2096807211637497,
    0.2096485197544098,
    0.20976528525352478,
    0.20960958302021027,
    0.208799809217453,
    0.20993609726428986,
    0.21025574207305908,
    0.21066340804100037,
    0.20948144793510437,
    0.21066196262836456,
    0.20961275696754456,
    0.20974719524383545,
    0.20891377329826355,
    0.20858930051326752,
    0.20912373065948486,
    0.2094171941280365,
    0.2092454582452774,
    0.2097022831439972,
    0.2091301530599594,
    0.20915448665618896,
    0.21045511960983276,
    0.20911304652690887,
    0.20926161110401154,
    0.20979255437850952,
    0.20928524434566498,
    0.21053360402584076,
    0.20897895097732544,
    0.2085752785205841,
    0.20942868292331696,
    0.2092558890581131,
    0.20833642780780792,
    0.20900490880012512,
    0.20974980294704437,
    0.20947466790676117,
    0.20970036089420319,
    0.20951059460639954,
    0.20923608541488647,
    0.20900245010852814,
    0.20930320024490356,
    0.20956142246723175,
    0.21044805645942688,
    0.20943160355091095,
    0.2102239578962326,
    0.20928288996219635,
    0.21015751361846924,
    0.20941650867462158,
    0.20978333055973053,
    0.20855869352817535,
    0.2096453607082367,
    0.20999111235141754,
    0.20952150225639343,
    0.2083602249622345,
    0.210271954536438,
    0.2091999351978302,
    0.2088814228773117,
    0.21042411029338837,
    0.20887430012226105,
    0.20990613102912903,
    0.20959271490573883,
    0.21009944379329681,
    0.2085852026939392,
    0.20921479165554047,
    0.20999230444431305,
    0.21020574867725372,
    0.20960065722465515,
    0.2093096524477005,
    0.20934991538524628,
    0.2096581906080246,
    0.20913375914096832,
    0.210061714053154,
    0.20967936515808105,
    0.2098035216331482,
    0.210173562169075,
    0.20911605656147003,
    0.20902998745441437,
    0.20894423127174377,
    0.20872029662132263,
    0.2101358324289322,
    0.20860205590724945,
    0.2094367891550064,
    0.2095564752817154,
    0.20910295844078064,
    0.2092597633600235,
    0.20898385345935822,
    0.2086540013551712,
    0.21055574715137482,
    0.20893079042434692,
    0.2084822952747345,
    0.20992256700992584
  ],
  "per_episode_costs": [
    0.0,
    0.0,
    0.0,
    0.0,
    0.0,
    0.0,
    0.0,
    0.0,
    0.0,
    0.0,
    0.0,
    0.0,
    0.0,
    0.0,
    0.0,
    0.0,
    0.0,
    0.0,
    0.0,
    0.0,
    0.0,
    0.0,
    0.0,
    0.0,
    0.0,
    0.0,
    0.0,
    0.0,
    0.0,
    0.0,
    0.0,
    0.0,
    0.0,
    0.0,
    0.0,
    0.0,
    0.0,
    0.0,
    0.0,
    0.0,
    0.0,
    0.0,
    0.0,
    0.0,
    0.0,
    0.0,
    0.0,
    0.0,
    0.0,
    0.0,
    0.0,
    0.0,
    0.0,
    0.0,
    0.0,
    0.0,
    0.0,
    0.0,
    0.0,
    0.0,
    0.0,
    0.0,
    0.0,
    0.0,
    0.0,
    0.0,
    0.0,
    0.0,
    0.0,
    0.0,
    0.0,
    0.0,
    0.0,
    0.0,
    0.0,
    0.0,
    0.0,
    0.0,
    0.0,
    0.0,
    0.0,
    0.0,
    0.0,
    0.0,
    0.0,
    0.0,
    0.0,
    0.0,
    0.0,
    0.0,
    0.0,
    0.0,
    0.0,
    0.0,
    0.0,
    0.0,
    0.0,
    0.0,
    0.0,
    0.0
  ]
}