{
  "mean_return": 27.25902933483103,
  "std_return": 1.2377668696506579,
  "se_return": 0.12377668696506579,
  "mean_length": 1000.0,
  "mean_action_smoothness": 0.10632428827528294,
  "std_action_smoothness": 0.014852690014889904,
  "mean_action_magnitude": 0.9960947686832481,
  "mean_cost": 45.83,
  "total_cost": 4583.0,
  "feasibility_rate": 0.13,
  "policy_entropy": null,
  "q_value_variance": 0.00013866255176253617,
  "mean_recovery_ratio": 1.568041604828068,
  "std_recovery_ratio": 0.593636774519756,
  "n_episodes": 100,
  "per_episode_returns": [
    28.682614894576623,
    26.04960403877959,
    27.417297456720846,
    25.851221386708595,
    26.584488083002395,
    27.098267247748986,
    29.657530081672196,
    25.526470340759882,
    26.1572126844968,
    26.446158248237648,
    30.134595733349688,
    28.14548925172853,
    28.141935040057618,
    27.837028972322504,
    28.525560823465696,
    26.264931044713453,
    28.77414229643559,
    25.70189711848984,
    27.17619926304559,
    28.262728606219728,
    27.357062399412175,
    31.710784485537097,
    28.813640823706923,
    28.246574338023844,
    27.65791499353187,
    25.883363918126214,
    27.935131975474338,
    27.91696302446976,
    28.175000423903484,
    28.56911522085136,
    27.684375581344117,
    28.295116304597485,
    27.212175639450702,
    25.55289728442112,
    26.219368813203474,
    25.424508864817064,
    25.84629619741967,
    26.42422258328145,
    26.204104000744763,
    27.376254443103957,
    27.441092932585466,
    27.82251215282065,
    26.74472817169976,
    25.8109121682255,
    30.502588225177462,
    28.930704796118818,
    27.580103827019556,
    26.38456150194893,
    28.172719532306317,
    26.695629334977795,
    26.95155886184179,
    26.093184731229254,
    25.650678590919718,
    26.559798271917252,
    27.80786150777086,
    30.28586544779976,
    26.610686394566347,
    26.38929922219177,
    27.224226148528697,
    26.685865736944717,
    26.51140813439409,
    27.412191272634093,
    26.96513494725415,
    26.245334533969327,
    29.581263013104877,
    29.579143489329912,
    27.762400470297386,
    28.54216288375613,
    27.84946492024602,
    27.538856071834527,
    25.932565630765886,
    27.20694758464531,
    26.57660363346318,
    27.156927487116096,
    25.824768262456015,
    26.635033482473276,
    25.449087178658015,
    26.592375885925055,
    29.4150909988658,
    27.39641692642431,
    26.81785450917576,
    25.75854979940929,
    28.1351594562981,
    25.83758948583582,
    26.696084725458537,
    27.794149301655473,
    26.450461757662506,
    26.667168901921944,
    27.806340496300727,
    27.00872060238196,
    27.605411906034636,
    25.4628064551561,
    27.666245485911443,
    25.921704418024838,
    26.415154728880157,
    27.075865748836456,
    27.527600936273554,
    26.52220208348464,
    27.30909399779571,
    25.966770394449217
  ],
  "per_episode_smoothness": [
    0.1148690719271573,
    0.11844920445864153,
    0.10903306441526157,
    0.11123401430854639,
    0.1136059191498974,
    0.1025129538164434,
    0.10066200194159572,
    0.08787876856627,
    0.08366189320675446,
    0.09404329505688717,
    0.11415398644814534,
    0.09683157784387039,
    0.12017312219858968,
    0.10832174480022837,
    0.11585291898857657,
    0.0932321108769926,
    0.10827240327414019,
    0.08665009211642449,
    0.09724309462454454,
    0.1446964372630706,
    0.1125014864569518,
    0.12611884596121198,
    0.09137607922071335,
    0.09813724568807934,
    0.10481115283615418,
    0.11125050012804658,
    0.08057431358395414,
    0.09094440044389766,
    0.11557028603826154,
    0.11683652062356589,
    0.1361102167442598,
    0.08853965651517241,
    0.10558543239798934,
    0.10602080321585765,
    0.1035517771042728,
    0.13983222497735062,
    0.09989399107438746,
    0.0947806354075909,
    0.11497711064410632,
    0.11430836538601244,
    0.09959085998938255,
    0.13770215536729077,
    0.1209644697572941,
    0.10344805298070205,
    0.12398683288308114,
    0.08586225385984445,
    0.09336100323183019,
    0.10881675823701399,
    0.10619117738018595,
    0.07802231436965382,
    0.11445465040029522,
    0.096931158849765,
    0.10145883371194489,
    0.08652855105009379,
    0.11329289422164393,
    0.08534154331241818,
    0.10607818397910888,
    0.08826826474020943,
    0.10531756354658031,
    0.12802771241299138,
    0.09849224322079557,
    0.09090841932227207,
    0.08782939063434085,
    0.09588949899792865,
    0.11443993870674515,
    0.12352263193101969,
    0.1274594777851061,
    0.1206586099514594,
    0.08419178624631339,
    0.1219327992228114,
    0.11276433154152489,
    0.1192890888766685,
    0.10011939812414285,
    0.14165475517669526,
    0.09976604570021609,
    0.10119153660912798,
    0.13354802419631698,
    0.11746431611970683,
    0.09816102723490613,
    0.08568659929292875,
    0.09710023791434536,
    0.10773844140384178,
    0.09617823119346376,
    0.10183780557550885,
    0.09760210539675689,
    0.11152335323404411,
    0.11215692910215518,
    0.09591559162877866,
    0.1066180830837756,
    0.129218041980007,
    0.12534497551424614,
    0.09431716747303924,
    0.11674515330503053,
    0.09006347132799722,
    0.08511225629951767,
    0.11060310089483194,
    0.11797189141505088,
    0.09521576541872913,
    0.08433349525271237,
    0.12511885721223254
  ],
  "per_episode_costs": [
    11.0,
    65.0,
    11.0,
    47.0,
    50.0,
    79.0,
    14.0,
    39.0,
    47.0,
    47.0,
    37.0,
    7.0,
    123.0,
    9.0,
    28.0,
    0.0,
    77.0,
    39.0,
    0.0,
    0.0,
    72.0,
    13.0,
    62.0,
    59.0,
    49.0,
    123.0,
    31.0,
    0.0,
    91.0,
    26.0,
    56.0,
    49.0,
    69.0,
    54.0,
    15.0,
    66.0,
    102.0,
    38.0,
    0.0,
    43.0,
    32.0,
    70.0,
    39.0,
    0.0,
    76.0,
    0.0,
    37.0,
    39.0,
    90.0,
    28.0,
    63.0,
    67.0,
    57.0,
    42.0,
    18.0,
    0.0,
    0.0,
    0.0,
    62.0,
    7.0,
    7.0,
    31.0,
    13.0,
    91.0,
    18.0,
    66.0,
    8.0,
    64.0,
    56.0,
    60.0,
    0.0,
    80.0,
    28.0,
    76.0,
    120.0,
    18.0,
    40.0,
    128.0,
    41.0,
    30.0,
    0.0,
    38.0,
    45.0,
    122.0,
    85.0,
    101.0,
    82.0,
    103.0,
    81.0,
    70.0,
    114.0,
    32.0,
    24.0,
    14.0,
    33.0,
    94.0,
    0.0,
    47.0,
    28.0,
    20.0
  ]
}