{
  "mean_return": 1127.3796828052016,
  "std_return": 123.90471070876177,
  "se_return": 12.390471070876178,
  "mean_length": 1000.0,
  "mean_action_smoothness": 2.0291904640197753,
  "std_action_smoothness": 0.04612953003604139,
  "mean_action_magnitude": 1.5258284044265746,
  "mean_cost": 0.0,
  "total_cost": 0.0,
  "feasibility_rate": 1.0,
  "policy_entropy": 5.179294109344482,
  "q_value_variance": null,
  "mean_recovery_ratio": 1.700250529459955,
  "std_recovery_ratio": 3.8893142397454765,
  "n_episodes": 100,
  "per_episode_returns": [
    1194.1657481964141,
    762.3892566871292,
    1186.0735393573466,
    1171.691027775045,
    1135.5559968988564,
    912.8231954131533,
    1205.6098174808853,
    1213.58055791026,
    954.895234291069,
    1156.9326246587793,
    1203.9927993951876,
    1144.0990062873614,
    1058.3757858460194,
    995.1597025856667,
    840.7450218224566,
    1205.8790665849117,
    1136.9556228269437,
    1090.441245521686,
    1154.877751320738,
    1105.0539160957517,
    1161.3644302044434,
    1016.4403917321332,
    990.4140314461878,
    1017.5777690844641,
    1228.9021695711415,
    1218.9200198859148,
    1182.188978101123,
    1101.3754197339736,
    1207.38373105683,
    1183.4662844921597,
    1163.2614840762517,
    1275.0376727456198,
    1244.4091454296674,
    626.3209496717847,
    1069.6899749862569,
    1104.2457372980507,
    1247.480816629565,
    1174.6399406340888,
    1119.5197135918004,
    1161.0347023226025,
    1195.073340828407,
    1161.9302806393082,
    1151.880304141834,
    1170.5660558929799,
    1160.4112171137674,
    1177.1050238108587,
    1196.3904157278837,
    1188.9462902311295,
    1039.353864234966,
    1232.2076682235293,
    1151.6451862183344,
    1235.756664568272,
    1225.2816718832373,
    1142.218675563709,
    1193.121408447074,
    579.1437611020419,
    1137.1763464353971,
    1141.9679673029652,
    1097.0634694113285,
    1137.6389259792713,
    1187.2321978103832,
    1346.1556356765525,
    1194.0091578258775,
    1244.9958720158697,
    1124.9585195133996,
    1224.9236216837712,
    1175.688148095032,
    1115.9649813978915,
    1179.5666437516202,
    1216.6964324928576,
    1130.7615598189095,
    1091.069204682327,
    1021.1028254494548,
    1311.4441937551674,
    1209.7276095695065,
    1192.4048863901985,
    939.582947174956,
    1054.402199058294,
    843.5207341921947,
    1063.4171690409057,
    1194.9250313319744,
    1070.9385889301711,
    1082.8787419100745,
    922.8655021975826,
    1219.1779831228428,
    1221.2369407634003,
    1230.831622620321,
    981.2708412749008,
    1106.7308869478045,
    1200.9905339664042,
    1122.7795522012073,
    1035.0556776179856,
    1197.3960877356867,
    1114.7069966351148,
    1129.5356335631336,
    1171.8379014698608,
    1163.1984142041356,
    1199.6675338287941,
    1271.1276959109898,
    1195.3427574866016
  ],
  "per_episode_smoothness": [
    2.047828197479248,
    1.9381300210952759,
    2.061089515686035,
    2.047846555709839,
    2.040656805038452,
    1.9385501146316528,
    2.0130867958068848,
    2.0323867797851562,
    1.9920374155044556,
    2.035167932510376,
    2.022542953491211,
    2.0498852729797363,
    1.9976872205734253,
    1.9989222288131714,
    1.96666419506073,
    2.060703754425049,
    2.023366928100586,
    2.0415406227111816,
    2.0489466190338135,
    2.0223989486694336,
    2.026183605194092,
    1.9942587614059448,
    2.0136990547180176,
    2.0136566162109375,
    2.0002009868621826,
    2.0824472904205322,
    2.051041841506958,
    1.9864833354949951,
    2.039806365966797,
    2.0494790077209473,
    2.05438494682312,
    2.0670387744903564,
    2.0731635093688965,
    1.759619951248169,
    1.9868234395980835,
    2.02378249168396,
    2.054258346557617,
    2.0361576080322266,
    2.0359625816345215,
    2.043989896774292,
    2.046788215637207,
    2.0457029342651367,
    2.0441763401031494,
    2.056866407394409,
    2.0386693477630615,
    2.059452772140503,
    2.0385546684265137,
    2.0757367610931396,
    1.9567238092422485,
    2.0674328804016113,
    2.0547890663146973,
    2.0543057918548584,
    2.0625178813934326,
    2.0506179332733154,
    2.065155506134033,
    1.8324518203735352,
    2.0151960849761963,
    2.048508644104004,
    2.0410685539245605,
    2.0241918563842773,
    2.086066722869873,
    2.1184489727020264,
    2.0274786949157715,
    2.0425870418548584,
    2.019254684448242,
    2.0638318061828613,
    2.041970729827881,
    2.0168979167938232,
    2.0508761405944824,
    2.054887294769287,
    2.0359718799591064,
    2.0082273483276367,
    2.0266318321228027,
    2.090491771697998,
    2.045072317123413,
    2.0211260318756104,
    1.9833755493164062,
    2.0090372562408447,
    1.974747657775879,
    2.066509962081909,
    2.028015375137329,
    1.9789503812789917,
    2.0486745834350586,
    1.9647910594940186,
    2.068682909011841,
    2.0336289405822754,
    2.042982816696167,
    1.993443489074707,
    2.0135042667388916,
    2.073836326599121,
    2.0316076278686523,
    2.041046142578125,
    2.0492146015167236,
    2.026289701461792,
    2.025892496109009,
    2.031670093536377,
    2.0463876724243164,
    2.0568742752075195,
    2.067739963531494,
    2.061537504196167
  ],
  "per_episode_costs": [
    0.0,
    0.0,
    0.0,
    0.0,
    0.0,
    0.0,
    0.0,
    0.0,
    0.0,
    0.0,
    0.0,
    0.0,
    0.0,
    0.0,
    0.0,
    0.0,
    0.0,
    0.0,
    0.0,
    0.0,
    0.0,
    0.0,
    0.0,
    0.0,
    0.0,
    0.0,
    0.0,
    0.0,
    0.0,
    0.0,
    0.0,
    0.0,
    0.0,
    0.0,
    0.0,
    0.0,
    0.0,
    0.0,
    0.0,
    0.0,
    0.0,
    0.0,
    0.0,
    0.0,
    0.0,
    0.0,
    0.0,
    0.0,
    0.0,
    0.0,
    0.0,
    0.0,
    0.0,
    0.0,
    0.0,
    0.0,
    0.0,
    0.0,
    0.0,
    0.0,
    0.0,
    0.0,
    0.0,
    0.0,
    0.0,
    0.0,
    0.0,
    0.0,
    0.0,
    0.0,
    0.0,
    0.0,
    0.0,
    0.0,
    0.0,
    0.0,
    0.0,
    0.0,
    0.0,
    0.0,
    0.0,
    0.0,
    0.0,
    0.0,
    0.0,
    0.0,
    0.0,
    0.0,
    0.0,
    0.0,
    0.0,
    0.0,
    0.0,
    0.0,
    0.0,
    0.0,
    0.0,
    0.0,
    0.0,
    0.0
  ]
}