{
  "mean_return": 3193.1643763081847,
  "std_return": 245.16922020573747,
  "se_return": 24.516922020573748,
  "mean_length": 979.75,
  "mean_action_smoothness": 0.6427740654349328,
  "std_action_smoothness": 0.04335072022178755,
  "mean_action_magnitude": 0.9074608153104782,
  "mean_cost": 0.0,
  "total_cost": 0.0,
  "feasibility_rate": 1.0,
  "policy_entropy": null,
  "q_value_variance": 1.8544352054595947,
  "mean_recovery_ratio": 1.948141391876598,
  "std_recovery_ratio": 0.03843126831537592,
  "n_episodes": 100,
  "per_episode_returns": [
    3284.4793875345426,
    3251.2582659998357,
    3239.9439163769216,
    3368.2602269002714,
    3244.0905275241757,
    3137.723222057442,
    3365.423422247547,
    2087.700043604937,
    3268.649475786902,
    3214.4586294124733,
    3231.9562190685856,
    3190.5219250408973,
    3275.1960282180257,
    3195.099941033655,
    3229.3409059769624,
    3176.5500792467496,
    3274.2506606971797,
    3242.447897981234,
    3179.775346787646,
    3354.347715313793,
    3364.4852476585315,
    3264.460546536445,
    3155.168311858601,
    3235.542318824177,
    3243.1020124691186,
    3252.320669102719,
    2554.5521128448418,
    3283.496198492917,
    3354.587580534416,
    3213.108042794081,
    3246.907983251306,
    3238.466073219902,
    3346.5512941892534,
    3241.245610175313,
    3266.067597658004,
    3207.4992903428774,
    3297.0012441626473,
    3351.758306827154,
    3221.6056600089805,
    3282.1342815808507,
    3250.811119558835,
    3239.6305043683706,
    3237.2228927979277,
    2260.6249747706784,
    3250.0064812467954,
    3285.2909798502005,
    3350.1145952082165,
    3246.0266046317224,
    3256.3472593754664,
    3240.33267198689,
    3058.465555685787,
    3261.676831859085,
    3327.3715660964626,
    3230.58058470095,
    3268.1975017988493,
    3260.9435438066253,
    3203.243771690408,
    3241.508616127635,
    3220.3327658740222,
    3241.0807149415114,
    3264.1663000492795,
    3183.8777216903063,
    3211.5021310679404,
    3246.2132107656917,
    3282.2404743583015,
    3250.9449998211403,
    3197.9978502573094,
    3236.646105585883,
    3192.725187725439,
    3251.3230328306886,
    3296.396458007617,
    3224.4422623116648,
    3268.25634642951,
    3315.1284145717386,
    3132.1217787519736,
    3262.2167730526457,
    3339.849083468566,
    3356.129962220547,
    3164.3154463179985,
    3225.513683837488,
    3244.857913655603,
    3244.68184441474,
    3203.8963515264113,
    3208.4587378174833,
    3236.5053841132926,
    3264.8813179200915,
    3233.723764375664,
    3242.8495960023906,
    3300.723324355625,
    2729.61502267856,
    3168.406541936588,
    3230.991533557649,
    1947.3624206468287,
    3268.343181086448,
    3333.480791828981,
    3236.0721783675576,
    3270.587773212934,
    3309.3514944087424,
    2122.243831478892,
    3256.0536485939
  ],
  "per_episode_smoothness": [
    0.6562316417694092,
    0.6479197144508362,
    0.6890524625778198,
    0.5739026665687561,
    0.65440833568573,
    0.581818163394928,
    0.5721274614334106,
    0.4866913855075836,
    0.5565845370292664,
    0.6583815217018127,
    0.6410214900970459,
    0.7087178826332092,
    0.6395235657691956,
    0.6281902194023132,
    0.6055887937545776,
    0.6237377524375916,
    0.6723127961158752,
    0.7318158149719238,
    0.6452949643135071,
    0.652589738368988,
    0.5961189270019531,
    0.6125044822692871,
    0.7038315534591675,
    0.7309337854385376,
    0.6784138083457947,
    0.6729288101196289,
    0.6297463178634644,
    0.6328079700469971,
    0.5523329377174377,
    0.677482545375824,
    0.7245798707008362,
    0.6664494276046753,
    0.5778020024299622,
    0.6305287480354309,
    0.653010904788971,
    0.7214825749397278,
    0.6457557082176208,
    0.5857639908790588,
    0.6440426707267761,
    0.6472413539886475,
    0.6119416356086731,
    0.640325129032135,
    0.7033356428146362,
    0.6673964858055115,
    0.6370283961296082,
    0.5818235278129578,
    0.5874391794204712,
    0.6527475714683533,
    0.7188320755958557,
    0.6401935815811157,
    0.5995232462882996,
    0.6783976554870605,
    0.5861406326293945,
    0.6332053542137146,
    0.6518514752388,
    0.6630471348762512,
    0.7352989912033081,
    0.680468738079071,
    0.6726383566856384,
    0.6321079134941101,
    0.6543859243392944,
    0.6324247717857361,
    0.6070236563682556,
    0.6307233572006226,
    0.6324283480644226,
    0.6888492703437805,
    0.6284927129745483,
    0.6106361150741577,
    0.6384581923484802,
    0.6667867302894592,
    0.5962744355201721,
    0.6600723266601562,
    0.6094633936882019,
    0.6272744536399841,
    0.6128842830657959,
    0.6373112201690674,
    0.5982876420021057,
    0.621098518371582,
    0.6728565692901611,
    0.6639326214790344,
    0.6237890720367432,
    0.6809101700782776,
    0.5996866226196289,
    0.6907235383987427,
    0.6510831117630005,
    0.6757813096046448,
    0.7305871248245239,
    0.680312991142273,
    0.6439483761787415,
    0.5784415006637573,
    0.6765806078910828,
    0.6543247699737549,
    0.6156102418899536,
    0.6571592092514038,
    0.6231949925422668,
    0.6441415548324585,
    0.6766443848609924,
    0.6146159768104553,
    0.6113407015800476,
    0.6754537224769592
  ],
  "per_episode_costs": [
    0.0,
    0.0,
    0.0,
    0.0,
    0.0,
    0.0,
    0.0,
    0.0,
    0.0,
    0.0,
    0.0,
    0.0,
    0.0,
    0.0,
    0.0,
    0.0,
    0.0,
    0.0,
    0.0,
    0.0,
    0.0,
    0.0,
    0.0,
    0.0,
    0.0,
    0.0,
    0.0,
    0.0,
    0.0,
    0.0,
    0.0,
    0.0,
    0.0,
    0.0,
    0.0,
    0.0,
    0.0,
    0.0,
    0.0,
    0.0,
    0.0,
    0.0,
    0.0,
    0.0,
    0.0,
    0.0,
    0.0,
    0.0,
    0.0,
    0.0,
    0.0,
    0.0,
    0.0,
    0.0,
    0.0,
    0.0,
    0.0,
    0.0,
    0.0,
    0.0,
    0.0,
    0.0,
    0.0,
    0.0,
    0.0,
    0.0,
    0.0,
    0.0,
    0.0,
    0.0,
    0.0,
    0.0,
    0.0,
    0.0,
    0.0,
    0.0,
    0.0,
    0.0,
    0.0,
    0.0,
    0.0,
    0.0,
    0.0,
    0.0,
    0.0,
    0.0,
    0.0,
    0.0,
    0.0,
    0.0,
    0.0,
    0.0,
    0.0,
    0.0,
    0.0,
    0.0,
    0.0,
    0.0,
    0.0,
    0.0
  ]
}