{
  "mean_return": 3193.1514418779493,
  "std_return": 190.9920294555505,
  "se_return": 19.09920294555505,
  "mean_length": 980.51,
  "mean_action_smoothness": 0.6389931449294091,
  "std_action_smoothness": 0.05221651111148903,
  "mean_action_magnitude": 0.9077688384056092,
  "mean_cost": 0.0,
  "total_cost": 0.0,
  "feasibility_rate": 1.0,
  "policy_entropy": null,
  "q_value_variance": 1.8182761669158936,
  "mean_recovery_ratio": 1.9567065698325485,
  "std_recovery_ratio": 0.04969901521412536,
  "n_episodes": 100,
  "per_episode_returns": [
    3272.5773393233,
    3214.0489556185235,
    3254.4182192500425,
    3221.3244285496,
    3366.1426193054613,
    2838.8513443922266,
    3273.088723766133,
    3169.4707914267874,
    3253.472299111346,
    3251.0049736778033,
    3282.5799255765596,
    3298.147443410648,
    3239.0653684867025,
    3224.7027866737726,
    3244.365308929167,
    3291.1006282604126,
    3308.088370873337,
    2124.534562593958,
    2649.8785952708204,
    3254.610090303406,
    3207.8641371068356,
    2431.7016307420536,
    3258.1546352508094,
    3241.187013546015,
    3242.4802296759444,
    3200.4457102239753,
    3202.9575028652994,
    3213.448637792094,
    3223.0578161344915,
    3077.099887162286,
    3229.4683454507076,
    3238.817062929915,
    3187.586261956423,
    3266.311866087803,
    3180.119463128003,
    3304.916946302439,
    3294.5369389036905,
    3202.266320020865,
    3233.0188504113694,
    3281.6592128784164,
    3240.6719997954515,
    3266.4915934626742,
    3330.339273145709,
    3252.4573803418693,
    3173.937893124922,
    3248.9255385362394,
    3263.4999399393596,
    3258.760988471719,
    3240.5631295032067,
    3233.8656230667384,
    3241.897715520265,
    3227.893125820644,
    3037.9642074872154,
    3272.9010317038324,
    3178.038285988887,
    3347.372805763579,
    3346.0048017042295,
    3201.744692956032,
    3240.4638147037763,
    3178.247623021244,
    3191.6838527502796,
    3238.075393496498,
    3158.798297153625,
    2887.1862051837397,
    3314.4693091312784,
    2951.7742508390716,
    3237.383179124736,
    3241.837573356776,
    3184.9195185851495,
    3248.6714750124534,
    3228.0901856168575,
    3274.5367718602315,
    2944.8803757124397,
    3325.66466233187,
    2315.331111074818,
    3194.8357075704807,
    3290.800700085403,
    3218.566176690722,
    3176.7333867403972,
    3379.909282899191,
    3366.513634935977,
    3247.421381992133,
    3214.775557051576,
    3211.4841696685103,
    3203.155013819936,
    3310.7685794958675,
    3333.296260927455,
    3221.5945122807143,
    3248.055187925995,
    3236.383511452451,
    3297.9744693446137,
    3037.769737966529,
    3225.680845784558,
    3228.777435448718,
    3230.0002424474283,
    3224.0672476907894,
    3278.424930128633,
    3228.2420783020043,
    3207.981238211691,
    3228.018030276327
  ],
  "per_episode_smoothness": [
    0.6695864200592041,
    0.6431320905685425,
    0.6854123473167419,
    0.7263121008872986,
    0.6083226799964905,
    0.5697449445724487,
    0.6379244327545166,
    0.6687543392181396,
    0.6684726476669312,
    0.6328909397125244,
    0.6273545622825623,
    0.6087629199028015,
    0.6488118767738342,
    0.6497430205345154,
    0.6525697112083435,
    0.6054055690765381,
    0.5846133828163147,
    0.5054110288619995,
    0.4732156991958618,
    0.6557947397232056,
    0.6828441023826599,
    0.4680013954639435,
    0.7323158383369446,
    0.6863027215003967,
    0.6409077644348145,
    0.6314013004302979,
    0.6459869742393494,
    0.7152353525161743,
    0.6530172824859619,
    0.609900712966919,
    0.6157398819923401,
    0.6405655145645142,
    0.6146690845489502,
    0.679431676864624,
    0.6294916868209839,
    0.6211633682250977,
    0.6404179930686951,
    0.6368593573570251,
    0.6394506096839905,
    0.6408829689025879,
    0.6421368718147278,
    0.6315582990646362,
    0.5526197552680969,
    0.7388009428977966,
    0.6527774930000305,
    0.6219199895858765,
    0.6884891390800476,
    0.6207502484321594,
    0.7032665014266968,
    0.674384355545044,
    0.6958410143852234,
    0.6778463125228882,
    0.5971097946166992,
    0.6134920120239258,
    0.6015302538871765,
    0.5969395637512207,
    0.5832865834236145,
    0.6257590651512146,
    0.6252740621566772,
    0.699394166469574,
    0.6911842226982117,
    0.6591120958328247,
    0.6591109037399292,
    0.5844612717628479,
    0.5854442119598389,
    0.6575803756713867,
    0.6872942447662354,
    0.6789969801902771,
    0.6218197345733643,
    0.6803610324859619,
    0.6201816201210022,
    0.6362046599388123,
    0.5894299149513245,
    0.6321369409561157,
    0.5068230628967285,
    0.7643897533416748,
    0.6232847571372986,
    0.6376136541366577,
    0.6737637519836426,
    0.5652869939804077,
    0.6069633960723877,
    0.6596759557723999,
    0.7437843084335327,
    0.7214227318763733,
    0.5877879858016968,
    0.6000412106513977,
    0.5804974436759949,
    0.6597966551780701,
    0.6859788298606873,
    0.6928131580352783,
    0.5835824012756348,
    0.5848214626312256,
    0.6790936589241028,
    0.7025628089904785,
    0.6376895904541016,
    0.5868251919746399,
    0.672146737575531,
    0.6642532348632812,
    0.6507149338722229,
    0.6543851494789124
  ],
  "per_episode_costs": [
    0.0,
    0.0,
    0.0,
    0.0,
    0.0,
    0.0,
    0.0,
    0.0,
    0.0,
    0.0,
    0.0,
    0.0,
    0.0,
    0.0,
    0.0,
    0.0,
    0.0,
    0.0,
    0.0,
    0.0,
    0.0,
    0.0,
    0.0,
    0.0,
    0.0,
    0.0,
    0.0,
    0.0,
    0.0,
    0.0,
    0.0,
    0.0,
    0.0,
    0.0,
    0.0,
    0.0,
    0.0,
    0.0,
    0.0,
    0.0,
    0.0,
    0.0,
    0.0,
    0.0,
    0.0,
    0.0,
    0.0,
    0.0,
    0.0,
    0.0,
    0.0,
    0.0,
    0.0,
    0.0,
    0.0,
    0.0,
    0.0,
    0.0,
    0.0,
    0.0,
    0.0,
    0.0,
    0.0,
    0.0,
    0.0,
    0.0,
    0.0,
    0.0,
    0.0,
    0.0,
    0.0,
    0.0,
    0.0,
    0.0,
    0.0,
    0.0,
    0.0,
    0.0,
    0.0,
    0.0,
    0.0,
    0.0,
    0.0,
    0.0,
    0.0,
    0.0,
    0.0,
    0.0,
    0.0,
    0.0,
    0.0,
    0.0,
    0.0,
    0.0,
    0.0,
    0.0,
    0.0,
    0.0,
    0.0,
    0.0
  ]
}