{
  "mean_return": 1362.0308926956432,
  "std_return": 80.46049688522653,
  "se_return": 8.046049688522654,
  "mean_length": 1000.0,
  "mean_action_smoothness": 1.7606574499607086,
  "std_action_smoothness": 0.0195578529187933,
  "mean_action_magnitude": 1.4973604023456573,
  "mean_cost": 0.0,
  "total_cost": 0.0,
  "feasibility_rate": 1.0,
  "policy_entropy": 6.00430965423584,
  "q_value_variance": null,
  "mean_recovery_ratio": 1.3273466642037461,
  "std_recovery_ratio": 0.31469617950942785,
  "n_episodes": 100,
  "per_episode_returns": [
    1278.1307048522144,
    1257.9999438853629,
    1190.9458578719268,
    1354.4259845805818,
    1336.6814602332631,
    1361.3351549648053,
    1366.1188773198758,
    1395.1564047301197,
    1388.1974485504418,
    1359.918905735335,
    1275.55980184117,
    1401.335626456702,
    1293.2316298681035,
    1391.7210053134015,
    1448.4518184752412,
    1375.6064316576362,
    1447.796053270686,
    1204.7414580056152,
    1276.780031895158,
    1417.6796221350698,
    1352.7915407419378,
    1158.7595870716748,
    1387.9818027653466,
    1298.9598979482057,
    1407.687147835029,
    1338.6984429413992,
    1175.9338128330708,
    1418.311300954732,
    1367.931150343607,
    1454.902557118144,
    1406.1681220873281,
    1379.916805761957,
    1386.683110538287,
    1328.7471525213095,
    1491.768945033971,
    1453.5613444162004,
    1331.5993468523109,
    1271.4032370835469,
    1450.1119626369912,
    1470.3933398880338,
    1326.3401843092001,
    1349.994272479754,
    1259.6730482145445,
    1394.6341925043214,
    1381.972382847261,
    1181.7006940799413,
    1356.444514914034,
    1363.3129889684808,
    1460.5923640683322,
    1382.8956579490066,
    1383.999554592603,
    1378.4260735410705,
    1262.6551977091635,
    1474.2506502130689,
    1448.1346423416392,
    1369.3010259802038,
    1440.4905908458638,
    1282.8285366734879,
    1253.979886251373,
    1434.0881949989373,
    1346.8384650375283,
    1466.7231053759283,
    1246.69239220353,
    1360.1008174185977,
    1425.1715706011498,
    1534.0925419360706,
    1435.6481938754118,
    1486.5372788859604,
    1396.4957092217119,
    1408.1114934919674,
    1321.0854506779547,
    1308.9542390186377,
    1438.7288414924728,
    1439.195859272359,
    1588.3773473503609,
    1249.00053282062,
    1331.367778581377,
    1450.885496277941,
    1354.326290009662,
    1299.5307175328705,
    1276.7395675497758,
    1317.6970682068043,
    1479.3969181451675,
    1403.7773259762707,
    1343.8330320401967,
    1343.7980144020448,
    1310.92912500347,
    1377.4262054839314,
    1310.8623485965154,
    1439.8455273324212,
    1501.3919943073288,
    1287.5677689919883,
    1293.6900387131247,
    1309.942786270653,
    1288.8627140493143,
    1339.908151942308,
    1279.369772245211,
    1422.4436443043148,
    1322.7206033616887,
    1325.1830590615823
  ],
  "per_episode_smoothness": [
    1.7362136840820312,
    1.7458810806274414,
    1.711855411529541,
    1.7507410049438477,
    1.753792405128479,
    1.77322518825531,
    1.7902206182479858,
    1.7735878229141235,
    1.7694462537765503,
    1.7453272342681885,
    1.758733868598938,
    1.763492465019226,
    1.7392628192901611,
    1.7695609331130981,
    1.7674490213394165,
    1.763156533241272,
    1.7686347961425781,
    1.7212979793548584,
    1.7598987817764282,
    1.7719005346298218,
    1.7698867321014404,
    1.7565463781356812,
    1.7854069471359253,
    1.759406566619873,
    1.7681578397750854,
    1.7693734169006348,
    1.7527376413345337,
    1.788364052772522,
    1.780455231666565,
    1.7879570722579956,
    1.7869881391525269,
    1.7855125665664673,
    1.7875136137008667,
    1.7828580141067505,
    1.758912205696106,
    1.7509803771972656,
    1.7913782596588135,
    1.7682360410690308,
    1.749995231628418,
    1.7805376052856445,
    1.7384639978408813,
    1.7787374258041382,
    1.7287096977233887,
    1.7533087730407715,
    1.754156470298767,
    1.7803481817245483,
    1.7338533401489258,
    1.789708137512207,
    1.7650387287139893,
    1.7529789209365845,
    1.7474586963653564,
    1.7499364614486694,
    1.7394007444381714,
    1.7347294092178345,
    1.7538585662841797,
    1.760093092918396,
    1.7385057210922241,
    1.7903177738189697,
    1.7668938636779785,
    1.769525170326233,
    1.754325032234192,
    1.7516708374023438,
    1.7254610061645508,
    1.7566953897476196,
    1.769972562789917,
    1.8002606630325317,
    1.7954347133636475,
    1.7431503534317017,
    1.7400312423706055,
    1.7504628896713257,
    1.720060110092163,
    1.7409534454345703,
    1.7785855531692505,
    1.7626965045928955,
    1.757957935333252,
    1.739789366722107,
    1.7515674829483032,
    1.7400119304656982,
    1.7454155683517456,
    1.7660212516784668,
    1.7186964750289917,
    1.7739278078079224,
    1.7953153848648071,
    1.7522578239440918,
    1.7400939464569092,
    1.7523863315582275,
    1.768044352531433,
    1.7881475687026978,
    1.726967453956604,
    1.794411063194275,
    1.7722128629684448,
    1.7763009071350098,
    1.7692846059799194,
    1.7543995380401611,
    1.7559398412704468,
    1.7433096170425415,
    1.7722032070159912,
    1.787832260131836,
    1.752082347869873,
    1.7605022192001343
  ],
  "per_episode_costs": [
    0.0,
    0.0,
    0.0,
    0.0,
    0.0,
    0.0,
    0.0,
    0.0,
    0.0,
    0.0,
    0.0,
    0.0,
    0.0,
    0.0,
    0.0,
    0.0,
    0.0,
    0.0,
    0.0,
    0.0,
    0.0,
    0.0,
    0.0,
    0.0,
    0.0,
    0.0,
    0.0,
    0.0,
    0.0,
    0.0,
    0.0,
    0.0,
    0.0,
    0.0,
    0.0,
    0.0,
    0.0,
    0.0,
    0.0,
    0.0,
    0.0,
    0.0,
    0.0,
    0.0,
    0.0,
    0.0,
    0.0,
    0.0,
    0.0,
    0.0,
    0.0,
    0.0,
    0.0,
    0.0,
    0.0,
    0.0,
    0.0,
    0.0,
    0.0,
    0.0,
    0.0,
    0.0,
    0.0,
    0.0,
    0.0,
    0.0,
    0.0,
    0.0,
    0.0,
    0.0,
    0.0,
    0.0,
    0.0,
    0.0,
    0.0,
    0.0,
    0.0,
    0.0,
    0.0,
    0.0,
    0.0,
    0.0,
    0.0,
    0.0,
    0.0,
    0.0,
    0.0,
    0.0,
    0.0,
    0.0,
    0.0,
    0.0,
    0.0,
    0.0,
    0.0,
    0.0,
    0.0,
    0.0,
    0.0,
    0.0
  ]
}