{
  "mean_return": 26.90382886953241,
  "std_return": 1.1490129990262956,
  "se_return": 0.11490129990262957,
  "mean_length": 1000.0,
  "mean_action_smoothness": 0.09872746123542799,
  "std_action_smoothness": 0.011746623796363766,
  "mean_action_magnitude": 1.0626218916142003,
  "mean_cost": 49.36,
  "total_cost": 4936.0,
  "feasibility_rate": 0.06,
  "policy_entropy": 1.8716391324996948,
  "q_value_variance": null,
  "mean_recovery_ratio": 1.770592513684927,
  "std_recovery_ratio": 0.5083824913173486,
  "n_episodes": 100,
  "per_episode_returns": [
    26.13870622303063,
    28.055991324030753,
    27.23769485656735,
    27.28948330309582,
    26.419568355574516,
    28.16910494352336,
    26.943801986987815,
    25.497396687307887,
    26.025824040746784,
    28.374699593121942,
    26.93464403576712,
    28.735535799805685,
    27.581948998970045,
    27.562650576003573,
    27.770851670664715,
    25.91719528671059,
    27.4761147825831,
    26.556207555574275,
    26.660076648410225,
    27.757801072855287,
    29.024078089384734,
    24.986062246938673,
    27.11617329339211,
    29.7755608674465,
    27.47227084093759,
    28.17316955155572,
    26.953115215731877,
    28.64115741570029,
    25.34930584260332,
    26.05953845369166,
    25.74547871655044,
    27.239589739271757,
    27.588335607256038,
    26.69315047240916,
    27.13796339901169,
    26.345399103121373,
    28.411056336120133,
    26.686284669893983,
    27.223064879361587,
    25.344645691871428,
    26.795271361735622,
    26.799357597276195,
    27.214520533238545,
    26.25152079775039,
    25.407130646061006,
    29.618902786431878,
    27.84325410832007,
    25.852191034710085,
    27.303557251330542,
    25.921445787561893,
    27.389962184377296,
    26.67269751774424,
    28.47501424605803,
    26.66903128175332,
    26.25718110743044,
    26.389481211730327,
    25.66154968146601,
    27.922831881647195,
    25.903241699589678,
    26.031308991016562,
    28.708755458712087,
    25.60088376009429,
    24.75569466457238,
    25.950150160040177,
    25.46863219366527,
    26.421500687178632,
    27.539140458323686,
    27.207576130286636,
    27.226788597463656,
    25.439676561767328,
    29.320462937551373,
    26.82153334305728,
    27.06865352508255,
    27.239880813046142,
    28.6078188005588,
    27.142094982204732,
    26.707665807644435,
    28.110297803273024,
    25.1276082130094,
    25.339863089598342,
    25.09086212117027,
    28.276173956445067,
    24.550295709059085,
    26.34280655320022,
    25.616835040382465,
    26.212910902623673,
    26.03836720721718,
    27.72551563218272,
    26.14530450934806,
    28.8958038337971,
    25.743799499979374,
    25.912859998916634,
    26.46682814988871,
    25.64767313643188,
    26.353354965087227,
    29.543869430928684,
    27.106883223979715,
    26.446730068794654,
    27.592909629139893,
    27.418275516727572
  ],
  "per_episode_smoothness": [
    0.10204306696977661,
    0.09641905337928047,
    0.09411812848976761,
    0.09039011141144042,
    0.10981282343394422,
    0.11041591485367253,
    0.10619088160965182,
    0.10525668794355676,
    0.07823969633479057,
    0.10288531792628644,
    0.10142040514363816,
    0.09543086360092541,
    0.11013780024551532,
    0.1120340596440376,
    0.08913535363089589,
    0.10178794292738544,
    0.08666916798874631,
    0.08435451356916374,
    0.12947917686939936,
    0.09404689674089645,
    0.09749504816543646,
    0.09433707072365446,
    0.10162369876884737,
    0.09700149707062966,
    0.11294791707118881,
    0.10871867710073686,
    0.0908604326373473,
    0.10534771942483352,
    0.0922733574490178,
    0.09616199042419611,
    0.07719553882039089,
    0.10951503395702335,
    0.1117508047697483,
    0.09647743927462475,
    0.08703679095843192,
    0.10621931525175093,
    0.11824746334969458,
    0.09034266892057917,
    0.0882191812312543,
    0.09287604231991328,
    0.0866300787944521,
    0.08508323458438907,
    0.09032604753251157,
    0.07615068435413144,
    0.08391063902399343,
    0.11078186552324637,
    0.1018818060367304,
    0.08210126684072673,
    0.10596318558191747,
    0.09638912055225658,
    0.10001542657443457,
    0.12586698102395677,
    0.11213442053320763,
    0.08461975317034,
    0.091842546443862,
    0.10052657134560675,
    0.08484235041758635,
    0.08741405829095639,
    0.09603092534289699,
    0.10406882388170806,
    0.09630636640837047,
    0.12273861399303677,
    0.12310081696166159,
    0.08737055794715734,
    0.11088034263543851,
    0.09094333727221106,
    0.10367288687914882,
    0.10054916786479988,
    0.10984718272333888,
    0.08541188654796858,
    0.12971621842240572,
    0.10965700301758406,
    0.08498553388886003,
    0.09854764332658418,
    0.12201102208931912,
    0.10578744957246958,
    0.10047136428711231,
    0.1009141339950196,
    0.09241477432489059,
    0.1003465927257245,
    0.09467681849361786,
    0.09275876312066952,
    0.09064608179400985,
    0.08848195702622376,
    0.09582195792348262,
    0.10660134059369365,
    0.09611672735463422,
    0.1058660798815167,
    0.10454871832607851,
    0.12203279756791385,
    0.09876031177315464,
    0.08191374810990512,
    0.08937169118073723,
    0.10682700510521652,
    0.09610221078725976,
    0.08788892457987739,
    0.08319126309684513,
    0.08023280515754919,
    0.10526337795780472,
    0.08847531257852508
  ],
  "per_episode_costs": [
    58.0,
    0.0,
    39.0,
    45.0,
    26.0,
    49.0,
    70.0,
    16.0,
    0.0,
    20.0,
    69.0,
    61.0,
    87.0,
    80.0,
    30.0,
    38.0,
    95.0,
    56.0,
    105.0,
    68.0,
    50.0,
    107.0,
    85.0,
    14.0,
    38.0,
    8.0,
    13.0,
    29.0,
    49.0,
    39.0,
    28.0,
    91.0,
    49.0,
    84.0,
    28.0,
    61.0,
    51.0,
    0.0,
    72.0,
    72.0,
    41.0,
    46.0,
    25.0,
    102.0,
    167.0,
    70.0,
    77.0,
    13.0,
    59.0,
    38.0,
    69.0,
    50.0,
    79.0,
    22.0,
    62.0,
    42.0,
    39.0,
    13.0,
    75.0,
    80.0,
    30.0,
    70.0,
    0.0,
    24.0,
    51.0,
    0.0,
    89.0,
    0.0,
    6.0,
    9.0,
    104.0,
    90.0,
    56.0,
    92.0,
    50.0,
    51.0,
    24.0,
    49.0,
    72.0,
    49.0,
    88.0,
    14.0,
    10.0,
    12.0,
    40.0,
    44.0,
    21.0,
    30.0,
    38.0,
    62.0,
    100.0,
    25.0,
    37.0,
    44.0,
    79.0,
    23.0,
    40.0,
    39.0,
    99.0,
    26.0
  ]
}