{
  "mean_return": 3205.323482520852,
  "std_return": 111.00333452289424,
  "se_return": 11.100333452289423,
  "mean_length": 993.41,
  "mean_action_smoothness": 0.3883373159170151,
  "std_action_smoothness": 0.013837122338868121,
  "mean_action_magnitude": 0.8871163380146027,
  "mean_cost": 0.0,
  "total_cost": 0.0,
  "feasibility_rate": 1.0,
  "policy_entropy": null,
  "q_value_variance": 1.826284408569336,
  "mean_recovery_ratio": 1.9965922004012282,
  "std_recovery_ratio": 0.04122530643063446,
  "n_episodes": 100,
  "per_episode_returns": [
    3239.49840889286,
    3241.222168630446,
    3223.0346876943727,
    2408.0979750541183,
    3246.01186654245,
    3244.4490956044924,
    3254.35554971942,
    3191.8271412155823,
    3277.3182649915693,
    3189.618540820226,
    3245.3602907420054,
    3233.3923142613926,
    3237.3258834194667,
    3225.55596086964,
    3270.5079694689025,
    3196.150543293252,
    3229.854729543629,
    3259.143895815955,
    3246.6656164253272,
    3227.2128737427247,
    3274.2734054088787,
    3240.6989230864183,
    3239.3985960388727,
    3210.099941100389,
    3234.743754846345,
    3244.7178090181005,
    3187.3191335415754,
    3195.5464095417706,
    3182.347006869791,
    3202.931950206405,
    3225.8234835210255,
    3276.3637429854653,
    3184.709763632721,
    3196.699950383743,
    3212.79575025666,
    3153.101607195645,
    3235.7744259638807,
    3187.5738658044766,
    3220.0459552222037,
    3219.8653356862965,
    3188.779047475649,
    3217.6596210255248,
    3222.129597716741,
    3231.33415564747,
    3189.323055644527,
    3186.4640660687005,
    3236.8265753369947,
    3295.149858773279,
    3189.909342371955,
    3196.7710243480856,
    3262.0058302507764,
    3211.17993082395,
    3261.549058271605,
    3218.477075753036,
    3187.3854695641585,
    3206.1094340456402,
    3211.1859009728746,
    3196.926560827306,
    3203.812410419031,
    3240.9894406511735,
    3259.2923324086087,
    3203.6384282730105,
    3159.7596144926056,
    3229.540872757494,
    3228.6480300985754,
    3229.2531624916323,
    3222.8677587545158,
    3261.1221711659036,
    3228.5359925870407,
    3190.098607170505,
    3253.941736144411,
    3227.980437568394,
    3228.1888265140497,
    3245.003831619195,
    3216.5434260731263,
    3015.3201997311694,
    3221.572390678985,
    3263.0723159549666,
    3222.8843583839694,
    3170.758125374224,
    3216.4911626979156,
    3201.338629906177,
    3241.969750683651,
    3230.7525562280875,
    3260.1071798048406,
    3188.867509385766,
    3200.250473072676,
    3222.966469822348,
    3174.0034247716917,
    3218.199389992649,
    3276.8731122217155,
    3224.4781667656193,
    3200.6457481007506,
    3219.9420637766398,
    2530.666821092429,
    3243.2105478624862,
    3208.204575182329,
    3183.5210124688533,
    3241.071811010903,
    3205.3631859483226
  ],
  "per_episode_smoothness": [
    0.3768022656440735,
    0.3730382025241852,
    0.39537379145622253,
    0.4115496575832367,
    0.37585291266441345,
    0.37594327330589294,
    0.36776506900787354,
    0.39868438243865967,
    0.3831838369369507,
    0.3963369131088257,
    0.37397757172584534,
    0.3808727562427521,
    0.37447595596313477,
    0.39235493540763855,
    0.36223018169403076,
    0.4030246436595917,
    0.3991188406944275,
    0.36771053075790405,
    0.3728088438510895,
    0.38246944546699524,
    0.3604241609573364,
    0.3886908292770386,
    0.37944716215133667,
    0.3890106976032257,
    0.3791027069091797,
    0.3798500597476959,
    0.3958759307861328,
    0.39474421739578247,
    0.40025970339775085,
    0.3950144052505493,
    0.3873330056667328,
    0.368936687707901,
    0.417453408241272,
    0.4005909562110901,
    0.3904609680175781,
    0.42270877957344055,
    0.38171565532684326,
    0.404453843832016,
    0.38685357570648193,
    0.4053211510181427,
    0.4030461609363556,
    0.404691219329834,
    0.39266708493232727,
    0.38575541973114014,
    0.4020482301712036,
    0.40529897809028625,
    0.37569889426231384,
    0.3920428454875946,
    0.40258148312568665,
    0.4170128405094147,
    0.3669414520263672,
    0.3897656202316284,
    0.36945265531539917,
    0.3879876136779785,
    0.39374637603759766,
    0.384521484375,
    0.3823483884334564,
    0.3977164924144745,
    0.3914395272731781,
    0.37682488560676575,
    0.37403273582458496,
    0.4037631154060364,
    0.40950819849967957,
    0.39823007583618164,
    0.3794732987880707,
    0.3971846401691437,
    0.37956517934799194,
    0.3707500696182251,
    0.3854754865169525,
    0.40166786313056946,
    0.3677283823490143,
    0.3726138174533844,
    0.39586973190307617,
    0.3673342764377594,
    0.39480024576187134,
    0.3926556706428528,
    0.37846070528030396,
    0.36211681365966797,
    0.3848700523376465,
    0.40980422496795654,
    0.38097673654556274,
    0.3919568359851837,
    0.37740322947502136,
    0.38112324476242065,
    0.3731771409511566,
    0.39203080534935,
    0.39385223388671875,
    0.38140109181404114,
    0.41303756833076477,
    0.38608595728874207,
    0.3824058473110199,
    0.38765737414360046,
    0.399559885263443,
    0.3929894268512726,
    0.42657822370529175,
    0.37802982330322266,
    0.3857201635837555,
    0.4003136157989502,
    0.3835489749908447,
    0.3865692615509033
  ],
  "per_episode_costs": [
    0.0,
    0.0,
    0.0,
    0.0,
    0.0,
    0.0,
    0.0,
    0.0,
    0.0,
    0.0,
    0.0,
    0.0,
    0.0,
    0.0,
    0.0,
    0.0,
    0.0,
    0.0,
    0.0,
    0.0,
    0.0,
    0.0,
    0.0,
    0.0,
    0.0,
    0.0,
    0.0,
    0.0,
    0.0,
    0.0,
    0.0,
    0.0,
    0.0,
    0.0,
    0.0,
    0.0,
    0.0,
    0.0,
    0.0,
    0.0,
    0.0,
    0.0,
    0.0,
    0.0,
    0.0,
    0.0,
    0.0,
    0.0,
    0.0,
    0.0,
    0.0,
    0.0,
    0.0,
    0.0,
    0.0,
    0.0,
    0.0,
    0.0,
    0.0,
    0.0,
    0.0,
    0.0,
    0.0,
    0.0,
    0.0,
    0.0,
    0.0,
    0.0,
    0.0,
    0.0,
    0.0,
    0.0,
    0.0,
    0.0,
    0.0,
    0.0,
    0.0,
    0.0,
    0.0,
    0.0,
    0.0,
    0.0,
    0.0,
    0.0,
    0.0,
    0.0,
    0.0,
    0.0,
    0.0,
    0.0,
    0.0,
    0.0,
    0.0,
    0.0,
    0.0,
    0.0,
    0.0,
    0.0,
    0.0,
    0.0
  ]
}