{
  "mean_return": 3206.2992471449465,
  "std_return": 142.8044330794247,
  "se_return": 14.280443307942472,
  "mean_length": 991.23,
  "mean_action_smoothness": 0.3850759115815163,
  "std_action_smoothness": 0.011930457838341237,
  "mean_action_magnitude": 0.8851498234272003,
  "mean_cost": 0.0,
  "total_cost": 0.0,
  "feasibility_rate": 1.0,
  "policy_entropy": null,
  "q_value_variance": 1.9323240518569946,
  "mean_recovery_ratio": 1.980476527583169,
  "std_recovery_ratio": 0.03255651531324761,
  "n_episodes": 100,
  "per_episode_returns": [
    3321.504484213822,
    3219.8392074797644,
    3183.476439660273,
    3239.450265531713,
    3192.8818471603104,
    3176.977844759721,
    3247.2319216578267,
    3268.444122158572,
    3227.6853199368124,
    3200.785846360483,
    3183.1696634290956,
    3225.5542552995094,
    3233.120145980098,
    3265.8782902583193,
    3239.5825670378144,
    3214.713026360756,
    3236.064133017392,
    3246.740192583896,
    3194.08308595216,
    3261.6229446955126,
    3164.824330340743,
    3206.884454781337,
    3224.539481372552,
    3244.817816676618,
    3226.119987033957,
    3199.981075403002,
    3209.911339672264,
    3234.3273065251788,
    3214.808190357191,
    3265.193731510178,
    3232.0576348947784,
    3261.9081284527992,
    3232.7520403167723,
    3226.697526615371,
    3230.219793460098,
    3237.504034657695,
    2226.007971542089,
    3241.4998087486333,
    3232.475237915867,
    3232.6847106667883,
    3183.8797191121344,
    3274.35354137154,
    3229.053573865544,
    3219.015568123405,
    3182.3414611359485,
    3227.4437229413616,
    3258.276864946052,
    3209.36548478317,
    3259.7793876636492,
    3250.797353696413,
    3208.3886704232827,
    3230.4082234189946,
    3206.6735123792964,
    3197.4415026588813,
    3237.7401860914388,
    3222.926335469239,
    3233.996991330427,
    3222.469706912808,
    3254.6401081528857,
    3266.732996309168,
    3234.6999953753093,
    3239.7298432925136,
    3208.261028530504,
    3247.724660063702,
    3228.441971702352,
    3184.334495197405,
    3223.224850748501,
    2620.00318796112,
    3301.703459756219,
    3226.4184904350514,
    3226.5318659291815,
    3205.8621879552734,
    2425.463810368979,
    3273.3221233999657,
    3242.59752654087,
    3234.5086510936244,
    3238.4496792335785,
    3238.317777272852,
    3280.2492992739367,
    3221.582210057076,
    3232.552736715107,
    3225.313894994191,
    3227.1795724531603,
    3203.4888656284975,
    3247.3865716461705,
    3253.448551742605,
    3186.1462613506183,
    3221.302416751604,
    3216.9267947595185,
    3227.1661727879937,
    3252.777941158927,
    3246.904890805779,
    3213.728096082726,
    3277.315689125815,
    3233.3565781094394,
    3260.042819212621,
    3230.5117249022146,
    3230.4983082614353,
    3215.7553040550265,
    3226.9492944998506
  ],
  "per_episode_smoothness": [
    0.3925754427909851,
    0.37600019574165344,
    0.38669416308403015,
    0.3768053352832794,
    0.3923197388648987,
    0.40025511384010315,
    0.3741908669471741,
    0.3681308925151825,
    0.38021713495254517,
    0.38854506611824036,
    0.3981563448905945,
    0.3801875710487366,
    0.38419124484062195,
    0.3677431344985962,
    0.37914684414863586,
    0.39161139726638794,
    0.38790640234947205,
    0.36944910883903503,
    0.4018772840499878,
    0.37296169996261597,
    0.407022625207901,
    0.39554348587989807,
    0.38969936966896057,
    0.3764079213142395,
    0.38276830315589905,
    0.4062840938568115,
    0.39213573932647705,
    0.3735061287879944,
    0.3856053352355957,
    0.3711484968662262,
    0.38631877303123474,
    0.36259135603904724,
    0.3911042809486389,
    0.3835640251636505,
    0.3890625238418579,
    0.3896397054195404,
    0.408239483833313,
    0.37515342235565186,
    0.37170374393463135,
    0.38052478432655334,
    0.3967812955379486,
    0.3706810474395752,
    0.3867934048175812,
    0.39772993326187134,
    0.40123528242111206,
    0.3795950412750244,
    0.372702956199646,
    0.3981751799583435,
    0.37160223722457886,
    0.3924739956855774,
    0.3942693769931793,
    0.3834688365459442,
    0.3959217667579651,
    0.39904168248176575,
    0.37662094831466675,
    0.3925471901893616,
    0.3772999942302704,
    0.3882071375846863,
    0.3641115128993988,
    0.36218762397766113,
    0.3789515197277069,
    0.3737196624279022,
    0.390497624874115,
    0.37413498759269714,
    0.37933507561683655,
    0.39478960633277893,
    0.37925291061401367,
    0.40178337693214417,
    0.40003809332847595,
    0.39467501640319824,
    0.38147205114364624,
    0.3902076482772827,
    0.4232587516307831,
    0.37843048572540283,
    0.37075352668762207,
    0.3854212462902069,
    0.40772244334220886,
    0.3764699101448059,
    0.3711271584033966,
    0.39505735039711,
    0.39795607328414917,
    0.3867625594139099,
    0.39937201142311096,
    0.39017242193222046,
    0.37884050607681274,
    0.37449711561203003,
    0.4011364281177521,
    0.38125672936439514,
    0.39332056045532227,
    0.3847111463546753,
    0.3641931116580963,
    0.3736584186553955,
    0.3882494866847992,
    0.35961443185806274,
    0.37924355268478394,
    0.36884647607803345,
    0.38393789529800415,
    0.3899322748184204,
    0.39204806089401245,
    0.38430842757225037
  ],
  "per_episode_costs": [
    0.0,
    0.0,
    0.0,
    0.0,
    0.0,
    0.0,
    0.0,
    0.0,
    0.0,
    0.0,
    0.0,
    0.0,
    0.0,
    0.0,
    0.0,
    0.0,
    0.0,
    0.0,
    0.0,
    0.0,
    0.0,
    0.0,
    0.0,
    0.0,
    0.0,
    0.0,
    0.0,
    0.0,
    0.0,
    0.0,
    0.0,
    0.0,
    0.0,
    0.0,
    0.0,
    0.0,
    0.0,
    0.0,
    0.0,
    0.0,
    0.0,
    0.0,
    0.0,
    0.0,
    0.0,
    0.0,
    0.0,
    0.0,
    0.0,
    0.0,
    0.0,
    0.0,
    0.0,
    0.0,
    0.0,
    0.0,
    0.0,
    0.0,
    0.0,
    0.0,
    0.0,
    0.0,
    0.0,
    0.0,
    0.0,
    0.0,
    0.0,
    0.0,
    0.0,
    0.0,
    0.0,
    0.0,
    0.0,
    0.0,
    0.0,
    0.0,
    0.0,
    0.0,
    0.0,
    0.0,
    0.0,
    0.0,
    0.0,
    0.0,
    0.0,
    0.0,
    0.0,
    0.0,
    0.0,
    0.0,
    0.0,
    0.0,
    0.0,
    0.0,
    0.0,
    0.0,
    0.0,
    0.0,
    0.0,
    0.0
  ]
}