{
  "mean_return": 26.99730381700861,
  "std_return": 1.2267685377731656,
  "se_return": 0.12267685377731656,
  "mean_length": 1000.0,
  "mean_action_smoothness": 0.1381525129673614,
  "std_action_smoothness": 0.015075880392488182,
  "mean_action_magnitude": 1.0607320772293098,
  "mean_cost": 49.44,
  "total_cost": 4944.0,
  "feasibility_rate": 0.08,
  "policy_entropy": 1.7701777219772339,
  "q_value_variance": null,
  "mean_recovery_ratio": 1.6284715533939074,
  "std_recovery_ratio": 0.5677832466122528,
  "n_episodes": 100,
  "per_episode_returns": [
    27.67655437607208,
    28.501040328320368,
    27.83735129991678,
    26.68262744943408,
    25.476217935094077,
    26.882952805765257,
    26.731084593711387,
    28.74654095612221,
    26.645421950661426,
    26.477739708104195,
    27.3509489071465,
    30.71033189878792,
    25.87526940423759,
    27.42022861210878,
    25.6066479578458,
    25.7471689549089,
    27.006747322930895,
    28.058914211242605,
    26.578660256527154,
    26.865522790132655,
    27.687988193504832,
    25.077635203821355,
    27.478334013843835,
    26.678358500081284,
    26.58934001301615,
    27.673511017114873,
    24.821775617423324,
    25.74737894180572,
    30.267198896717687,
    26.257681002307166,
    26.89686137819499,
    26.891723306794468,
    25.48240806219013,
    26.753408807536555,
    31.04587945041492,
    26.941541846206555,
    26.126289621057747,
    26.538434116286822,
    30.038845609509742,
    26.85200465880732,
    25.96843304686771,
    27.45132811628248,
    26.70804533552092,
    27.48503490645487,
    26.458526834286435,
    27.052938850071577,
    27.150094066776806,
    26.36708699419783,
    25.909969226807007,
    25.16809193127396,
    27.138215123534533,
    27.905409695836457,
    25.679671122158666,
    30.889992029336366,
    25.802322300945118,
    30.081337058601374,
    26.924238064509304,
    27.88039790196316,
    26.019671631878897,
    27.30405640957172,
    27.26414416186687,
    27.577577080413633,
    27.358327278120193,
    26.308503102536427,
    25.760661413206705,
    25.659480552604904,
    26.847479359602527,
    27.434452181096052,
    26.188570837371245,
    27.384504559916305,
    27.370637262431828,
    27.484524258983104,
    27.240672233369253,
    25.80924723822765,
    26.993803244972227,
    26.104897667222104,
    26.083351009743915,
    29.38704685690605,
    26.477124500374355,
    27.289176668479183,
    25.285397955955464,
    27.818662298259444,
    26.711023893402224,
    26.76335174898569,
    26.551580054698654,
    27.683791497468253,
    25.65539273893476,
    26.581369522836937,
    26.441814648169892,
    26.385729641769895,
    25.660492135507607,
    26.755604626732428,
    26.538208257996228,
    28.779503718647515,
    28.44114653448127,
    27.123717256571734,
    25.58626669790205,
    27.2514147678787,
    26.296719218366004,
    27.325582396270487
  ],
  "per_episode_smoothness": [
    0.17358366785124965,
    0.13909400885040532,
    0.15609890917227032,
    0.14950023239755367,
    0.12202171066933742,
    0.12889289728753994,
    0.13558869844066523,
    0.14190531181221788,
    0.14294977597496547,
    0.13033776875483125,
    0.12422313280783898,
    0.15038428933307607,
    0.13674784697741618,
    0.1375008585434703,
    0.15147233887345235,
    0.11194334196945263,
    0.13133206715386253,
    0.1482986683385187,
    0.12271318837101679,
    0.1436614347088635,
    0.13816055623279022,
    0.16400515544123553,
    0.14521049154516744,
    0.13847378887740605,
    0.12218431710686757,
    0.14087576283072253,
    0.12970012346620127,
    0.13464519958686413,
    0.1675511523641333,
    0.12976304980813078,
    0.12776350597626537,
    0.11621380649848416,
    0.12323781317153848,
    0.13362533547691563,
    0.16511120991489361,
    0.13163869920326857,
    0.14275802878702104,
    0.12208702144818255,
    0.15365462874298727,
    0.12906246006832747,
    0.14737779911218407,
    0.11187125154450248,
    0.12054629893705374,
    0.16429889123055574,
    0.1401086024240677,
    0.1256323195120646,
    0.15417854991227056,
    0.12522969801630257,
    0.141397060385349,
    0.13889437950442568,
    0.1344409720068115,
    0.16204494028744187,
    0.11126587270689456,
    0.1462739203688606,
    0.13820387741295623,
    0.1344514777783116,
    0.12562530844984135,
    0.1328387777397463,
    0.13769984843706295,
    0.1473567450978808,
    0.13004589565803967,
    0.11750587095763178,
    0.12329930094041192,
    0.1333543109966509,
    0.14680083121055076,
    0.12252599709186882,
    0.18538500804007366,
    0.1349908532258761,
    0.13506388085143997,
    0.14842376258715176,
    0.11077194005698916,
    0.13897180131223386,
    0.16039917675274917,
    0.15078683039895152,
    0.14280576583174287,
    0.13145578586183523,
    0.15318101225352523,
    0.13922968300969082,
    0.14626672139276042,
    0.11233730443955692,
    0.12322536869728619,
    0.16893501194446245,
    0.14371549875437306,
    0.1338480475230468,
    0.14687426113553292,
    0.11808607396517251,
    0.15080943142884717,
    0.15906967111920212,
    0.1234758320928164,
    0.13630438601265676,
    0.11723773919763668,
    0.1548179763677827,
    0.13434806456723924,
    0.16549247592666194,
    0.14584578749415042,
    0.14731451985147595,
    0.13204680648333886,
    0.13767165622909933,
    0.11899339039590269,
    0.11982871897973141
  ],
  "per_episode_costs": [
    84.0,
    55.0,
    77.0,
    70.0,
    66.0,
    49.0,
    14.0,
    44.0,
    10.0,
    55.0,
    61.0,
    26.0,
    0.0,
    20.0,
    71.0,
    77.0,
    43.0,
    18.0,
    85.0,
    42.0,
    31.0,
    34.0,
    9.0,
    24.0,
    72.0,
    16.0,
    49.0,
    28.0,
    51.0,
    96.0,
    53.0,
    49.0,
    62.0,
    28.0,
    173.0,
    0.0,
    53.0,
    34.0,
    84.0,
    59.0,
    97.0,
    78.0,
    112.0,
    42.0,
    26.0,
    0.0,
    59.0,
    73.0,
    82.0,
    16.0,
    8.0,
    29.0,
    39.0,
    13.0,
    58.0,
    0.0,
    33.0,
    76.0,
    16.0,
    0.0,
    30.0,
    56.0,
    78.0,
    29.0,
    44.0,
    34.0,
    11.0,
    92.0,
    89.0,
    26.0,
    96.0,
    55.0,
    17.0,
    47.0,
    21.0,
    10.0,
    0.0,
    66.0,
    0.0,
    45.0,
    76.0,
    121.0,
    41.0,
    46.0,
    22.0,
    0.0,
    69.0,
    120.0,
    97.0,
    115.0,
    59.0,
    73.0,
    26.0,
    56.0,
    50.0,
    37.0,
    61.0,
    140.0,
    33.0,
    27.0
  ]
}