{
  "mean_return": 3428.3970745566785,
  "std_return": 6.720434283557203,
  "se_return": 0.6720434283557203,
  "mean_length": 1000.0,
  "mean_action_smoothness": 0.13047462850809097,
  "std_action_smoothness": 0.000893618895215462,
  "mean_action_magnitude": 0.7980979931354523,
  "mean_cost": 0.0,
  "total_cost": 0.0,
  "feasibility_rate": 1.0,
  "policy_entropy": 2.5585241317749023,
  "q_value_variance": null,
  "mean_recovery_ratio": 2.0829133123028765,
  "std_recovery_ratio": 0.010739068926506737,
  "n_episodes": 100,
  "per_episode_returns": [
    3425.0923234508023,
    3417.3663228965493,
    3425.1389111974586,
    3432.6987495354433,
    3438.057390282281,
    3423.1021312532275,
    3426.08286817414,
    3433.5851156746194,
    3437.0146635680253,
    3432.6559676440997,
    3426.227558784228,
    3432.4799218579033,
    3434.3520381125786,
    3433.2284904396042,
    3423.6810873861314,
    3440.04350058003,
    3435.7367089157115,
    3419.719347360273,
    3422.2730056451182,
    3431.46577031556,
    3426.9778898846907,
    3426.5898674548944,
    3421.2557780491156,
    3423.8246039134824,
    3427.6187859908223,
    3429.5281033650585,
    3436.2726712888652,
    3426.27678023194,
    3432.5883242520713,
    3421.093607860018,
    3435.7807712500453,
    3426.466487525877,
    3435.583369943241,
    3434.5646546902817,
    3433.5796887180904,
    3426.015124324767,
    3417.333765547815,
    3436.506630366367,
    3427.4877337367375,
    3422.667482057676,
    3430.408933851032,
    3427.3431370642743,
    3427.730877501992,
    3432.397155418842,
    3413.645582092405,
    3434.573780086971,
    3419.0059877692383,
    3426.457161502183,
    3440.3629545153676,
    3424.522683377653,
    3422.512747332068,
    3432.4740105804594,
    3440.5052866662427,
    3435.863591705541,
    3435.4267051009065,
    3438.142747814068,
    3423.2706253472606,
    3432.311809727286,
    3431.3962725396514,
    3443.8135092638395,
    3429.688163651401,
    3426.489427094836,
    3430.641867400123,
    3430.613536974165,
    3425.1931666539313,
    3421.928702000936,
    3426.7521677389454,
    3412.17045738517,
    3428.1438445405406,
    3420.580599880328,
    3419.8775297276525,
    3438.112440672123,
    3436.066803766245,
    3425.3366028330147,
    3425.631434781483,
    3431.1105271195897,
    3421.0380619113093,
    3430.648101371903,
    3432.73309496426,
    3429.282882570446,
    3416.787533005502,
    3418.2003330166795,
    3430.0399532716583,
    3433.3800811985416,
    3433.8575518018583,
    3425.572503989628,
    3430.834426738755,
    3427.335525456029,
    3423.869109927329,
    3442.3661354163105,
    3425.035175232506,
    3434.8732873298604,
    3413.9685360299623,
    3428.880349111473,
    3417.218147714414,
    3418.976632016033,
    3420.081138329904,
    3424.9934710825983,
    3435.393048159638,
    3425.8255510177432
  ],
  "per_episode_smoothness": [
    0.13310493528842926,
    0.13115057349205017,
    0.12902064621448517,
    0.13045258820056915,
    0.13086743652820587,
    0.1316601037979126,
    0.132180318236351,
    0.13180340826511383,
    0.13244622945785522,
    0.13049159944057465,
    0.13086774945259094,
    0.1305934190750122,
    0.13045984506607056,
    0.12869101762771606,
    0.12951965630054474,
    0.13066323101520538,
    0.13054870069026947,
    0.13056586682796478,
    0.1311539262533188,
    0.13017594814300537,
    0.13026097416877747,
    0.13096514344215393,
    0.13122935593128204,
    0.12981098890304565,
    0.13006584346294403,
    0.12938907742500305,
    0.12985606491565704,
    0.13059788942337036,
    0.13033904135227203,
    0.13075484335422516,
    0.12923158705234528,
    0.12995831668376923,
    0.1291959136724472,
    0.12995800375938416,
    0.1309034675359726,
    0.13131806254386902,
    0.12937666475772858,
    0.1303924173116684,
    0.13085752725601196,
    0.13021494448184967,
    0.13073641061782837,
    0.1306632161140442,
    0.13031747937202454,
    0.13069553673267365,
    0.130042165517807,
    0.13207891583442688,
    0.12948215007781982,
    0.13155199587345123,
    0.13020581007003784,
    0.13035334646701813,
    0.13052906095981598,
    0.13169512152671814,
    0.13077448308467865,
    0.12985970079898834,
    0.13066861033439636,
    0.13068722188472748,
    0.12999117374420166,
    0.12926305830478668,
    0.1298508197069168,
    0.1303616762161255,
    0.1306837797164917,
    0.1301526427268982,
    0.1293622851371765,
    0.13056795299053192,
    0.1295991986989975,
    0.13098694384098053,
    0.13056331872940063,
    0.13223232328891754,
    0.13104327023029327,
    0.13253048062324524,
    0.13076834380626678,
    0.13052569329738617,
    0.1304568648338318,
    0.13012945652008057,
    0.13088923692703247,
    0.12945397198200226,
    0.12913022935390472,
    0.13093404471874237,
    0.13076376914978027,
    0.12930823862552643,
    0.13295356929302216,
    0.12984967231750488,
    0.12951821088790894,
    0.13068534433841705,
    0.12956620752811432,
    0.1304670125246048,
    0.1291848123073578,
    0.13011589646339417,
    0.12977151572704315,
    0.13066519796848297,
    0.1304113268852234,
    0.12867435812950134,
    0.13094714283943176,
    0.12950700521469116,
    0.1300795078277588,
    0.12922169268131256,
    0.13148042559623718,
    0.13245068490505219,
    0.13011357188224792,
    0.13081637024879456
  ],
  "per_episode_costs": [
    0.0,
    0.0,
    0.0,
    0.0,
    0.0,
    0.0,
    0.0,
    0.0,
    0.0,
    0.0,
    0.0,
    0.0,
    0.0,
    0.0,
    0.0,
    0.0,
    0.0,
    0.0,
    0.0,
    0.0,
    0.0,
    0.0,
    0.0,
    0.0,
    0.0,
    0.0,
    0.0,
    0.0,
    0.0,
    0.0,
    0.0,
    0.0,
    0.0,
    0.0,
    0.0,
    0.0,
    0.0,
    0.0,
    0.0,
    0.0,
    0.0,
    0.0,
    0.0,
    0.0,
    0.0,
    0.0,
    0.0,
    0.0,
    0.0,
    0.0,
    0.0,
    0.0,
    0.0,
    0.0,
    0.0,
    0.0,
    0.0,
    0.0,
    0.0,
    0.0,
    0.0,
    0.0,
    0.0,
    0.0,
    0.0,
    0.0,
    0.0,
    0.0,
    0.0,
    0.0,
    0.0,
    0.0,
    0.0,
    0.0,
    0.0,
    0.0,
    0.0,
    0.0,
    0.0,
    0.0,
    0.0,
    0.0,
    0.0,
    0.0,
    0.0,
    0.0,
    0.0,
    0.0,
    0.0,
    0.0,
    0.0,
    0.0,
    0.0,
    0.0,
    0.0,
    0.0,
    0.0,
    0.0,
    0.0,
    0.0
  ]
}