{
  "mean_return": 3429.7211173290193,
  "std_return": 6.269167896597142,
  "se_return": 0.6269167896597142,
  "mean_length": 1000.0,
  "mean_action_smoothness": 0.13034888550639154,
  "std_action_smoothness": 0.0007431745295639191,
  "mean_action_magnitude": 0.7975674879550934,
  "mean_cost": 0.0,
  "total_cost": 0.0,
  "feasibility_rate": 1.0,
  "policy_entropy": 2.5585241317749023,
  "q_value_variance": null,
  "mean_recovery_ratio": 2.078955780026915,
  "std_recovery_ratio": 0.013380579283105725,
  "n_episodes": 100,
  "per_episode_returns": [
    3428.6518328963825,
    3421.877200126306,
    3423.8729845818234,
    3425.9628372697566,
    3423.643219250085,
    3425.1910693278005,
    3428.964447246361,
    3423.3651608240766,
    3437.74988372544,
    3425.8027922423125,
    3434.4176779559475,
    3438.385830534674,
    3428.8615400007957,
    3435.7302690796364,
    3441.830351683797,
    3429.413375154433,
    3430.7807940165617,
    3435.1178357654308,
    3430.5520310109696,
    3428.716405891727,
    3430.3759672205174,
    3420.4471494858226,
    3424.733739263302,
    3431.2327550181153,
    3440.0080792808376,
    3435.9108531251613,
    3437.1576850887263,
    3428.918736632613,
    3420.2598197976804,
    3424.738415408546,
    3432.029056089446,
    3438.6284923275794,
    3442.4851264847857,
    3431.069771535255,
    3428.1318558410917,
    3430.6725173616855,
    3437.0087576944215,
    3422.0824144206745,
    3415.45107136312,
    3416.9770292109592,
    3435.0590147788384,
    3433.266928562672,
    3425.1803060838715,
    3429.8342025609813,
    3436.896813709639,
    3432.0327564834747,
    3432.0885754986753,
    3421.4867488651016,
    3426.3320846881156,
    3430.2362478467144,
    3435.507058316871,
    3432.4737308916683,
    3431.3147815727834,
    3420.2433695037325,
    3431.0775067514232,
    3427.3529086486824,
    3420.010488439462,
    3433.7275388194753,
    3431.9284181033654,
    3428.84551583311,
    3426.2436368891754,
    3419.212666657179,
    3431.737459131304,
    3428.3594082268005,
    3429.6412357840827,
    3433.198635501617,
    3418.3944327983572,
    3434.4500442201047,
    3424.494675569986,
    3429.407523223918,
    3427.0445959959884,
    3415.463891560393,
    3442.8616915746315,
    3431.8365256022744,
    3437.0119010128537,
    3435.6066061304364,
    3427.6956775617264,
    3427.694656058709,
    3435.198530618228,
    3420.6917589081254,
    3431.4630960847653,
    3422.9984369882127,
    3428.363506156158,
    3436.1268025138997,
    3422.973537776228,
    3425.381270699558,
    3433.619141537808,
    3432.2858671209965,
    3435.0089953581323,
    3423.5704657685415,
    3423.252489740626,
    3420.0738805444,
    3440.997196661223,
    3430.9421872828298,
    3439.120231023308,
    3436.859097705322,
    3426.69619940231,
    3429.7151291142804,
    3433.282273296727,
    3441.034547907389
  ],
  "per_episode_smoothness": [
    0.1313827931880951,
    0.131290465593338,
    0.1307586133480072,
    0.13048115372657776,
    0.13030706346035004,
    0.1304919570684433,
    0.1311352252960205,
    0.1307772547006607,
    0.13079768419265747,
    0.12962156534194946,
    0.13044732809066772,
    0.1301531344652176,
    0.13215793669223785,
    0.1304474025964737,
    0.12931007146835327,
    0.13076968491077423,
    0.12970153987407684,
    0.13096439838409424,
    0.1297626942396164,
    0.13090476393699646,
    0.13002079725265503,
    0.13077980279922485,
    0.12936672568321228,
    0.12972868978977203,
    0.12942513823509216,
    0.12947335839271545,
    0.13066187500953674,
    0.1305549293756485,
    0.13221803307533264,
    0.13044282793998718,
    0.12928727269172668,
    0.1306808590888977,
    0.13052619993686676,
    0.1293632686138153,
    0.12975643575191498,
    0.13048559427261353,
    0.1303066611289978,
    0.13177575170993805,
    0.1308046579360962,
    0.1303606927394867,
    0.1317322850227356,
    0.13000890612602234,
    0.1310366541147232,
    0.13031728565692902,
    0.1304214745759964,
    0.13080723583698273,
    0.1313052773475647,
    0.130165234208107,
    0.12973858416080475,
    0.12971876561641693,
    0.13067622482776642,
    0.13003671169281006,
    0.1296679675579071,
    0.12992103397846222,
    0.12890692055225372,
    0.12886784970760345,
    0.1307261884212494,
    0.1293947994709015,
    0.129856139421463,
    0.12941817939281464,
    0.13135340809822083,
    0.13180413842201233,
    0.13025444746017456,
    0.1297091394662857,
    0.12957699596881866,
    0.1304233968257904,
    0.1300969272851944,
    0.1318804770708084,
    0.13029757142066956,
    0.13133426010608673,
    0.12985850870609283,
    0.13211241364479065,
    0.13172684609889984,
    0.12949088215827942,
    0.1292809396982193,
    0.13030649721622467,
    0.1301237791776657,
    0.12983521819114685,
    0.1299591362476349,
    0.12963375449180603,
    0.13074511289596558,
    0.13075266778469086,
    0.12994202971458435,
    0.1292339414358139,
    0.13016071915626526,
    0.12933579087257385,
    0.13036315143108368,
    0.1302606165409088,
    0.13019435107707977,
    0.13075609505176544,
    0.13022220134735107,
    0.12999621033668518,
    0.13084477186203003,
    0.1308971792459488,
    0.13081975281238556,
    0.13000106811523438,
    0.12919794023036957,
    0.130047008395195,
    0.1313217282295227,
    0.13033145666122437
  ],
  "per_episode_costs": [
    0.0,
    0.0,
    0.0,
    0.0,
    0.0,
    0.0,
    0.0,
    0.0,
    0.0,
    0.0,
    0.0,
    0.0,
    0.0,
    0.0,
    0.0,
    0.0,
    0.0,
    0.0,
    0.0,
    0.0,
    0.0,
    0.0,
    0.0,
    0.0,
    0.0,
    0.0,
    0.0,
    0.0,
    0.0,
    0.0,
    0.0,
    0.0,
    0.0,
    0.0,
    0.0,
    0.0,
    0.0,
    0.0,
    0.0,
    0.0,
    0.0,
    0.0,
    0.0,
    0.0,
    0.0,
    0.0,
    0.0,
    0.0,
    0.0,
    0.0,
    0.0,
    0.0,
    0.0,
    0.0,
    0.0,
    0.0,
    0.0,
    0.0,
    0.0,
    0.0,
    0.0,
    0.0,
    0.0,
    0.0,
    0.0,
    0.0,
    0.0,
    0.0,
    0.0,
    0.0,
    0.0,
    0.0,
    0.0,
    0.0,
    0.0,
    0.0,
    0.0,
    0.0,
    0.0,
    0.0,
    0.0,
    0.0,
    0.0,
    0.0,
    0.0,
    0.0,
    0.0,
    0.0,
    0.0,
    0.0,
    0.0,
    0.0,
    0.0,
    0.0,
    0.0,
    0.0,
    0.0,
    0.0,
    0.0,
    0.0
  ]
}