{
  "mean_return": 1068.302773439908,
  "std_return": 66.64336730399937,
  "se_return": 6.664336730399937,
  "mean_length": 1000.0,
  "mean_action_smoothness": 2.294972960948944,
  "std_action_smoothness": 0.02443392731890367,
  "mean_action_magnitude": 1.63416685461998,
  "mean_cost": 0.0,
  "total_cost": 0.0,
  "feasibility_rate": 1.0,
  "policy_entropy": 4.962040424346924,
  "q_value_variance": null,
  "mean_recovery_ratio": 3.042275851204324,
  "std_recovery_ratio": 5.67458144747144,
  "n_episodes": 100,
  "per_episode_returns": [
    1126.1151448913147,
    1027.7931795575023,
    1056.5824769301714,
    1152.5593469376174,
    934.304043275257,
    1006.3462408264843,
    1120.5058527273236,
    1126.870668671498,
    1159.7190091326836,
    1115.3085179368907,
    924.9820289150764,
    1049.088127431122,
    1131.4424273374466,
    1133.741724237032,
    1145.7493168913493,
    1005.1099940046959,
    1097.1572974042742,
    1014.8422794263864,
    1099.5258960320693,
    1064.049009898576,
    1105.0406921631984,
    1159.9311031308503,
    1062.0283608902673,
    1099.6427003469528,
    1082.900337275175,
    1100.5848002131233,
    1064.8617249432007,
    1059.6332094709894,
    1135.0503532912019,
    1049.4903099799806,
    1079.4043508730085,
    1122.193031449019,
    1080.7920121071074,
    850.0566321791187,
    1048.5318500385479,
    1001.5203507390833,
    1086.168599354913,
    1133.225176258474,
    1078.6118404792905,
    1007.6608068524155,
    1139.3895929845921,
    1038.478904039946,
    1003.3829849662048,
    1093.3746411576628,
    1110.0779313323474,
    1054.7082466789134,
    1114.4206420860487,
    1080.0130550517702,
    1075.8884925999607,
    1052.7891943353409,
    1105.4522144246753,
    1050.1964942042089,
    931.8773932050577,
    1102.7469385328175,
    1060.8908358072886,
    1143.6856105168786,
    1138.4748798443068,
    928.9365641897003,
    1107.6580163805893,
    1075.354109733566,
    1066.293852938591,
    1091.486160088955,
    1092.12734213436,
    980.016633219547,
    1092.5436177419724,
    1117.5191649869762,
    1019.9895839769111,
    1097.2911199774085,
    1115.008629647079,
    1133.315549293066,
    1202.9618905731106,
    975.7456548314142,
    909.0827044478817,
    1014.0696965618339,
    1015.0764020463038,
    1049.3715379456,
    1055.6966221357925,
    1038.5655852056098,
    1136.085107863293,
    1101.3469107151172,
    1066.157893093071,
    1136.7033622897343,
    1084.9389169110875,
    1127.0162056843706,
    1002.2401410276027,
    1135.0131971061576,
    1067.3708426284295,
    808.5354024350354,
    1047.2452328151132,
    990.2420888222077,
    1068.8812165544175,
    1084.6910439149437,
    1075.3103596397634,
    1061.8982734929903,
    1091.9401228339818,
    1129.735076862452,
    1046.557548765124,
    1072.0157700932732,
    968.7392799605778,
    1154.534036157053
  ],
  "per_episode_smoothness": [
    2.300067186355591,
    2.3146145343780518,
    2.2909395694732666,
    2.31840443611145,
    2.2463300228118896,
    2.263352632522583,
    2.306811809539795,
    2.305504560470581,
    2.321122407913208,
    2.282008171081543,
    2.276130437850952,
    2.2887401580810547,
    2.2881815433502197,
    2.2941267490386963,
    2.3049395084381104,
    2.293175458908081,
    2.3161842823028564,
    2.2952210903167725,
    2.276090145111084,
    2.3067715167999268,
    2.309380292892456,
    2.309743881225586,
    2.2882134914398193,
    2.3241543769836426,
    2.287356376647949,
    2.320729970932007,
    2.2814083099365234,
    2.30191969871521,
    2.2821288108825684,
    2.3187177181243896,
    2.3169972896575928,
    2.2758896350860596,
    2.2835257053375244,
    2.2138314247131348,
    2.313417434692383,
    2.2860589027404785,
    2.3171608448028564,
    2.2836368083953857,
    2.293151617050171,
    2.2870633602142334,
    2.3097476959228516,
    2.3099536895751953,
    2.2735612392425537,
    2.2985832691192627,
    2.2814931869506836,
    2.2914304733276367,
    2.322251796722412,
    2.3037519454956055,
    2.2714316844940186,
    2.2972493171691895,
    2.293674945831299,
    2.2977819442749023,
    2.2421138286590576,
    2.3082542419433594,
    2.2787411212921143,
    2.3389699459075928,
    2.3142924308776855,
    2.2584564685821533,
    2.2804019451141357,
    2.3053665161132812,
    2.312025308609009,
    2.314160108566284,
    2.312465190887451,
    2.312727928161621,
    2.2876241207122803,
    2.3141086101531982,
    2.281463146209717,
    2.3079676628112793,
    2.2777976989746094,
    2.3080551624298096,
    2.315549373626709,
    2.24560809135437,
    2.2372710704803467,
    2.274825096130371,
    2.294300079345703,
    2.2813775539398193,
    2.313141345977783,
    2.326974868774414,
    2.3007171154022217,
    2.3009235858917236,
    2.311147928237915,
    2.338876962661743,
    2.2940328121185303,
    2.2791008949279785,
    2.2799928188323975,
    2.313261032104492,
    2.3141283988952637,
    2.18782901763916,
    2.3121275901794434,
    2.2633328437805176,
    2.295149803161621,
    2.3199331760406494,
    2.319200038909912,
    2.272582530975342,
    2.3048176765441895,
    2.317662239074707,
    2.332366943359375,
    2.3040621280670166,
    2.2686216831207275,
    2.289276599884033
  ],
  "per_episode_costs": [
    0.0,
    0.0,
    0.0,
    0.0,
    0.0,
    0.0,
    0.0,
    0.0,
    0.0,
    0.0,
    0.0,
    0.0,
    0.0,
    0.0,
    0.0,
    0.0,
    0.0,
    0.0,
    0.0,
    0.0,
    0.0,
    0.0,
    0.0,
    0.0,
    0.0,
    0.0,
    0.0,
    0.0,
    0.0,
    0.0,
    0.0,
    0.0,
    0.0,
    0.0,
    0.0,
    0.0,
    0.0,
    0.0,
    0.0,
    0.0,
    0.0,
    0.0,
    0.0,
    0.0,
    0.0,
    0.0,
    0.0,
    0.0,
    0.0,
    0.0,
    0.0,
    0.0,
    0.0,
    0.0,
    0.0,
    0.0,
    0.0,
    0.0,
    0.0,
    0.0,
    0.0,
    0.0,
    0.0,
    0.0,
    0.0,
    0.0,
    0.0,
    0.0,
    0.0,
    0.0,
    0.0,
    0.0,
    0.0,
    0.0,
    0.0,
    0.0,
    0.0,
    0.0,
    0.0,
    0.0,
    0.0,
    0.0,
    0.0,
    0.0,
    0.0,
    0.0,
    0.0,
    0.0,
    0.0,
    0.0,
    0.0,
    0.0,
    0.0,
    0.0,
    0.0,
    0.0,
    0.0,
    0.0,
    0.0,
    0.0
  ]
}