{
  "mean_return": 5134.508048205241,
  "std_return": 50.20654601399097,
  "se_return": 5.020654601399097,
  "mean_length": 1000.0,
  "mean_action_smoothness": 2.6985149025917052,
  "std_action_smoothness": 0.007089792871294376,
  "mean_action_magnitude": 2.007551958560944,
  "mean_cost": 0.0,
  "total_cost": 0.0,
  "feasibility_rate": 1.0,
  "policy_entropy": null,
  "q_value_variance": 1.4187744855880737,
  "mean_recovery_ratio": 1.967550359810555,
  "std_recovery_ratio": 0.08917388339848423,
  "n_episodes": 100,
  "per_episode_returns": [
    5100.195828771182,
    5147.028308912832,
    5068.1932157269375,
    5183.402759967389,
    5138.731460720881,
    5162.875519596315,
    5183.410016132599,
    5203.25933318488,
    5167.625385592995,
    5087.478975776067,
    5146.586760156038,
    5037.3154322989585,
    5132.1159658280985,
    5160.942050073287,
    5173.8209589344115,
    5123.68819691865,
    5062.070852865666,
    5209.579021812782,
    5094.974436972869,
    5054.079170976057,
    5106.201409961479,
    5189.728346464709,
    5186.432539913108,
    5266.072853148572,
    5149.558292611993,
    5115.77367458766,
    5224.5234971055925,
    5185.354442603719,
    5200.326298179641,
    5159.608422396734,
    5059.505935013883,
    5191.713743117186,
    5147.708614125487,
    5082.530044274585,
    5158.251726339161,
    5212.965590074759,
    5102.02500049117,
    5069.097235899965,
    5178.941348863048,
    5118.71971536442,
    5187.292154549033,
    5123.187104513511,
    5152.739243270513,
    5144.460494567001,
    5194.7082345576255,
    5156.862967034776,
    5089.254321123434,
    5143.5069234738,
    5118.528408394452,
    5033.439823606346,
    5069.880224064469,
    5161.131827813212,
    5145.208509062715,
    5181.808665868668,
    5196.0556829754005,
    5136.8367147015415,
    5060.962237523824,
    5078.099183077392,
    5095.881177030225,
    5092.347238315396,
    5175.125901247439,
    5170.431785331383,
    5097.994239819143,
    5108.006312127362,
    5090.368943084866,
    5091.429600408154,
    5045.589843630803,
    5082.069246445199,
    5163.78900784733,
    5205.136817529251,
    5049.1139414117015,
    5127.433300556201,
    5162.109868001106,
    5152.522692709024,
    5177.741970636021,
    5133.446512528612,
    5105.752965939317,
    5169.963506367058,
    5052.877168668654,
    5066.829988066649,
    5254.000137627521,
    5151.275266717843,
    5151.29123009019,
    5149.3188846380945,
    5105.276502393078,
    5159.86975790257,
    5179.487889925362,
    5088.5593600253615,
    5121.458974672313,
    5017.831501727197,
    5107.357231814879,
    5097.861939715608,
    5124.013609205126,
    5197.467998828537,
    5141.759930647002,
    5096.081312771751,
    5141.205065648664,
    5165.9652583507095,
    5116.488427794952,
    5151.897410392913
  ],
  "per_episode_smoothness": [
    2.6934361457824707,
    2.6968271732330322,
    2.6977598667144775,
    2.700165033340454,
    2.6897943019866943,
    2.693997859954834,
    2.7011170387268066,
    2.7036006450653076,
    2.6994564533233643,
    2.690070152282715,
    2.6963603496551514,
    2.6896896362304688,
    2.711878538131714,
    2.7062981128692627,
    2.6925039291381836,
    2.6908798217773438,
    2.6837708950042725,
    2.6907098293304443,
    2.696054697036743,
    2.697728395462036,
    2.7115583419799805,
    2.7141036987304688,
    2.698111057281494,
    2.699742317199707,
    2.6886491775512695,
    2.6939711570739746,
    2.7073967456817627,
    2.6911232471466064,
    2.7147014141082764,
    2.6970221996307373,
    2.699512481689453,
    2.6947391033172607,
    2.702629804611206,
    2.7014987468719482,
    2.6933505535125732,
    2.6954140663146973,
    2.686246871948242,
    2.690464973449707,
    2.7037477493286133,
    2.700406551361084,
    2.6945948600769043,
    2.705193519592285,
    2.6861298084259033,
    2.6929070949554443,
    2.695077657699585,
    2.687480926513672,
    2.7038650512695312,
    2.6989684104919434,
    2.7037203311920166,
    2.6908183097839355,
    2.6998753547668457,
    2.6954782009124756,
    2.6979010105133057,
    2.7022433280944824,
    2.7057836055755615,
    2.7017829418182373,
    2.6990904808044434,
    2.696955919265747,
    2.702970027923584,
    2.699345827102661,
    2.695369005203247,
    2.7044460773468018,
    2.7012038230895996,
    2.6905956268310547,
    2.6942644119262695,
    2.6912200450897217,
    2.6874003410339355,
    2.6996326446533203,
    2.7050209045410156,
    2.709429979324341,
    2.690838098526001,
    2.694553852081299,
    2.702540397644043,
    2.678327798843384,
    2.6980855464935303,
    2.7064590454101562,
    2.713148593902588,
    2.7031896114349365,
    2.6942553520202637,
    2.6904664039611816,
    2.7146823406219482,
    2.7038381099700928,
    2.704066276550293,
    2.6949214935302734,
    2.695607900619507,
    2.702596664428711,
    2.7040200233459473,
    2.701249122619629,
    2.6965065002441406,
    2.699038505554199,
    2.694831132888794,
    2.689927101135254,
    2.7045276165008545,
    2.7058451175689697,
    2.7047066688537598,
    2.7002623081207275,
    2.707094192504883,
    2.7096002101898193,
    2.6952626705169678,
    2.705786943435669
  ],
  "per_episode_costs": [
    0.0,
    0.0,
    0.0,
    0.0,
    0.0,
    0.0,
    0.0,
    0.0,
    0.0,
    0.0,
    0.0,
    0.0,
    0.0,
    0.0,
    0.0,
    0.0,
    0.0,
    0.0,
    0.0,
    0.0,
    0.0,
    0.0,
    0.0,
    0.0,
    0.0,
    0.0,
    0.0,
    0.0,
    0.0,
    0.0,
    0.0,
    0.0,
    0.0,
    0.0,
    0.0,
    0.0,
    0.0,
    0.0,
    0.0,
    0.0,
    0.0,
    0.0,
    0.0,
    0.0,
    0.0,
    0.0,
    0.0,
    0.0,
    0.0,
    0.0,
    0.0,
    0.0,
    0.0,
    0.0,
    0.0,
    0.0,
    0.0,
    0.0,
    0.0,
    0.0,
    0.0,
    0.0,
    0.0,
    0.0,
    0.0,
    0.0,
    0.0,
    0.0,
    0.0,
    0.0,
    0.0,
    0.0,
    0.0,
    0.0,
    0.0,
    0.0,
    0.0,
    0.0,
    0.0,
    0.0,
    0.0,
    0.0,
    0.0,
    0.0,
    0.0,
    0.0,
    0.0,
    0.0,
    0.0,
    0.0,
    0.0,
    0.0,
    0.0,
    0.0,
    0.0,
    0.0,
    0.0,
    0.0,
    0.0,
    0.0
  ]
}