{
  "mean_return": 5131.994079009556,
  "std_return": 56.97298801102831,
  "se_return": 5.697298801102831,
  "mean_length": 1000.0,
  "mean_action_smoothness": 2.6986384129524232,
  "std_action_smoothness": 0.0077723283709039415,
  "mean_action_magnitude": 2.0082889759540556,
  "mean_cost": 0.0,
  "total_cost": 0.0,
  "feasibility_rate": 1.0,
  "policy_entropy": null,
  "q_value_variance": 1.923401951789856,
  "mean_recovery_ratio": 2.0174589262824396,
  "std_recovery_ratio": 0.09748674791740035,
  "n_episodes": 100,
  "per_episode_returns": [
    5102.870729796638,
    5131.572678371145,
    5194.990733168478,
    5192.636633225179,
    5044.126850683774,
    5113.858104949928,
    5111.601444411996,
    5072.704378470551,
    5088.545050423402,
    5029.218404652274,
    5162.894535170966,
    5217.440147774627,
    5105.621142150307,
    5135.994629098164,
    5209.690731936114,
    5134.72341758935,
    5152.21167429296,
    5160.771759426131,
    5099.425181861841,
    5132.184418582628,
    5253.332622422044,
    5144.107440780325,
    5134.24427871274,
    5114.734393849655,
    5143.307852215575,
    5149.258651048441,
    5151.749610869681,
    5208.984514340149,
    5177.557652425284,
    5143.760155471379,
    5159.557548258768,
    5111.356270832952,
    5045.519831899716,
    5173.506856047488,
    5146.38793402019,
    5173.045509483781,
    5087.375737498032,
    5060.827405963438,
    5207.012004377583,
    5134.836284790032,
    5103.140431038749,
    5237.837823829074,
    5094.50442428256,
    5150.4654779337225,
    5151.495729150646,
    5054.110810409634,
    5094.0266603904265,
    5170.684296294088,
    5118.063313794284,
    5188.926233711811,
    5164.638935762692,
    5075.535513219205,
    5158.521484098945,
    5158.226490086057,
    5067.877866181932,
    5155.779011596785,
    5028.916132773691,
    5048.037730729479,
    5125.676517497109,
    5111.912048210714,
    5115.580405096704,
    5141.80386320653,
    5088.347773893109,
    5151.9255941392785,
    5033.521798214942,
    4953.700617032782,
    5255.20627992673,
    5224.590369870689,
    5170.0643967394735,
    5105.699124324591,
    5190.899947053109,
    5151.554691754523,
    5069.02135639851,
    5132.622957156355,
    5157.067273813585,
    5072.885136622006,
    5114.7655284168795,
    5114.986367325484,
    5123.29165529326,
    5112.964357176921,
    5168.9545884787885,
    5041.897171931545,
    5150.846550587561,
    5156.230475377183,
    5134.38661853506,
    4992.869576157365,
    5199.137808559892,
    5174.8933998557295,
    5203.015997250649,
    5200.303137553567,
    5120.0555592130095,
    5203.950058156597,
    5256.839184354827,
    5127.971344421128,
    5003.188228607398,
    5095.875313113314,
    5093.312120551015,
    5147.334415804241,
    5118.818941665191,
    5157.105784990792
  ],
  "per_episode_smoothness": [
    2.7104010581970215,
    2.7052066326141357,
    2.68513822555542,
    2.705634832382202,
    2.6944735050201416,
    2.703350067138672,
    2.699758529663086,
    2.692633628845215,
    2.7055509090423584,
    2.685007095336914,
    2.69500994682312,
    2.697453260421753,
    2.6977500915527344,
    2.7096011638641357,
    2.6850831508636475,
    2.6986560821533203,
    2.7110626697540283,
    2.6934001445770264,
    2.68011474609375,
    2.719162940979004,
    2.7056260108947754,
    2.70164155960083,
    2.692753314971924,
    2.709683895111084,
    2.707489252090454,
    2.6984472274780273,
    2.7074921131134033,
    2.709829568862915,
    2.7101998329162598,
    2.69156813621521,
    2.701908588409424,
    2.693915605545044,
    2.685112714767456,
    2.69596791267395,
    2.7007863521575928,
    2.6971850395202637,
    2.6997392177581787,
    2.694502115249634,
    2.698301315307617,
    2.691145181655884,
    2.7102112770080566,
    2.704209327697754,
    2.703075885772705,
    2.6858959197998047,
    2.70645809173584,
    2.6972992420196533,
    2.708977460861206,
    2.6943812370300293,
    2.6958208084106445,
    2.6987979412078857,
    2.698378086090088,
    2.693403720855713,
    2.6910290718078613,
    2.7101545333862305,
    2.692171573638916,
    2.69968318939209,
    2.684783935546875,
    2.695256233215332,
    2.6992485523223877,
    2.6898305416107178,
    2.7096009254455566,
    2.6951262950897217,
    2.690646171569824,
    2.6971209049224854,
    2.700923442840576,
    2.69659161567688,
    2.693610429763794,
    2.7136173248291016,
    2.701968193054199,
    2.6994357109069824,
    2.693152904510498,
    2.708374500274658,
    2.69751238822937,
    2.7015130519866943,
    2.6940906047821045,
    2.7061893939971924,
    2.6898632049560547,
    2.7000553607940674,
    2.695908784866333,
    2.690308094024658,
    2.7084715366363525,
    2.7020511627197266,
    2.695488452911377,
    2.7066049575805664,
    2.6935174465179443,
    2.691427707672119,
    2.6989972591400146,
    2.7014524936676025,
    2.707301139831543,
    2.696014404296875,
    2.701659917831421,
    2.7002735137939453,
    2.7014060020446777,
    2.7064411640167236,
    2.677452802658081,
    2.698582410812378,
    2.698664903640747,
    2.6842899322509766,
    2.691056728363037,
    2.700267791748047
  ],
  "per_episode_costs": [
    0.0,
    0.0,
    0.0,
    0.0,
    0.0,
    0.0,
    0.0,
    0.0,
    0.0,
    0.0,
    0.0,
    0.0,
    0.0,
    0.0,
    0.0,
    0.0,
    0.0,
    0.0,
    0.0,
    0.0,
    0.0,
    0.0,
    0.0,
    0.0,
    0.0,
    0.0,
    0.0,
    0.0,
    0.0,
    0.0,
    0.0,
    0.0,
    0.0,
    0.0,
    0.0,
    0.0,
    0.0,
    0.0,
    0.0,
    0.0,
    0.0,
    0.0,
    0.0,
    0.0,
    0.0,
    0.0,
    0.0,
    0.0,
    0.0,
    0.0,
    0.0,
    0.0,
    0.0,
    0.0,
    0.0,
    0.0,
    0.0,
    0.0,
    0.0,
    0.0,
    0.0,
    0.0,
    0.0,
    0.0,
    0.0,
    0.0,
    0.0,
    0.0,
    0.0,
    0.0,
    0.0,
    0.0,
    0.0,
    0.0,
    0.0,
    0.0,
    0.0,
    0.0,
    0.0,
    0.0,
    0.0,
    0.0,
    0.0,
    0.0,
    0.0,
    0.0,
    0.0,
    0.0,
    0.0,
    0.0,
    0.0,
    0.0,
    0.0,
    0.0,
    0.0,
    0.0,
    0.0,
    0.0,
    0.0,
    0.0
  ]
}