{
  "mean_return": 755.0551069677366,
  "std_return": 93.12855468272112,
  "se_return": 9.312855468272112,
  "mean_length": 1000.0,
  "mean_action_smoothness": 1.703513469696045,
  "std_action_smoothness": 0.05412798827249886,
  "mean_action_magnitude": 1.4976257359981537,
  "mean_cost": 0.0,
  "total_cost": 0.0,
  "feasibility_rate": 1.0,
  "policy_entropy": 5.494498252868652,
  "q_value_variance": null,
  "mean_recovery_ratio": 5.450253718006893,
  "std_recovery_ratio": 14.99430993142964,
  "n_episodes": 100,
  "per_episode_returns": [
    722.8362433650592,
    767.1765067007844,
    748.1170296283876,
    639.6806052193197,
    840.8877534174173,
    766.8018058800172,
    827.9395741957629,
    832.5306158864842,
    744.0969684092368,
    796.1840741283196,
    844.7311162054295,
    865.577523847719,
    901.8481399774865,
    631.6389947457104,
    746.3336957408311,
    690.2732608384362,
    755.0610587090395,
    555.2139921580471,
    734.7240668181768,
    850.3183818605695,
    781.1445832441036,
    745.2793418812626,
    530.243629955338,
    816.3504114846236,
    784.0581599467176,
    737.5377117257897,
    801.6197603702302,
    806.4906006783835,
    746.6110098272568,
    812.6922636927085,
    738.3089817230427,
    811.221413578954,
    913.6301045190514,
    842.3650988815378,
    886.8772939963941,
    813.50343392301,
    783.0941348504147,
    816.0363125687421,
    817.2635506244485,
    787.4405197976106,
    722.6827400141834,
    865.2970915744982,
    895.8549710589656,
    650.2673904638838,
    777.2633200159116,
    803.0273972927548,
    766.7121376376867,
    916.0051341125472,
    732.1808786494785,
    723.4480919838583,
    708.2465907985194,
    726.6092189845481,
    633.647527074813,
    625.8534415635122,
    789.3873734126664,
    755.1834853633588,
    755.62535161401,
    741.6538184716051,
    731.5421902970255,
    869.0540439155809,
    676.9670418713301,
    769.7313308397479,
    782.8166124612943,
    741.3336739574286,
    819.7019419792697,
    821.6103967066106,
    657.7270122477105,
    701.8839184730052,
    716.594450995009,
    674.1197910657996,
    824.2912773199268,
    815.1291113131772,
    780.8227004593617,
    837.1728950669209,
    667.6640364237513,
    786.2847998705798,
    783.3365617354749,
    844.1484778988058,
    639.8351569195894,
    786.3597585768906,
    765.1012458432566,
    897.2144792578393,
    756.0321700759907,
    558.5062397561607,
    856.1656251626074,
    761.0488235427969,
    586.0503154177994,
    390.6121705376578,
    714.3774667405663,
    835.7913611667108,
    711.3865798182002,
    731.5636291814643,
    796.891760870421,
    836.4081719479157,
    582.7934522024584,
    596.1186547751024,
    648.3432867649603,
    773.7722857282994,
    844.3190827942506,
    512.2010297062823
  ],
  "per_episode_smoothness": [
    1.7303446531295776,
    1.6780320405960083,
    1.745851755142212,
    1.6923974752426147,
    1.7482188940048218,
    1.6771434545516968,
    1.7093684673309326,
    1.7614741325378418,
    1.7147237062454224,
    1.7056164741516113,
    1.7583000659942627,
    1.7340563535690308,
    1.7586545944213867,
    1.6474196910858154,
    1.6714465618133545,
    1.6886506080627441,
    1.7561308145523071,
    1.56252121925354,
    1.7126761674880981,
    1.7571995258331299,
    1.6967179775238037,
    1.7361056804656982,
    1.5576848983764648,
    1.6809734106063843,
    1.6797475814819336,
    1.7561372518539429,
    1.7632331848144531,
    1.705115556716919,
    1.7413469552993774,
    1.751977801322937,
    1.7206058502197266,
    1.7323834896087646,
    1.753271460533142,
    1.7599133253097534,
    1.7291696071624756,
    1.6923775672912598,
    1.736196517944336,
    1.7136565446853638,
    1.7484748363494873,
    1.7243460416793823,
    1.6777845621109009,
    1.7504154443740845,
    1.7275760173797607,
    1.6936947107315063,
    1.733023762702942,
    1.7208224534988403,
    1.6867871284484863,
    1.7452791929244995,
    1.6684373617172241,
    1.7025479078292847,
    1.6885392665863037,
    1.6969647407531738,
    1.6773377656936646,
    1.6195653676986694,
    1.7550947666168213,
    1.7411525249481201,
    1.6720658540725708,
    1.6971855163574219,
    1.6685147285461426,
    1.7144123315811157,
    1.7159512042999268,
    1.7147469520568848,
    1.7285786867141724,
    1.7530814409255981,
    1.7310596704483032,
    1.73827064037323,
    1.6925045251846313,
    1.691896677017212,
    1.6615025997161865,
    1.6835530996322632,
    1.7665824890136719,
    1.7539888620376587,
    1.7490816116333008,
    1.7416926622390747,
    1.645751714706421,
    1.7465962171554565,
    1.6682922840118408,
    1.7287150621414185,
    1.6613705158233643,
    1.7046923637390137,
    1.7110639810562134,
    1.7510615587234497,
    1.7478748559951782,
    1.6145473718643188,
    1.7541145086288452,
    1.6638374328613281,
    1.6166701316833496,
    1.478545904159546,
    1.7359850406646729,
    1.738923192024231,
    1.6825003623962402,
    1.7155731916427612,
    1.6751686334609985,
    1.7493284940719604,
    1.6030505895614624,
    1.5768425464630127,
    1.6536749601364136,
    1.7139610052108765,
    1.7611594200134277,
    1.5026909112930298
  ],
  "per_episode_costs": [
    0.0,
    0.0,
    0.0,
    0.0,
    0.0,
    0.0,
    0.0,
    0.0,
    0.0,
    0.0,
    0.0,
    0.0,
    0.0,
    0.0,
    0.0,
    0.0,
    0.0,
    0.0,
    0.0,
    0.0,
    0.0,
    0.0,
    0.0,
    0.0,
    0.0,
    0.0,
    0.0,
    0.0,
    0.0,
    0.0,
    0.0,
    0.0,
    0.0,
    0.0,
    0.0,
    0.0,
    0.0,
    0.0,
    0.0,
    0.0,
    0.0,
    0.0,
    0.0,
    0.0,
    0.0,
    0.0,
    0.0,
    0.0,
    0.0,
    0.0,
    0.0,
    0.0,
    0.0,
    0.0,
    0.0,
    0.0,
    0.0,
    0.0,
    0.0,
    0.0,
    0.0,
    0.0,
    0.0,
    0.0,
    0.0,
    0.0,
    0.0,
    0.0,
    0.0,
    0.0,
    0.0,
    0.0,
    0.0,
    0.0,
    0.0,
    0.0,
    0.0,
    0.0,
    0.0,
    0.0,
    0.0,
    0.0,
    0.0,
    0.0,
    0.0,
    0.0,
    0.0,
    0.0,
    0.0,
    0.0,
    0.0,
    0.0,
    0.0,
    0.0,
    0.0,
    0.0,
    0.0,
    0.0,
    0.0,
    0.0
  ]
}