{
  "mean_return": 751.3928434258436,
  "std_return": 95.75374658424874,
  "se_return": 9.575374658424874,
  "mean_length": 1000.0,
  "mean_action_smoothness": 1.7050374042987824,
  "std_action_smoothness": 0.059618620622098065,
  "mean_action_magnitude": 1.4995482385158538,
  "mean_cost": 0.0,
  "total_cost": 0.0,
  "feasibility_rate": 1.0,
  "policy_entropy": 5.494498252868652,
  "q_value_variance": null,
  "mean_recovery_ratio": 1.9429166525784953,
  "std_recovery_ratio": 1.8911338341230668,
  "n_episodes": 100,
  "per_episode_returns": [
    734.6361705283193,
    634.8616275593171,
    813.1303867886389,
    756.0699374353562,
    740.9019962679466,
    761.7332971625556,
    846.4775286600648,
    853.6176503256532,
    745.1200073770226,
    587.2037786188953,
    800.6954297812065,
    705.7436124103764,
    853.3682676972337,
    866.5941983797102,
    474.0184592477527,
    745.9219595275156,
    847.9176214318163,
    851.2233907872409,
    707.3438573399615,
    805.5148203908117,
    797.2566601072458,
    753.4088686291053,
    673.6182144530685,
    750.6844616458254,
    632.8066140988136,
    741.9581302601242,
    837.419186328081,
    662.858908361018,
    779.1311247425665,
    428.89704075166543,
    744.3403543128815,
    725.2602364950277,
    787.3719358079073,
    754.8664758327933,
    744.3655509284657,
    738.7681689221885,
    822.3221810420044,
    848.9633475259743,
    786.252219149753,
    841.006223124733,
    899.0047459507754,
    687.8949185351439,
    707.0729025613296,
    883.4140288384857,
    734.8019551792332,
    747.5603690174775,
    858.3595978277939,
    756.6719857273494,
    550.7702192631878,
    844.3985478908147,
    665.2046516145376,
    581.3538364206472,
    813.4578064928936,
    830.7920815181853,
    826.9713416722933,
    701.1662487075098,
    629.4778454921353,
    737.1508603445727,
    859.5913549308536,
    714.5114234035957,
    798.0632743710761,
    749.6246723734416,
    780.0665350609053,
    713.3428310862478,
    755.1728911241905,
    346.62697762685667,
    681.5236878300904,
    896.6201032164847,
    733.8402732914882,
    790.2181771308401,
    691.504697013124,
    783.7576620625953,
    722.3674243010023,
    817.090124043251,
    728.6951071623254,
    793.8047375153124,
    756.2366489288069,
    836.373405762515,
    679.2121489350528,
    789.1949997341602,
    698.3911328495611,
    815.8947419456858,
    758.1844306965894,
    773.3947183251363,
    488.5154306100219,
    809.1651616228164,
    674.8842629534739,
    767.8734433288847,
    770.492477570417,
    808.2079210438183,
    776.5791186025193,
    761.1649736543385,
    848.6658179952116,
    756.8593499845829,
    842.5157411309849,
    916.9512913660054,
    741.9992490788446,
    787.584643738368,
    684.173386838917,
    801.1740490529677
  ],
  "per_episode_smoothness": [
    1.7463067770004272,
    1.6005449295043945,
    1.734992265701294,
    1.719958782196045,
    1.7104673385620117,
    1.7085762023925781,
    1.7416200637817383,
    1.7494171857833862,
    1.7545576095581055,
    1.591265082359314,
    1.7428357601165771,
    1.6535987854003906,
    1.7522737979888916,
    1.7402949333190918,
    1.5071440935134888,
    1.727465033531189,
    1.7334928512573242,
    1.7476255893707275,
    1.6481540203094482,
    1.7586543560028076,
    1.7132880687713623,
    1.7663469314575195,
    1.668182134628296,
    1.729105830192566,
    1.6353843212127686,
    1.7382649183273315,
    1.750298023223877,
    1.65986168384552,
    1.6621942520141602,
    1.5181465148925781,
    1.723153829574585,
    1.7400809526443481,
    1.7497321367263794,
    1.7305532693862915,
    1.6867018938064575,
    1.734625220298767,
    1.7385330200195312,
    1.7513936758041382,
    1.739397406578064,
    1.7212737798690796,
    1.7423673868179321,
    1.7127705812454224,
    1.7130239009857178,
    1.755364179611206,
    1.6754908561706543,
    1.7449030876159668,
    1.7375166416168213,
    1.6500399112701416,
    1.5947271585464478,
    1.7397246360778809,
    1.6578353643417358,
    1.5987764596939087,
    1.755966305732727,
    1.7323265075683594,
    1.7436988353729248,
    1.7165471315383911,
    1.6425011157989502,
    1.7301461696624756,
    1.7316099405288696,
    1.6487737894058228,
    1.7471917867660522,
    1.725202202796936,
    1.7112717628479004,
    1.693347454071045,
    1.6544657945632935,
    1.4029114246368408,
    1.7389217615127563,
    1.7379130125045776,
    1.695290446281433,
    1.746708631515503,
    1.7407764196395874,
    1.7526545524597168,
    1.6536182165145874,
    1.749255657196045,
    1.6870986223220825,
    1.736013650894165,
    1.6869462728500366,
    1.7473171949386597,
    1.7000796794891357,
    1.7085680961608887,
    1.6964342594146729,
    1.7450727224349976,
    1.7082778215408325,
    1.7124221324920654,
    1.5619134902954102,
    1.7345534563064575,
    1.6410551071166992,
    1.7214269638061523,
    1.7589099407196045,
    1.7539547681808472,
    1.7380129098892212,
    1.7339611053466797,
    1.749061942100525,
    1.681923270225525,
    1.7378476858139038,
    1.7228840589523315,
    1.735222578048706,
    1.7081156969070435,
    1.666596531867981,
    1.730668067932129
  ],
  "per_episode_costs": [
    0.0,
    0.0,
    0.0,
    0.0,
    0.0,
    0.0,
    0.0,
    0.0,
    0.0,
    0.0,
    0.0,
    0.0,
    0.0,
    0.0,
    0.0,
    0.0,
    0.0,
    0.0,
    0.0,
    0.0,
    0.0,
    0.0,
    0.0,
    0.0,
    0.0,
    0.0,
    0.0,
    0.0,
    0.0,
    0.0,
    0.0,
    0.0,
    0.0,
    0.0,
    0.0,
    0.0,
    0.0,
    0.0,
    0.0,
    0.0,
    0.0,
    0.0,
    0.0,
    0.0,
    0.0,
    0.0,
    0.0,
    0.0,
    0.0,
    0.0,
    0.0,
    0.0,
    0.0,
    0.0,
    0.0,
    0.0,
    0.0,
    0.0,
    0.0,
    0.0,
    0.0,
    0.0,
    0.0,
    0.0,
    0.0,
    0.0,
    0.0,
    0.0,
    0.0,
    0.0,
    0.0,
    0.0,
    0.0,
    0.0,
    0.0,
    0.0,
    0.0,
    0.0,
    0.0,
    0.0,
    0.0,
    0.0,
    0.0,
    0.0,
    0.0,
    0.0,
    0.0,
    0.0,
    0.0,
    0.0,
    0.0,
    0.0,
    0.0,
    0.0,
    0.0,
    0.0,
    0.0,
    0.0,
    0.0,
    0.0
  ]
}