#{"t_start": 1774967431.0657592, "env_id": "SafetyPointGoal1-v0"}
r,l,t
0.260834,1000,5.360498
0.502923,1000,7.888688
0.435081,1000,11.181601
0.567133,1000,13.715636
-0.67624,1000,16.915567
-0.453645,1000,19.447209
-0.674311,1000,22.621976
-0.476653,1000,25.15667
0.30181,1000,28.31336
2.206179,1000,30.85652
