#{"t_start": 1774979803.2330048, "env_id": "SafetyPointGoal1-v0"}
r,l,t
-0.545467,1000,10.192802
