#{"t_start": 1774979803.2232106, "env_id": "SafetyPointGoal1-v0"}
r,l,t
-0.241112,1000,10.20244
