#{"t_start": 1774979803.2167044, "env_id": "SafetyPointGoal1-v0"}
r,l,t
0.648045,1000,10.208978
