#{"t_start": 1774979803.2232769, "env_id": "SafetyPointGoal1-v0"}
r,l,t
-0.845452,1000,10.202253
