#{"t_start": 1774979803.2321436, "env_id": "SafetyPointGoal1-v0"}
r,l,t
-0.446947,1000,10.193301
