#{"t_start": 1774979803.2048943, "env_id": "SafetyPointGoal1-v0"}
r,l,t
-1.352722,1000,10.220822
