#{"t_start": 1774979803.2332172, "env_id": "SafetyPointGoal1-v0"}
r,l,t
0.062451,1000,10.192535
