#{"t_start": 1774979803.2004244, "env_id": "SafetyPointGoal1-v0"}
r,l,t
-0.725387,1000,10.225171
