{
  "mean_return": 1342.4092035002186,
  "std_return": 43.99105862315169,
  "se_return": 4.399105862315169,
  "mean_length": 1000.0,
  "mean_action_smoothness": 2.4701781940460203,
  "std_action_smoothness": 0.023955028564539144,
  "mean_action_magnitude": 1.8003363072872163,
  "mean_cost": 0.0,
  "total_cost": 0.0,
  "feasibility_rate": 1.0,
  "policy_entropy": 4.758912563323975,
  "q_value_variance": null,
  "mean_recovery_ratio": 2.040744561658176,
  "std_recovery_ratio": 1.0449050724809201,
  "n_episodes": 100,
  "per_episode_returns": [
    1348.4190652976001,
    1362.244870050344,
    1399.8281650713882,
    1331.6073804317116,
    1346.5345772698013,
    1330.641587681663,
    1401.0635049427376,
    1322.6002556046788,
    1248.074440046197,
    1387.0080098881676,
    1366.8541183512923,
    1375.4464947153058,
    1357.683158343274,
    1389.639318362867,
    1361.8513675488357,
    1343.4885001658936,
    1398.9130026420994,
    1336.169150901425,
    1387.1570841807202,
    1268.071354114465,
    1342.4983807042522,
    1339.7674748018358,
    1380.0451027041474,
    1355.4359507293498,
    1349.4736654192563,
    1307.1442859174692,
    1257.4295747340352,
    1353.9185737925443,
    1246.7330387045274,
    1411.6553032847273,
    1344.3664649909308,
    1308.4605196067614,
    1344.0813363262137,
    1338.8041625442083,
    1342.6546781925438,
    1338.312748000131,
    1377.5474102635494,
    1292.2789326428615,
    1319.3964029782974,
    1307.9647536232665,
    1345.1761424907709,
    1345.842924759072,
    1311.702513451478,
    1353.875943179371,
    1395.829608733209,
    1367.4745940857294,
    1387.4140041146823,
    1326.8004548298347,
    1392.1104593587693,
    1349.3786045780312,
    1299.6261613462889,
    1343.5833631851792,
    1354.1963971719981,
    1146.2107647209316,
    1336.3841732720985,
    1317.0983144554018,
    1379.0165220140088,
    1375.7664098334637,
    1220.319546198213,
    1366.6488279544647,
    1298.0019879858926,
    1374.0721407937356,
    1376.1944406574924,
    1371.0875564293171,
    1419.9300520957663,
    1406.4299907680982,
    1350.4701566119543,
    1354.132769629326,
    1315.09383610662,
    1393.1125286495096,
    1363.664315634448,
    1302.702759722491,
    1355.3496925605843,
    1341.6451720197567,
    1217.5187783083138,
    1352.768657889126,
    1333.279922269467,
    1315.68895204656,
    1333.5946148688245,
    1337.5203923040544,
    1354.8531692450883,
    1388.6203645800103,
    1403.0478488262263,
    1351.9448270536668,
    1308.3782588297322,
    1274.0491169289946,
    1378.5945777226991,
    1381.66609194916,
    1285.1974670454474,
    1340.2081374810614,
    1368.357793335877,
    1337.9409905335824,
    1336.684727935057,
    1351.031549895631,
    1374.0884825536634,
    1313.942368090177,
    1316.8139167516742,
    1316.6033891349296,
    1338.7929266703338,
    1372.1257328031368
  ],
  "per_episode_smoothness": [
    2.4900238513946533,
    2.4842796325683594,
    2.4926209449768066,
    2.480849504470825,
    2.47796630859375,
    2.484071969985962,
    2.4828789234161377,
    2.4862377643585205,
    2.4074513912200928,
    2.48309588432312,
    2.4937994480133057,
    2.486506938934326,
    2.4885573387145996,
    2.479112148284912,
    2.4680047035217285,
    2.470351219177246,
    2.486095905303955,
    2.475130558013916,
    2.4806456565856934,
    2.4089407920837402,
    2.4779903888702393,
    2.478830575942993,
    2.4962544441223145,
    2.4893980026245117,
    2.47257661819458,
    2.458940029144287,
    2.42390775680542,
    2.474694013595581,
    2.4082717895507812,
    2.481874704360962,
    2.478039026260376,
    2.490464687347412,
    2.4776461124420166,
    2.4778735637664795,
    2.477503776550293,
    2.4746875762939453,
    2.475072145462036,
    2.4297266006469727,
    2.4734885692596436,
    2.467735767364502,
    2.4772024154663086,
    2.464573860168457,
    2.425084352493286,
    2.4757020473480225,
    2.4828827381134033,
    2.4674816131591797,
    2.488054037094116,
    2.4730618000030518,
    2.4776413440704346,
    2.4801342487335205,
    2.480994939804077,
    2.4773993492126465,
    2.465385913848877,
    2.3464231491088867,
    2.4607996940612793,
    2.4703469276428223,
    2.474781036376953,
    2.47749400138855,
    2.418243408203125,
    2.4887540340423584,
    2.4784963130950928,
    2.4767892360687256,
    2.485783576965332,
    2.4723894596099854,
    2.484537363052368,
    2.4862172603607178,
    2.474181890487671,
    2.473513603210449,
    2.456573724746704,
    2.4886536598205566,
    2.47751522064209,
    2.423449993133545,
    2.482553482055664,
    2.4833061695098877,
    2.416351556777954,
    2.4736287593841553,
    2.4679973125457764,
    2.4378151893615723,
    2.483985424041748,
    2.4455783367156982,
    2.4816322326660156,
    2.4853150844573975,
    2.493952512741089,
    2.4843554496765137,
    2.4837229251861572,
    2.4217073917388916,
    2.4814865589141846,
    2.4846584796905518,
    2.437816619873047,
    2.4704830646514893,
    2.4837889671325684,
    2.4661409854888916,
    2.4803807735443115,
    2.4840142726898193,
    2.4753787517547607,
    2.4762470722198486,
    2.4735238552093506,
    2.457486391067505,
    2.480440855026245,
    2.481931686401367
  ],
  "per_episode_costs": [
    0.0,
    0.0,
    0.0,
    0.0,
    0.0,
    0.0,
    0.0,
    0.0,
    0.0,
    0.0,
    0.0,
    0.0,
    0.0,
    0.0,
    0.0,
    0.0,
    0.0,
    0.0,
    0.0,
    0.0,
    0.0,
    0.0,
    0.0,
    0.0,
    0.0,
    0.0,
    0.0,
    0.0,
    0.0,
    0.0,
    0.0,
    0.0,
    0.0,
    0.0,
    0.0,
    0.0,
    0.0,
    0.0,
    0.0,
    0.0,
    0.0,
    0.0,
    0.0,
    0.0,
    0.0,
    0.0,
    0.0,
    0.0,
    0.0,
    0.0,
    0.0,
    0.0,
    0.0,
    0.0,
    0.0,
    0.0,
    0.0,
    0.0,
    0.0,
    0.0,
    0.0,
    0.0,
    0.0,
    0.0,
    0.0,
    0.0,
    0.0,
    0.0,
    0.0,
    0.0,
    0.0,
    0.0,
    0.0,
    0.0,
    0.0,
    0.0,
    0.0,
    0.0,
    0.0,
    0.0,
    0.0,
    0.0,
    0.0,
    0.0,
    0.0,
    0.0,
    0.0,
    0.0,
    0.0,
    0.0,
    0.0,
    0.0,
    0.0,
    0.0,
    0.0,
    0.0,
    0.0,
    0.0,
    0.0,
    0.0
  ]
}