{
  "mean_return": 1343.816329153532,
  "std_return": 61.81510321757996,
  "se_return": 6.181510321757996,
  "mean_length": 1000.0,
  "mean_action_smoothness": 2.467239888906479,
  "std_action_smoothness": 0.05547001619341509,
  "mean_action_magnitude": 1.8008376610279084,
  "mean_cost": 0.0,
  "total_cost": 0.0,
  "feasibility_rate": 1.0,
  "policy_entropy": 4.758912563323975,
  "q_value_variance": null,
  "mean_recovery_ratio": 1.92481635846511,
  "std_recovery_ratio": 0.8300441059935081,
  "n_episodes": 100,
  "per_episode_returns": [
    1332.4911519270336,
    1356.1953570978278,
    1349.8467169697508,
    1325.7997536666214,
    1359.3786569345448,
    1329.2551785142311,
    1342.0316041296383,
    1320.5226576820528,
    1340.9654124910428,
    1428.6295557613457,
    1319.2026832728984,
    1334.3054284517827,
    1353.7773259025546,
    1326.860619337158,
    1349.4106953183543,
    1366.9123353912175,
    1325.5288829379986,
    1340.2843804643635,
    1311.8367120105345,
    1346.3589686140704,
    1359.1384896310171,
    1331.1932014345734,
    1373.5943201748314,
    1355.1618165262178,
    1331.8716229476827,
    1362.4063307503322,
    1410.4003576965845,
    1392.7333610340834,
    1345.4883332974166,
    1333.2847497453372,
    1384.7071185611803,
    1381.2109421476594,
    1380.206991521077,
    1343.110977850432,
    1354.7407170908793,
    1332.4576715768499,
    1361.3243607115617,
    1408.9968274635871,
    1378.3849802857078,
    1377.8103731557349,
    1309.300323702024,
    1377.1115000314412,
    1313.2109471574413,
    1362.059983970836,
    1370.9213015105827,
    1274.3518251847865,
    1288.2902195897072,
    1323.6785345224798,
    1337.7044726611305,
    1402.4484981291585,
    1313.1991719418997,
    1421.48105972984,
    1371.8361168530514,
    1251.561628443408,
    1353.0098980436023,
    1373.2124371037646,
    1346.8723707888983,
    1348.8908258389977,
    1380.063084195624,
    1344.7222083451763,
    1363.8271631886173,
    1350.417740951796,
    1366.2886419815857,
    1360.260967956527,
    1325.28325406681,
    1346.4042870690198,
    1353.5612127599034,
    1288.971511786779,
    1359.9200655336929,
    1419.0536116795072,
    1330.555259263783,
    1418.4048790788695,
    1379.4507649936388,
    1376.517085022377,
    1382.5740878226716,
    1382.1695031938139,
    1250.5451906489516,
    1090.0766708587362,
    1386.033251754054,
    1299.698455512835,
    1403.1691423941095,
    894.337569949611,
    1380.6193670945343,
    1329.502956483696,
    1395.435803917922,
    1364.0654983783172,
    1324.235612314628,
    1339.833484718786,
    1378.6727106497776,
    1341.3001823955965,
    1340.7709308618312,
    1303.565923286203,
    1339.8541687479867,
    1346.7059557173643,
    1340.9804435379056,
    1347.3614736794814,
    1314.3932354794163,
    1315.624239126093,
    1345.6715545351074,
    1383.7750287392514
  ],
  "per_episode_smoothness": [
    2.488903522491455,
    2.4770758152008057,
    2.484961986541748,
    2.4694085121154785,
    2.4864001274108887,
    2.409364938735962,
    2.4749441146850586,
    2.4516761302948,
    2.481081008911133,
    2.4808480739593506,
    2.4726195335388184,
    2.4740121364593506,
    2.4725818634033203,
    2.4743711948394775,
    2.4778318405151367,
    2.477457046508789,
    2.473062038421631,
    2.470308780670166,
    2.4680676460266113,
    2.482482433319092,
    2.478707790374756,
    2.4699766635894775,
    2.485879898071289,
    2.481306314468384,
    2.4761574268341064,
    2.4845054149627686,
    2.498039960861206,
    2.4773733615875244,
    2.477363109588623,
    2.4734244346618652,
    2.4893457889556885,
    2.4611470699310303,
    2.491811752319336,
    2.476696014404297,
    2.4646453857421875,
    2.4655187129974365,
    2.487405776977539,
    2.4913346767425537,
    2.4816935062408447,
    2.4679038524627686,
    2.4677562713623047,
    2.485069990158081,
    2.4733762741088867,
    2.483930826187134,
    2.4874372482299805,
    2.4563591480255127,
    2.402438163757324,
    2.4704737663269043,
    2.4767403602600098,
    2.485489845275879,
    2.4708750247955322,
    2.486737012863159,
    2.4876794815063477,
    2.428312063217163,
    2.4690778255462646,
    2.476496458053589,
    2.4749064445495605,
    2.482597827911377,
    2.4876441955566406,
    2.4776813983917236,
    2.4742729663848877,
    2.4757843017578125,
    2.491117238998413,
    2.471069097518921,
    2.465202808380127,
    2.477665662765503,
    2.4769842624664307,
    2.4684317111968994,
    2.48089337348938,
    2.477839708328247,
    2.478942394256592,
    2.4729647636413574,
    2.4818828105926514,
    2.48492431640625,
    2.495323896408081,
    2.4716639518737793,
    2.4171202182769775,
    2.333005905151367,
    2.4857890605926514,
    2.44038724899292,
    2.4804484844207764,
    1.9570671319961548,
    2.46368670463562,
    2.482058048248291,
    2.4879465103149414,
    2.4708092212677,
    2.4419379234313965,
    2.485502004623413,
    2.480051279067993,
    2.465461254119873,
    2.4838056564331055,
    2.448718547821045,
    2.469665288925171,
    2.479365587234497,
    2.470726490020752,
    2.4630606174468994,
    2.4712412357330322,
    2.4737794399261475,
    2.4802088737487793,
    2.488407611846924
  ],
  "per_episode_costs": [
    0.0,
    0.0,
    0.0,
    0.0,
    0.0,
    0.0,
    0.0,
    0.0,
    0.0,
    0.0,
    0.0,
    0.0,
    0.0,
    0.0,
    0.0,
    0.0,
    0.0,
    0.0,
    0.0,
    0.0,
    0.0,
    0.0,
    0.0,
    0.0,
    0.0,
    0.0,
    0.0,
    0.0,
    0.0,
    0.0,
    0.0,
    0.0,
    0.0,
    0.0,
    0.0,
    0.0,
    0.0,
    0.0,
    0.0,
    0.0,
    0.0,
    0.0,
    0.0,
    0.0,
    0.0,
    0.0,
    0.0,
    0.0,
    0.0,
    0.0,
    0.0,
    0.0,
    0.0,
    0.0,
    0.0,
    0.0,
    0.0,
    0.0,
    0.0,
    0.0,
    0.0,
    0.0,
    0.0,
    0.0,
    0.0,
    0.0,
    0.0,
    0.0,
    0.0,
    0.0,
    0.0,
    0.0,
    0.0,
    0.0,
    0.0,
    0.0,
    0.0,
    0.0,
    0.0,
    0.0,
    0.0,
    0.0,
    0.0,
    0.0,
    0.0,
    0.0,
    0.0,
    0.0,
    0.0,
    0.0,
    0.0,
    0.0,
    0.0,
    0.0,
    0.0,
    0.0,
    0.0,
    0.0,
    0.0,
    0.0
  ]
}