{
  "mean_return": 1021.66769280555,
  "std_return": 76.7246347062902,
  "se_return": 7.672463470629021,
  "mean_length": 1000.0,
  "mean_action_smoothness": 1.6314391088485718,
  "std_action_smoothness": 0.01975409287875784,
  "mean_action_magnitude": 1.3409309005737304,
  "mean_cost": 0.0,
  "total_cost": 0.0,
  "feasibility_rate": 1.0,
  "policy_entropy": 5.971477031707764,
  "q_value_variance": null,
  "mean_recovery_ratio": 1.826585184763721,
  "std_recovery_ratio": 1.9196970705807954,
  "n_episodes": 100,
  "per_episode_returns": [
    982.9995140260573,
    1037.6728957664468,
    809.2491688833576,
    1066.1243061537782,
    1051.896812163067,
    960.5754915938819,
    961.8022191771313,
    1060.8626791386248,
    963.6044416141598,
    1024.2135887351792,
    987.6574704020735,
    932.8751948614527,
    1068.9976494720245,
    1084.9521313303558,
    1018.7236818864826,
    1094.6510247153244,
    1014.6839526179175,
    1036.1458453488563,
    970.3064782886635,
    1041.4191171749248,
    1106.5569849385906,
    1053.4042491597381,
    1035.7969982679572,
    1094.6125886042555,
    897.8420763531341,
    1133.8476574458216,
    1051.6139564971318,
    1127.037865622699,
    965.5074003888367,
    984.0123122623503,
    1058.4510952301894,
    1033.5786662655082,
    736.4246953151038,
    954.4491911900561,
    1071.566222707656,
    1052.6094609292177,
    971.779240890899,
    923.6884108670749,
    1045.618930383493,
    997.6398515965508,
    1070.888692265299,
    1001.082798083201,
    982.5825420678149,
    917.1002505862505,
    923.545313624047,
    1033.605155736456,
    1163.7741658245177,
    946.5519616076806,
    1080.65483446908,
    1049.3168382072506,
    1098.9457518724096,
    1056.0618401978024,
    954.8917443574578,
    1092.4660253837212,
    911.5119011446801,
    1119.8198498097536,
    923.5419228430517,
    987.1368183619205,
    1026.3772488302204,
    971.5605503964864,
    1044.4492871169818,
    921.8144713648975,
    1071.5322754897388,
    966.2647772003489,
    908.1597389907192,
    1060.2760427392511,
    947.8698942734154,
    1018.571944955996,
    1046.080495867884,
    1086.525651994253,
    1186.9908490444898,
    963.2703811924209,
    904.8468229549353,
    1070.8719630297664,
    1062.2553663040912,
    1127.8091729774167,
    1150.7212425091457,
    1092.5905928479162,
    999.5422023295592,
    1114.1808813939322,
    1091.356714636862,
    1151.6035329648762,
    953.7860246201799,
    977.8946991465893,
    1108.3310784891564,
    898.6117490931761,
    1046.176883100558,
    953.2744555432677,
    1075.77993242632,
    1103.8784223772468,
    1006.3462633416226,
    1068.6789966539022,
    1131.4307053536552,
    942.7232288598993,
    1000.2794482077236,
    1056.2805400101875,
    1049.3956461818118,
    1053.8903242655474,
    1058.7360544494297,
    916.822802320706
  ],
  "per_episode_smoothness": [
    1.6180193424224854,
    1.644476294517517,
    1.6258655786514282,
    1.6352304220199585,
    1.6536952257156372,
    1.635621190071106,
    1.6479904651641846,
    1.6426234245300293,
    1.6375677585601807,
    1.6138969659805298,
    1.6539058685302734,
    1.5975329875946045,
    1.624842643737793,
    1.6363719701766968,
    1.6359634399414062,
    1.6677597761154175,
    1.5911535024642944,
    1.6042711734771729,
    1.6601203680038452,
    1.6157668828964233,
    1.646531343460083,
    1.6047717332839966,
    1.6256365776062012,
    1.6314160823822021,
    1.633538842201233,
    1.6271907091140747,
    1.6379382610321045,
    1.6206353902816772,
    1.6332080364227295,
    1.6411782503128052,
    1.6240237951278687,
    1.6234536170959473,
    1.5907907485961914,
    1.6357966661453247,
    1.6269670724868774,
    1.626234769821167,
    1.6437379121780396,
    1.6166226863861084,
    1.644443392753601,
    1.6251764297485352,
    1.6237294673919678,
    1.6362076997756958,
    1.623848557472229,
    1.5885676145553589,
    1.6307651996612549,
    1.6546205282211304,
    1.6107865571975708,
    1.6430310010910034,
    1.6863367557525635,
    1.6022980213165283,
    1.623374342918396,
    1.6466648578643799,
    1.6597980260849,
    1.61996591091156,
    1.613668441772461,
    1.6146255731582642,
    1.634652853012085,
    1.627626895904541,
    1.629101037979126,
    1.6144472360610962,
    1.6295439004898071,
    1.5878233909606934,
    1.6341708898544312,
    1.6316900253295898,
    1.646607518196106,
    1.6280015707015991,
    1.618367075920105,
    1.6229900121688843,
    1.6675995588302612,
    1.6055694818496704,
    1.6150633096694946,
    1.6376150846481323,
    1.6393316984176636,
    1.6215121746063232,
    1.6591569185256958,
    1.6352893114089966,
    1.6457856893539429,
    1.6376904249191284,
    1.6196240186691284,
    1.6673849821090698,
    1.6444963216781616,
    1.6647566556930542,
    1.6396372318267822,
    1.6415958404541016,
    1.6661714315414429,
    1.588043212890625,
    1.571766972541809,
    1.6201993227005005,
    1.629811406135559,
    1.64359450340271,
    1.6507117748260498,
    1.6596972942352295,
    1.619762897491455,
    1.6302202939987183,
    1.6496686935424805,
    1.6588832139968872,
    1.629530668258667,
    1.63163161277771,
    1.6376978158950806,
    1.6291325092315674
  ],
  "per_episode_costs": [
    0.0,
    0.0,
    0.0,
    0.0,
    0.0,
    0.0,
    0.0,
    0.0,
    0.0,
    0.0,
    0.0,
    0.0,
    0.0,
    0.0,
    0.0,
    0.0,
    0.0,
    0.0,
    0.0,
    0.0,
    0.0,
    0.0,
    0.0,
    0.0,
    0.0,
    0.0,
    0.0,
    0.0,
    0.0,
    0.0,
    0.0,
    0.0,
    0.0,
    0.0,
    0.0,
    0.0,
    0.0,
    0.0,
    0.0,
    0.0,
    0.0,
    0.0,
    0.0,
    0.0,
    0.0,
    0.0,
    0.0,
    0.0,
    0.0,
    0.0,
    0.0,
    0.0,
    0.0,
    0.0,
    0.0,
    0.0,
    0.0,
    0.0,
    0.0,
    0.0,
    0.0,
    0.0,
    0.0,
    0.0,
    0.0,
    0.0,
    0.0,
    0.0,
    0.0,
    0.0,
    0.0,
    0.0,
    0.0,
    0.0,
    0.0,
    0.0,
    0.0,
    0.0,
    0.0,
    0.0,
    0.0,
    0.0,
    0.0,
    0.0,
    0.0,
    0.0,
    0.0,
    0.0,
    0.0,
    0.0,
    0.0,
    0.0,
    0.0,
    0.0,
    0.0,
    0.0,
    0.0,
    0.0,
    0.0,
    0.0
  ]
}