{
  "mean_return": 1029.9461128623727,
  "std_return": 71.1470673479572,
  "se_return": 7.11470673479572,
  "mean_length": 1000.0,
  "mean_action_smoothness": 1.6311902177333832,
  "std_action_smoothness": 0.019984297298534463,
  "mean_action_magnitude": 1.3412688744068146,
  "mean_cost": 0.0,
  "total_cost": 0.0,
  "feasibility_rate": 1.0,
  "policy_entropy": 5.971477031707764,
  "q_value_variance": null,
  "mean_recovery_ratio": 1.49217966847469,
  "std_recovery_ratio": 0.8711060901798038,
  "n_episodes": 100,
  "per_episode_returns": [
    1092.3016691901307,
    1044.164770247501,
    1063.5124968898733,
    1090.17691038795,
    1047.7243363394016,
    1041.6382129969768,
    979.2542037373967,
    1066.75104008078,
    957.6870625202238,
    1196.265859205433,
    1033.7114079918915,
    990.4595885874678,
    1026.8798865922497,
    986.3106962460369,
    995.4894544519856,
    1070.8515658831927,
    1111.487975089293,
    1059.0251633430096,
    1010.4455309955324,
    899.0415430240023,
    1063.5967122803875,
    1059.4876795675912,
    1138.1243181502152,
    1131.2369116314032,
    1123.1544549532532,
    973.7344011186565,
    1007.8495889087243,
    952.0495928072921,
    1030.287800614257,
    1037.095440319939,
    893.615035796698,
    961.6547274089867,
    1037.5828239645282,
    978.3774613450563,
    1099.8629452040277,
    1096.7426036853847,
    1008.0238677721622,
    1128.8463105417998,
    893.8667467929408,
    999.370756759586,
    1143.7203724770127,
    904.3300903852402,
    1069.2549455074047,
    1061.774516003813,
    1032.9878214234625,
    986.2257129346706,
    1023.7017208820375,
    991.8052590248132,
    910.5840129006202,
    1064.3692312233893,
    1036.966312273597,
    925.973339870766,
    929.002803660735,
    1061.2234117127837,
    987.848132970972,
    1039.8756173976572,
    1046.9057067373187,
    1019.3987885030482,
    1008.3277248385236,
    944.3579365043472,
    1065.7877164086942,
    940.3891027864859,
    1010.7918962122843,
    991.2733690755341,
    999.1447464106498,
    994.8878228417489,
    1065.5841512102875,
    1031.469464167602,
    978.3200982758464,
    1082.641568735116,
    1140.6692603715478,
    956.8243442007208,
    934.879861170027,
    958.8335967235084,
    803.1294647596569,
    1114.1108775290584,
    1181.2486858099971,
    1118.1673445059519,
    971.8813791585147,
    1086.3924020706322,
    1056.3079515600953,
    998.6490803342045,
    1029.6675937401806,
    969.6241857584184,
    991.1466558637779,
    1105.7016740700776,
    1102.1877065080987,
    1061.4162510351023,
    1193.983057027198,
    1145.6636443104412,
    970.2352418886295,
    1007.7739265322606,
    1092.3352923917098,
    1022.8083542632095,
    925.1463420808045,
    1030.8165641531798,
    1092.5121072433174,
    1125.7080932844292,
    1049.8399217615752,
    1030.2874793512945
  ],
  "per_episode_smoothness": [
    1.639549732208252,
    1.622040033340454,
    1.639053463935852,
    1.6532611846923828,
    1.6284587383270264,
    1.6057262420654297,
    1.6494412422180176,
    1.6422343254089355,
    1.601660132408142,
    1.6413339376449585,
    1.6525804996490479,
    1.6347849369049072,
    1.6462112665176392,
    1.633839726448059,
    1.6288022994995117,
    1.6330502033233643,
    1.6524735689163208,
    1.6359341144561768,
    1.654154896736145,
    1.599402666091919,
    1.637138843536377,
    1.63351571559906,
    1.651800513267517,
    1.6220778226852417,
    1.6359584331512451,
    1.5934988260269165,
    1.6302911043167114,
    1.6295443773269653,
    1.6241393089294434,
    1.6468714475631714,
    1.5899418592453003,
    1.6284079551696777,
    1.6022577285766602,
    1.646790623664856,
    1.6440036296844482,
    1.5981738567352295,
    1.6298048496246338,
    1.6410462856292725,
    1.6226681470870972,
    1.638925552368164,
    1.6588444709777832,
    1.6270626783370972,
    1.6437538862228394,
    1.6561410427093506,
    1.6050693988800049,
    1.6521663665771484,
    1.6146372556686401,
    1.6040406227111816,
    1.573880672454834,
    1.6567637920379639,
    1.5915733575820923,
    1.6656136512756348,
    1.609068512916565,
    1.613317608833313,
    1.627191185951233,
    1.6253211498260498,
    1.6545876264572144,
    1.6097279787063599,
    1.635329008102417,
    1.6258729696273804,
    1.6264848709106445,
    1.640181303024292,
    1.6480376720428467,
    1.599151849746704,
    1.6109596490859985,
    1.661188006401062,
    1.632808804512024,
    1.596875548362732,
    1.601364016532898,
    1.6417211294174194,
    1.6261684894561768,
    1.6302706003189087,
    1.6592618227005005,
    1.595436930656433,
    1.587964653968811,
    1.6498944759368896,
    1.6348565816879272,
    1.667639970779419,
    1.6079974174499512,
    1.6428580284118652,
    1.6509157419204712,
    1.6550686359405518,
    1.6615554094314575,
    1.6340068578720093,
    1.6491239070892334,
    1.645344614982605,
    1.6410942077636719,
    1.6170120239257812,
    1.630324363708496,
    1.641238808631897,
    1.633384108543396,
    1.6102304458618164,
    1.6353120803833008,
    1.6540801525115967,
    1.6464580297470093,
    1.6197689771652222,
    1.636884093284607,
    1.6311169862747192,
    1.6427034139633179,
    1.6314637660980225
  ],
  "per_episode_costs": [
    0.0,
    0.0,
    0.0,
    0.0,
    0.0,
    0.0,
    0.0,
    0.0,
    0.0,
    0.0,
    0.0,
    0.0,
    0.0,
    0.0,
    0.0,
    0.0,
    0.0,
    0.0,
    0.0,
    0.0,
    0.0,
    0.0,
    0.0,
    0.0,
    0.0,
    0.0,
    0.0,
    0.0,
    0.0,
    0.0,
    0.0,
    0.0,
    0.0,
    0.0,
    0.0,
    0.0,
    0.0,
    0.0,
    0.0,
    0.0,
    0.0,
    0.0,
    0.0,
    0.0,
    0.0,
    0.0,
    0.0,
    0.0,
    0.0,
    0.0,
    0.0,
    0.0,
    0.0,
    0.0,
    0.0,
    0.0,
    0.0,
    0.0,
    0.0,
    0.0,
    0.0,
    0.0,
    0.0,
    0.0,
    0.0,
    0.0,
    0.0,
    0.0,
    0.0,
    0.0,
    0.0,
    0.0,
    0.0,
    0.0,
    0.0,
    0.0,
    0.0,
    0.0,
    0.0,
    0.0,
    0.0,
    0.0,
    0.0,
    0.0,
    0.0,
    0.0,
    0.0,
    0.0,
    0.0,
    0.0,
    0.0,
    0.0,
    0.0,
    0.0,
    0.0,
    0.0,
    0.0,
    0.0,
    0.0,
    0.0
  ]
}