{
  "mean_return": 6174.136978688025,
  "std_return": 94.58277888549824,
  "se_return": 9.458277888549825,
  "mean_length": 1000.0,
  "mean_action_smoothness": 2.4015044832229613,
  "std_action_smoothness": 0.015353627294993693,
  "mean_action_magnitude": 1.9818940818309785,
  "mean_cost": 0.0,
  "total_cost": 0.0,
  "feasibility_rate": 1.0,
  "policy_entropy": null,
  "q_value_variance": 2.6562418937683105,
  "mean_recovery_ratio": 2.334949620345716,
  "std_recovery_ratio": 0.2586406753247937,
  "n_episodes": 100,
  "per_episode_returns": [
    6284.024621771727,
    6203.035835346605,
    6125.230520070162,
    6219.316299283628,
    6360.2232301863,
    6109.93845688773,
    6092.68962743459,
    6211.657017053426,
    6084.358790449216,
    6239.446220832908,
    6238.405580359503,
    6164.830571069965,
    6137.810647146512,
    6214.605935796106,
    6365.9946930456135,
    6236.962563423207,
    6259.790352708312,
    6143.742822547035,
    6174.7902572185985,
    6197.289773125526,
    6120.580082861181,
    6049.017984510416,
    6187.058091841103,
    6160.444377455084,
    6352.757704519521,
    6234.964765134591,
    6203.3759029557,
    6314.155568437988,
    6257.839207304723,
    6245.617632882929,
    6105.636116889925,
    6114.67909748127,
    6248.629003509013,
    6240.2492186250765,
    6290.605386727635,
    6128.082189853884,
    6056.584835834821,
    6123.396395569234,
    6216.0630060779695,
    6185.398266694758,
    6106.37327401329,
    6217.511943888491,
    6031.571626391945,
    6284.520432876321,
    6109.427419773246,
    6235.64337154661,
    6093.488437889313,
    6146.439418624586,
    6093.3455047660955,
    6221.230530003825,
    6233.697036778443,
    6192.077987422635,
    6082.223048143868,
    6049.869221192737,
    6292.2812529811345,
    6162.1432148506865,
    5987.027198758638,
    6117.6299574152445,
    6049.811915021299,
    6041.868273297395,
    6132.1692578823695,
    6099.869238116222,
    6155.67517813118,
    6075.533083365987,
    6015.721031962834,
    6215.438297703091,
    6053.063112853241,
    6287.226459176605,
    6088.08143706281,
    6320.314150354731,
    6165.502499492532,
    6169.891183333106,
    6367.558846828431,
    6047.017098334414,
    6298.820080892915,
    6195.542002534004,
    6371.484253437208,
    6195.8382128103585,
    6203.062078762599,
    6088.342531325793,
    6174.672678880295,
    5902.229436058632,
    6290.047296596753,
    6172.158679842765,
    6227.399408054933,
    5961.248981593885,
    6120.663957748562,
    6029.51297496233,
    6190.835623405195,
    6340.830145623669,
    6143.335900084537,
    6095.53006156968,
    6260.6843671507495,
    6247.204410931451,
    6111.002272491347,
    6202.619923354093,
    6238.028265838041,
    6123.178351167127,
    6127.481771090535,
    6261.423611437974
  ],
  "per_episode_smoothness": [
    2.400587558746338,
    2.3795487880706787,
    2.4063658714294434,
    2.3876590728759766,
    2.3989109992980957,
    2.4215500354766846,
    2.3720204830169678,
    2.394489049911499,
    2.387340545654297,
    2.3942477703094482,
    2.3894543647766113,
    2.3864548206329346,
    2.3962082862854004,
    2.4244611263275146,
    2.422860860824585,
    2.41396427154541,
    2.3939666748046875,
    2.4127511978149414,
    2.428555965423584,
    2.3991658687591553,
    2.400376796722412,
    2.389028787612915,
    2.376112461090088,
    2.4111485481262207,
    2.3784477710723877,
    2.4383347034454346,
    2.408616065979004,
    2.4272031784057617,
    2.41392183303833,
    2.386565685272217,
    2.3960025310516357,
    2.4165918827056885,
    2.396137237548828,
    2.415630578994751,
    2.402200937271118,
    2.386171817779541,
    2.397186279296875,
    2.3885064125061035,
    2.4007601737976074,
    2.4026036262512207,
    2.4224469661712646,
    2.389498233795166,
    2.395620584487915,
    2.409553050994873,
    2.4123730659484863,
    2.4042088985443115,
    2.393571376800537,
    2.4113781452178955,
    2.37992000579834,
    2.4026267528533936,
    2.422492742538452,
    2.4127037525177,
    2.4005000591278076,
    2.420234441757202,
    2.397115468978882,
    2.384158134460449,
    2.3886969089508057,
    2.3774824142456055,
    2.3732481002807617,
    2.3958089351654053,
    2.425964593887329,
    2.436988353729248,
    2.3957321643829346,
    2.4072353839874268,
    2.411214590072632,
    2.383944272994995,
    2.3970842361450195,
    2.4150166511535645,
    2.407519817352295,
    2.418161630630493,
    2.394710063934326,
    2.429586410522461,
    2.423680067062378,
    2.385812759399414,
    2.386871814727783,
    2.3737239837646484,
    2.4009385108947754,
    2.398097515106201,
    2.4066317081451416,
    2.395270824432373,
    2.3894827365875244,
    2.4138362407684326,
    2.420865058898926,
    2.405871629714966,
    2.3954741954803467,
    2.3707971572875977,
    2.4066102504730225,
    2.3726134300231934,
    2.3989336490631104,
    2.4242966175079346,
    2.397080421447754,
    2.407335042953491,
    2.399600028991699,
    2.3772571086883545,
    2.421973705291748,
    2.413114070892334,
    2.3996760845184326,
    2.395620822906494,
    2.4075570106506348,
    2.4025187492370605
  ],
  "per_episode_costs": [
    0.0,
    0.0,
    0.0,
    0.0,
    0.0,
    0.0,
    0.0,
    0.0,
    0.0,
    0.0,
    0.0,
    0.0,
    0.0,
    0.0,
    0.0,
    0.0,
    0.0,
    0.0,
    0.0,
    0.0,
    0.0,
    0.0,
    0.0,
    0.0,
    0.0,
    0.0,
    0.0,
    0.0,
    0.0,
    0.0,
    0.0,
    0.0,
    0.0,
    0.0,
    0.0,
    0.0,
    0.0,
    0.0,
    0.0,
    0.0,
    0.0,
    0.0,
    0.0,
    0.0,
    0.0,
    0.0,
    0.0,
    0.0,
    0.0,
    0.0,
    0.0,
    0.0,
    0.0,
    0.0,
    0.0,
    0.0,
    0.0,
    0.0,
    0.0,
    0.0,
    0.0,
    0.0,
    0.0,
    0.0,
    0.0,
    0.0,
    0.0,
    0.0,
    0.0,
    0.0,
    0.0,
    0.0,
    0.0,
    0.0,
    0.0,
    0.0,
    0.0,
    0.0,
    0.0,
    0.0,
    0.0,
    0.0,
    0.0,
    0.0,
    0.0,
    0.0,
    0.0,
    0.0,
    0.0,
    0.0,
    0.0,
    0.0,
    0.0,
    0.0,
    0.0,
    0.0,
    0.0,
    0.0,
    0.0,
    0.0
  ]
}