{
  "mean_return": 6168.449963110187,
  "std_return": 95.22293489066526,
  "se_return": 9.522293489066525,
  "mean_length": 1000.0,
  "mean_action_smoothness": 2.401152720451355,
  "std_action_smoothness": 0.014742778718166604,
  "mean_action_magnitude": 1.9816549503803254,
  "mean_cost": 0.0,
  "total_cost": 0.0,
  "feasibility_rate": 1.0,
  "policy_entropy": null,
  "q_value_variance": 2.621900796890259,
  "mean_recovery_ratio": 2.2545942567216253,
  "std_recovery_ratio": 0.16941586317944424,
  "n_episodes": 100,
  "per_episode_returns": [
    5985.782837511993,
    6125.827015314329,
    6261.506469316855,
    6243.070649502764,
    6156.663597211633,
    6199.281359790138,
    6162.780917273976,
    6060.851533239364,
    6280.410792888384,
    6368.269537954408,
    6133.594104457456,
    6276.721969130118,
    6278.783757372042,
    6037.812217572193,
    6171.687574519179,
    6369.508607496428,
    6314.746651423174,
    6198.110926030794,
    6085.4804808928775,
    6143.288107664443,
    6057.0292031345625,
    6038.831661783696,
    6238.642200770682,
    6116.062955852447,
    6107.916834623757,
    6222.912081533063,
    5998.294040558844,
    6052.625302269948,
    6265.587777944861,
    6336.121985347603,
    6207.027693302241,
    6174.140384526898,
    6205.877815139524,
    6023.487293909537,
    6116.801895899928,
    6116.064919972385,
    6159.882611507049,
    6131.557390904399,
    6208.473678881547,
    6112.409178969059,
    6268.631581001868,
    5950.886133325502,
    6162.047993739331,
    6191.067402542433,
    6192.566436708867,
    6209.797488104395,
    6260.201124357254,
    6205.630901104201,
    6098.716807884296,
    6157.617060324682,
    6244.611306755305,
    6302.260735471079,
    6076.977137697933,
    6167.80045328312,
    6279.833564278305,
    6348.921972641666,
    6118.467721698818,
    6146.466878587912,
    6323.780123445039,
    6192.729789538472,
    6192.359098520335,
    6155.2226656270395,
    6136.855435134461,
    6315.240990761119,
    6310.009880625135,
    6081.325156111102,
    6150.168612437703,
    6136.397453579771,
    6190.102019189373,
    6125.606541764792,
    6205.828359906514,
    5988.386084411068,
    6081.728155714403,
    6049.137740336991,
    6149.211554924087,
    6185.097780533482,
    6283.2908139520105,
    6133.501554688299,
    6103.052000919299,
    6344.036685128274,
    6069.045878107789,
    6123.757216154437,
    6051.907006221234,
    6054.843022075535,
    6242.844826586283,
    6172.2476483815535,
    6249.9400099396225,
    6107.974645073059,
    6308.757442164747,
    6100.835641569232,
    6303.636607867508,
    6002.065823356321,
    6182.501772436787,
    6090.216439993514,
    6014.137013837671,
    6145.50389388788,
    6299.339878399704,
    6100.284009157112,
    6158.50114022668,
    6107.159185431774
  ],
  "per_episode_smoothness": [
    2.390148162841797,
    2.413483142852783,
    2.401933193206787,
    2.4100887775421143,
    2.4045631885528564,
    2.4030635356903076,
    2.38723087310791,
    2.3690409660339355,
    2.400190830230713,
    2.4100379943847656,
    2.404264211654663,
    2.41626238822937,
    2.398719549179077,
    2.392634391784668,
    2.4255876541137695,
    2.40688157081604,
    2.4271414279937744,
    2.3975577354431152,
    2.408968448638916,
    2.395846128463745,
    2.4032609462738037,
    2.4024736881256104,
    2.4005844593048096,
    2.395831823348999,
    2.414313316345215,
    2.4003427028656006,
    2.386183977127075,
    2.410372257232666,
    2.381251811981201,
    2.4374868869781494,
    2.3877973556518555,
    2.4081332683563232,
    2.4017651081085205,
    2.357074022293091,
    2.38539981842041,
    2.4218854904174805,
    2.3736155033111572,
    2.4004995822906494,
    2.4008612632751465,
    2.4246888160705566,
    2.4038681983947754,
    2.369556427001953,
    2.3720743656158447,
    2.4051105976104736,
    2.4109315872192383,
    2.4139180183410645,
    2.399847984313965,
    2.402330160140991,
    2.411228656768799,
    2.397671699523926,
    2.4121696949005127,
    2.4142391681671143,
    2.3924026489257812,
    2.422818422317505,
    2.405679225921631,
    2.3988616466522217,
    2.379899501800537,
    2.424565076828003,
    2.417681932449341,
    2.4045090675354004,
    2.38175106048584,
    2.4089436531066895,
    2.3877530097961426,
    2.416133403778076,
    2.412255048751831,
    2.4072062969207764,
    2.3779454231262207,
    2.403563976287842,
    2.3902177810668945,
    2.3988656997680664,
    2.3931033611297607,
    2.3796207904815674,
    2.391709566116333,
    2.395057201385498,
    2.4114062786102295,
    2.403747320175171,
    2.4054739475250244,
    2.4115149974823,
    2.3944010734558105,
    2.410475969314575,
    2.407172679901123,
    2.394883394241333,
    2.39890718460083,
    2.3708982467651367,
    2.4127042293548584,
    2.3969576358795166,
    2.405531406402588,
    2.386033773422241,
    2.4099485874176025,
    2.4368460178375244,
    2.41058087348938,
    2.3887367248535156,
    2.3799397945404053,
    2.4006893634796143,
    2.4100325107574463,
    2.382858991622925,
    2.3925721645355225,
    2.39547061920166,
    2.4307444095611572,
    2.405787229537964
  ],
  "per_episode_costs": [
    0.0,
    0.0,
    0.0,
    0.0,
    0.0,
    0.0,
    0.0,
    0.0,
    0.0,
    0.0,
    0.0,
    0.0,
    0.0,
    0.0,
    0.0,
    0.0,
    0.0,
    0.0,
    0.0,
    0.0,
    0.0,
    0.0,
    0.0,
    0.0,
    0.0,
    0.0,
    0.0,
    0.0,
    0.0,
    0.0,
    0.0,
    0.0,
    0.0,
    0.0,
    0.0,
    0.0,
    0.0,
    0.0,
    0.0,
    0.0,
    0.0,
    0.0,
    0.0,
    0.0,
    0.0,
    0.0,
    0.0,
    0.0,
    0.0,
    0.0,
    0.0,
    0.0,
    0.0,
    0.0,
    0.0,
    0.0,
    0.0,
    0.0,
    0.0,
    0.0,
    0.0,
    0.0,
    0.0,
    0.0,
    0.0,
    0.0,
    0.0,
    0.0,
    0.0,
    0.0,
    0.0,
    0.0,
    0.0,
    0.0,
    0.0,
    0.0,
    0.0,
    0.0,
    0.0,
    0.0,
    0.0,
    0.0,
    0.0,
    0.0,
    0.0,
    0.0,
    0.0,
    0.0,
    0.0,
    0.0,
    0.0,
    0.0,
    0.0,
    0.0,
    0.0,
    0.0,
    0.0,
    0.0,
    0.0,
    0.0
  ]
}