{
  "mean_return": 26.982867429026438,
  "std_return": 1.2272310119956344,
  "se_return": 0.12272310119956345,
  "mean_length": 1000.0,
  "mean_action_smoothness": 0.17870196711268424,
  "std_action_smoothness": 0.029541573487143098,
  "mean_action_magnitude": 1.0848742843053403,
  "mean_cost": 52.49,
  "total_cost": 5249.0,
  "feasibility_rate": 0.06,
  "policy_entropy": 1.7821608781814575,
  "q_value_variance": null,
  "mean_recovery_ratio": 1.6665842799062283,
  "std_recovery_ratio": 0.5651030150103348,
  "n_episodes": 100,
  "per_episode_returns": [
    26.02173718102493,
    25.32326192960084,
    25.946615551511716,
    26.98739985667904,
    26.649309245374113,
    28.6877028010534,
    25.083595265387167,
    31.124450317004587,
    26.42686222029192,
    27.643740732134788,
    26.631902496876688,
    26.090997963787157,
    27.399635111239306,
    26.433702667945255,
    26.926714464262496,
    27.894257999178176,
    28.002924196572618,
    26.591108423913234,
    26.793825989101975,
    26.138275141404012,
    26.604841080951218,
    27.984077722291115,
    29.068421785083512,
    24.780566809010033,
    27.621875223755577,
    25.375864847581294,
    26.53782229793474,
    26.1827203946059,
    25.818484933651348,
    26.798245897278235,
    27.595977246773177,
    28.45062088618047,
    25.419587190578902,
    26.064624120537896,
    26.838582522695553,
    26.996126439193745,
    27.420188939839978,
    26.706577627669436,
    27.120996139095467,
    29.44607962694978,
    27.976191652348234,
    26.709035305797098,
    25.73362533380855,
    26.77541825329745,
    26.840243068170093,
    26.121436216369347,
    25.996745679914426,
    26.100320920825055,
    28.254333184740766,
    26.514660423009992,
    28.47960465163663,
    26.837449240876253,
    26.53451592425071,
    25.623320236688,
    25.396095866991317,
    25.831749873140534,
    25.93851977930042,
    28.403669276719828,
    26.945341809609477,
    26.48579241593897,
    26.192790470484912,
    27.13852404887489,
    25.91371256306729,
    28.21852280885125,
    30.001677447873917,
    26.947572020792098,
    26.93239597250671,
    25.4012488382301,
    27.44901519228032,
    27.192163727358906,
    27.92502982796734,
    28.588380840344147,
    27.961375407632374,
    27.156879086107338,
    26.95924047362444,
    24.516320303833325,
    26.322105770508877,
    27.27099484830356,
    25.46178573840903,
    25.91690577584094,
    25.9823747913112,
    30.00624087494203,
    30.53686329433382,
    27.18773993465913,
    28.930824082113595,
    26.77788872051034,
    26.534497732919387,
    26.886177692489554,
    25.543951486956324,
    27.589946946750675,
    26.95928688216869,
    25.75551006627566,
    26.679537643117488,
    26.953746972563025,
    28.033800062630668,
    27.334249322125476,
    27.07419483748376,
    29.501463915029873,
    25.58287048643588,
    27.840565595501552
  ],
  "per_episode_smoothness": [
    0.17626625886940847,
    0.20968620263314833,
    0.17397368337505956,
    0.14305206399113757,
    0.17597750369481727,
    0.15000057256408156,
    0.1917215994728716,
    0.18484018090089213,
    0.1708052694943489,
    0.13619412513589732,
    0.11987615127634109,
    0.24081822374161155,
    0.17192186600085785,
    0.16791207805223357,
    0.15974632576396774,
    0.22473795190188248,
    0.15960558341973666,
    0.12834046253526069,
    0.18444561542100565,
    0.20716724755636234,
    0.2029804886548595,
    0.18381525127656478,
    0.19454196104576976,
    0.20786094807111133,
    0.17858388569771017,
    0.23548495260643715,
    0.19409626686004236,
    0.16670764489635975,
    0.18660622195349563,
    0.22709763875527014,
    0.22487443835036158,
    0.14645205262583266,
    0.20197102223933638,
    0.18558298831695927,
    0.21478624830467158,
    0.22373852122987245,
    0.18197768666381206,
    0.1788158736414375,
    0.20634060209884206,
    0.166541268325926,
    0.1874634607964288,
    0.15492372481878325,
    0.19872914442423006,
    0.17820310897295988,
    0.24250227150854828,
    0.13695903655888392,
    0.17755800882414016,
    0.15019049157284758,
    0.17608612067487803,
    0.184817993566519,
    0.15070919534645366,
    0.1651642225275488,
    0.20430346443197134,
    0.18823594808250577,
    0.16315802907166313,
    0.2490374427119098,
    0.1218550230641386,
    0.1615181848183082,
    0.1869941817333485,
    0.17488224914465303,
    0.16509862898869915,
    0.180445526527037,
    0.22276249704930803,
    0.14600811771574207,
    0.232613877254702,
    0.17460633564895414,
    0.15562621265353568,
    0.13175799589459075,
    0.16696421104289721,
    0.16362188661765362,
    0.21033276400231538,
    0.12499105418499233,
    0.18578264747391404,
    0.1538718134266597,
    0.20641375457257635,
    0.12090695726963763,
    0.15689798206046368,
    0.15362687576452863,
    0.15971579993876825,
    0.1929278408231817,
    0.20291256234695654,
    0.14926530460395232,
    0.18162278600331788,
    0.13734285857721684,
    0.1642207541664525,
    0.13080513928319867,
    0.16217386990011862,
    0.21856911685183247,
    0.20471439560432148,
    0.1813895898314042,
    0.22008007732799972,
    0.16399680037907993,
    0.18532111531766332,
    0.1920455112788055,
    0.18815363925159848,
    0.14727225443433575,
    0.15969498065947163,
    0.16230877643850497,
    0.1505580396193929,
    0.22354013041632795
  ],
  "per_episode_costs": [
    96.0,
    46.0,
    71.0,
    0.0,
    52.0,
    0.0,
    101.0,
    75.0,
    42.0,
    67.0,
    31.0,
    25.0,
    111.0,
    149.0,
    66.0,
    102.0,
    0.0,
    16.0,
    52.0,
    104.0,
    68.0,
    17.0,
    23.0,
    85.0,
    18.0,
    126.0,
    14.0,
    65.0,
    98.0,
    33.0,
    0.0,
    46.0,
    123.0,
    61.0,
    102.0,
    9.0,
    47.0,
    4.0,
    89.0,
    23.0,
    46.0,
    77.0,
    60.0,
    68.0,
    49.0,
    55.0,
    30.0,
    64.0,
    16.0,
    42.0,
    0.0,
    103.0,
    33.0,
    116.0,
    16.0,
    57.0,
    51.0,
    61.0,
    34.0,
    57.0,
    75.0,
    82.0,
    88.0,
    58.0,
    27.0,
    14.0,
    52.0,
    51.0,
    33.0,
    7.0,
    38.0,
    59.0,
    84.0,
    56.0,
    136.0,
    29.0,
    41.0,
    14.0,
    76.0,
    103.0,
    44.0,
    67.0,
    24.0,
    27.0,
    40.0,
    0.0,
    60.0,
    50.0,
    44.0,
    53.0,
    18.0,
    62.0,
    49.0,
    86.0,
    33.0,
    43.0,
    30.0,
    17.0,
    79.0,
    8.0
  ]
}