{
  "mean_return": 3320.5337059445656,
  "std_return": 404.8105310933551,
  "se_return": 40.48105310933551,
  "mean_length": 960.08,
  "mean_action_smoothness": 0.13041647493839265,
  "std_action_smoothness": 0.0008577816556545829,
  "mean_action_magnitude": 0.8433545595407486,
  "mean_cost": 0.0,
  "total_cost": 0.0,
  "feasibility_rate": 1.0,
  "policy_entropy": 2.6285479068756104,
  "q_value_variance": null,
  "mean_recovery_ratio": 2.102300354780845,
  "std_recovery_ratio": 0.05060182667535841,
  "n_episodes": 100,
  "per_episode_returns": [
    3455.993005101508,
    3437.3937206767982,
    3447.3311968609137,
    3438.801074922151,
    3442.8104711221163,
    3455.7719988639783,
    3449.0596617579577,
    3439.8956130728243,
    2087.8154859316487,
    2260.9056586797215,
    3441.749411093606,
    3438.5958686565677,
    3448.630632095523,
    3440.2143666335764,
    3456.5780489300914,
    3454.383040121196,
    3451.761503481844,
    3481.3853107145314,
    3443.748270081745,
    3445.870134078454,
    3439.032379640951,
    1740.0431184832812,
    3438.886263933042,
    3452.8085558862663,
    1812.1763166974304,
    1773.8717833900703,
    3443.4221088946188,
    3447.736751363852,
    3441.4402513419363,
    3441.4540250095047,
    3445.762860770977,
    3448.139412220828,
    3449.432817477987,
    3451.200208544166,
    3447.5290442451096,
    3448.4370727427367,
    3440.685808298547,
    2040.970088886391,
    3447.175157846155,
    3442.9700023428904,
    3444.8660592353726,
    3440.588270152342,
    3442.6819716018713,
    3458.4903963798147,
    3449.200081343247,
    3432.0243380921875,
    3439.5364098008595,
    3439.2136848903187,
    3446.7631308143723,
    3457.774057855663,
    3441.6887193689595,
    3445.281982782857,
    3441.0829234655635,
    3462.3148497861544,
    3444.492676340535,
    3447.2676828249723,
    3442.6348327061255,
    3449.083222519112,
    3452.2130913965025,
    3443.6115574681257,
    3497.204482056987,
    3451.2655639991794,
    2080.536951003642,
    3442.8888326347637,
    3442.298462223437,
    3444.6604730471686,
    3445.2247987156966,
    3442.8086939019017,
    3440.5957130054794,
    3441.1929298603186,
    3461.7190786989304,
    2249.7721588459267,
    3442.413663277384,
    3449.2287458262686,
    3452.1432693489837,
    3296.8358981249667,
    3446.347970777348,
    3439.2835571555556,
    3442.703574006458,
    3446.139790120843,
    3448.515585691955,
    3447.4196592313783,
    2428.496945155643,
    3444.756435879673,
    3440.270620557956,
    3448.0328124761413,
    3492.0623343799293,
    3439.799209092567,
    3438.7079896824116,
    3449.7457786615364,
    3471.326216126214,
    3448.5609374562464,
    3442.4130939874426,
    3449.926067913177,
    3448.5433730528234,
    3442.302047352273,
    3450.2022757463055,
    3440.019316694013,
    3443.40823661292,
    3450.9186123562663
  ],
  "per_episode_smoothness": [
    0.13025987148284912,
    0.13104598224163055,
    0.13001689314842224,
    0.12975150346755981,
    0.130035862326622,
    0.1312045156955719,
    0.13126224279403687,
    0.13165971636772156,
    0.12687261402606964,
    0.12991611659526825,
    0.13047365844249725,
    0.13038325309753418,
    0.1306496411561966,
    0.1313289999961853,
    0.131119504570961,
    0.13061459362506866,
    0.13096749782562256,
    0.13094155490398407,
    0.13108043372631073,
    0.13104407489299774,
    0.13159213960170746,
    0.1263258159160614,
    0.13115651905536652,
    0.1302613914012909,
    0.13115231692790985,
    0.13032573461532593,
    0.13114900887012482,
    0.13026860356330872,
    0.12952767312526703,
    0.13126343488693237,
    0.13093140721321106,
    0.12897109985351562,
    0.13045819103717804,
    0.13092923164367676,
    0.13113436102867126,
    0.13108690083026886,
    0.12977339327335358,
    0.12903909385204315,
    0.13030263781547546,
    0.12981389462947845,
    0.1308118999004364,
    0.13147589564323425,
    0.13095535337924957,
    0.13113079965114594,
    0.1304045468568802,
    0.13042861223220825,
    0.13106675446033478,
    0.13011282682418823,
    0.1301158219575882,
    0.13126777112483978,
    0.13014160096645355,
    0.1304527223110199,
    0.13069143891334534,
    0.13097833096981049,
    0.13111405074596405,
    0.13131113350391388,
    0.13069462776184082,
    0.1303686648607254,
    0.13084110617637634,
    0.13062871992588043,
    0.12934644520282745,
    0.13066503405570984,
    0.1280871331691742,
    0.13134509325027466,
    0.1305263787508011,
    0.13036637008190155,
    0.1316453218460083,
    0.1306314468383789,
    0.13097894191741943,
    0.1306028664112091,
    0.13092757761478424,
    0.12979534268379211,
    0.1304461658000946,
    0.12962470948696136,
    0.12982884049415588,
    0.12905313074588776,
    0.13032084703445435,
    0.1302024871110916,
    0.13015639781951904,
    0.13132207095623016,
    0.12983804941177368,
    0.13007327914237976,
    0.12969204783439636,
    0.13107426464557648,
    0.1301877647638321,
    0.1309625804424286,
    0.12999452650547028,
    0.13070690631866455,
    0.13043595850467682,
    0.12910443544387817,
    0.13042831420898438,
    0.13034255802631378,
    0.1307830810546875,
    0.129978746175766,
    0.12903235852718353,
    0.13059267401695251,
    0.12987586855888367,
    0.1309008002281189,
    0.1308116614818573,
    0.12987495958805084
  ],
  "per_episode_costs": [
    0.0,
    0.0,
    0.0,
    0.0,
    0.0,
    0.0,
    0.0,
    0.0,
    0.0,
    0.0,
    0.0,
    0.0,
    0.0,
    0.0,
    0.0,
    0.0,
    0.0,
    0.0,
    0.0,
    0.0,
    0.0,
    0.0,
    0.0,
    0.0,
    0.0,
    0.0,
    0.0,
    0.0,
    0.0,
    0.0,
    0.0,
    0.0,
    0.0,
    0.0,
    0.0,
    0.0,
    0.0,
    0.0,
    0.0,
    0.0,
    0.0,
    0.0,
    0.0,
    0.0,
    0.0,
    0.0,
    0.0,
    0.0,
    0.0,
    0.0,
    0.0,
    0.0,
    0.0,
    0.0,
    0.0,
    0.0,
    0.0,
    0.0,
    0.0,
    0.0,
    0.0,
    0.0,
    0.0,
    0.0,
    0.0,
    0.0,
    0.0,
    0.0,
    0.0,
    0.0,
    0.0,
    0.0,
    0.0,
    0.0,
    0.0,
    0.0,
    0.0,
    0.0,
    0.0,
    0.0,
    0.0,
    0.0,
    0.0,
    0.0,
    0.0,
    0.0,
    0.0,
    0.0,
    0.0,
    0.0,
    0.0,
    0.0,
    0.0,
    0.0,
    0.0,
    0.0,
    0.0,
    0.0,
    0.0,
    0.0
  ]
}