{
  "mean_return": 3303.305350712823,
  "std_return": 412.8524366302512,
  "se_return": 41.28524366302512,
  "mean_length": 953.89,
  "mean_action_smoothness": 0.1304517748951912,
  "std_action_smoothness": 0.0010652037781393744,
  "mean_action_magnitude": 0.8430868124961853,
  "mean_cost": 0.0,
  "total_cost": 0.0,
  "feasibility_rate": 1.0,
  "policy_entropy": 2.6285479068756104,
  "q_value_variance": null,
  "mean_recovery_ratio": 2.086420878349372,
  "std_recovery_ratio": 0.012638610670682882,
  "n_episodes": 100,
  "per_episode_returns": [
    2561.0130919709204,
    3450.4176030437065,
    3438.045642376184,
    3447.509843234566,
    3466.9527670899183,
    3459.46808030924,
    3444.569407491025,
    3438.6147876688924,
    3454.4009018373467,
    3458.2397947790337,
    3440.024943628673,
    3445.671728201832,
    3442.149586362927,
    3449.5524024750166,
    3445.3269908081097,
    3441.030617629483,
    3437.614430465305,
    3440.438506907468,
    3454.702904477855,
    3455.0365051333847,
    3447.7412100116935,
    3449.0525330924374,
    3438.425388899748,
    3440.3352091713145,
    3439.1744148655525,
    3452.911827414647,
    2958.453985491373,
    2052.753866970826,
    3448.2141654346915,
    3439.5228433727307,
    3470.2163329603673,
    3453.6061874589523,
    3452.2163821540216,
    3441.1746683634124,
    3443.7509018442997,
    3442.0232116300554,
    3452.56147392664,
    3443.937466455867,
    3435.1260073452613,
    3439.831698471697,
    3464.4532317916855,
    2515.35970794836,
    3443.918315930706,
    3451.0802870769926,
    3452.1924834329593,
    1953.8736839418548,
    3447.0554181552393,
    3480.485737829377,
    1797.7252838729785,
    3445.6610802810364,
    2139.8075537584377,
    3440.0913739802395,
    3440.3941016471617,
    3440.54082808967,
    3439.1953101657964,
    3446.3383312303386,
    3447.6560574364244,
    3449.6636310451395,
    3456.3450538453885,
    2048.2545538881823,
    3466.006274858784,
    3443.695999204985,
    3445.8883692852783,
    2512.7186989699017,
    3448.6419704507985,
    3442.2149022622502,
    3445.1206527960785,
    1727.9111782425382,
    3452.207076833523,
    3444.5792430661913,
    3440.724405879582,
    3454.947359350387,
    3438.63891364445,
    3448.0125590365237,
    2035.2767248872442,
    3441.474873203059,
    3445.4529463873323,
    3442.1900949466662,
    3450.5267901379566,
    3442.5445115804932,
    3462.865548931345,
    3443.812739184664,
    3452.661706877435,
    3443.6307502524223,
    3449.057352747805,
    3465.13257174285,
    3455.929631812846,
    3441.506415414909,
    3442.464772768711,
    3445.8013696762832,
    3470.084043658136,
    3448.861157635989,
    3448.0794619013154,
    2535.876063480585,
    3473.0892178459153,
    3471.9886750216965,
    3438.2181394683753,
    3444.5339376066268,
    3451.2466962087005,
    3465.0189374471843
  ],
  "per_episode_smoothness": [
    0.12973541021347046,
    0.13029925525188446,
    0.13119611144065857,
    0.1304142028093338,
    0.13032282888889313,
    0.13076122105121613,
    0.12980426847934723,
    0.1306578516960144,
    0.13019168376922607,
    0.13006150722503662,
    0.1305553913116455,
    0.13010640442371368,
    0.13111570477485657,
    0.1300479769706726,
    0.13018383085727692,
    0.13111360371112823,
    0.1316557079553604,
    0.1314627230167389,
    0.13129308819770813,
    0.1319434493780136,
    0.13111142814159393,
    0.12968622148036957,
    0.1307147592306137,
    0.13151460886001587,
    0.1302684247493744,
    0.1300780475139618,
    0.13009266555309296,
    0.1287517547607422,
    0.13073281943798065,
    0.1315574049949646,
    0.1300508975982666,
    0.13070710003376007,
    0.1287282109260559,
    0.13120153546333313,
    0.13113409280776978,
    0.13022565841674805,
    0.1307734102010727,
    0.12967732548713684,
    0.13142210245132446,
    0.13056080043315887,
    0.1305581033229828,
    0.13092529773712158,
    0.13100607693195343,
    0.13065111637115479,
    0.13082362711429596,
    0.1258442997932434,
    0.13015013933181763,
    0.1300189197063446,
    0.1330065280199051,
    0.1298660933971405,
    0.1328544020652771,
    0.13115568459033966,
    0.13105711340904236,
    0.13050968945026398,
    0.12977635860443115,
    0.1309739053249359,
    0.13065063953399658,
    0.1299148052930832,
    0.1304212510585785,
    0.13057057559490204,
    0.12960121035575867,
    0.1309540569782257,
    0.12924323976039886,
    0.1314723789691925,
    0.13193866610527039,
    0.13095703721046448,
    0.1310460865497589,
    0.12651711702346802,
    0.13005739450454712,
    0.13090229034423828,
    0.13020732998847961,
    0.13140013813972473,
    0.13032951951026917,
    0.1291637271642685,
    0.12592753767967224,
    0.13115260004997253,
    0.13137881457805634,
    0.13029204308986664,
    0.13056355714797974,
    0.1307366043329239,
    0.1317422091960907,
    0.13028983771800995,
    0.1314445585012436,
    0.13029786944389343,
    0.12992823123931885,
    0.13063524663448334,
    0.13013401627540588,
    0.12991920113563538,
    0.13064882159233093,
    0.13076551258563995,
    0.13002486526966095,
    0.12961548566818237,
    0.1304570883512497,
    0.1297890692949295,
    0.12992624938488007,
    0.1293478161096573,
    0.1314098984003067,
    0.12990380823612213,
    0.13101746141910553,
    0.13139277696609497
  ],
  "per_episode_costs": [
    0.0,
    0.0,
    0.0,
    0.0,
    0.0,
    0.0,
    0.0,
    0.0,
    0.0,
    0.0,
    0.0,
    0.0,
    0.0,
    0.0,
    0.0,
    0.0,
    0.0,
    0.0,
    0.0,
    0.0,
    0.0,
    0.0,
    0.0,
    0.0,
    0.0,
    0.0,
    0.0,
    0.0,
    0.0,
    0.0,
    0.0,
    0.0,
    0.0,
    0.0,
    0.0,
    0.0,
    0.0,
    0.0,
    0.0,
    0.0,
    0.0,
    0.0,
    0.0,
    0.0,
    0.0,
    0.0,
    0.0,
    0.0,
    0.0,
    0.0,
    0.0,
    0.0,
    0.0,
    0.0,
    0.0,
    0.0,
    0.0,
    0.0,
    0.0,
    0.0,
    0.0,
    0.0,
    0.0,
    0.0,
    0.0,
    0.0,
    0.0,
    0.0,
    0.0,
    0.0,
    0.0,
    0.0,
    0.0,
    0.0,
    0.0,
    0.0,
    0.0,
    0.0,
    0.0,
    0.0,
    0.0,
    0.0,
    0.0,
    0.0,
    0.0,
    0.0,
    0.0,
    0.0,
    0.0,
    0.0,
    0.0,
    0.0,
    0.0,
    0.0,
    0.0,
    0.0,
    0.0,
    0.0,
    0.0,
    0.0
  ]
}