{
  "mean_return": 27.06382090089738,
  "std_return": 1.065606785360804,
  "se_return": 0.1065606785360804,
  "mean_length": 1000.0,
  "mean_action_smoothness": 0.09936752286250551,
  "std_action_smoothness": 0.010772887628879329,
  "mean_action_magnitude": 0.9832092670543071,
  "mean_cost": 51.22,
  "total_cost": 5122.0,
  "feasibility_rate": 0.09,
  "policy_entropy": null,
  "q_value_variance": 7.321638258872554e-05,
  "mean_recovery_ratio": 1.7710347976136163,
  "std_recovery_ratio": 0.5249574336708077,
  "n_episodes": 100,
  "per_episode_returns": [
    24.960190366130092,
    26.440829191463273,
    28.31024701779299,
    28.349958861178095,
    26.689283469071633,
    29.155942546472872,
    26.232643685081175,
    29.328248315085098,
    28.336386520006158,
    26.84589945913494,
    26.051826929665477,
    27.3128363683018,
    26.380770378270174,
    27.129183524269116,
    26.467927426171748,
    26.270564833057026,
    26.734180508545645,
    27.45063490176991,
    28.90755224931547,
    26.966193191149195,
    26.4947474256492,
    26.428464776652433,
    25.265309663996163,
    26.07873576551768,
    28.423515207680083,
    27.074677234045314,
    26.27919695337612,
    26.515427168217006,
    28.14210948596031,
    25.74295970023816,
    25.8710686505377,
    27.384374037938645,
    27.38492978266613,
    25.2346510010818,
    29.01693863557455,
    26.227964992047024,
    25.23915681661051,
    26.108705576668612,
    25.407775962049868,
    26.898868521983303,
    26.38316737174967,
    26.23809433118037,
    28.946890178838355,
    25.581359888179342,
    27.043061464792398,
    28.112621409349057,
    28.10232675236118,
    26.986757373350947,
    26.897248006810983,
    26.991460044819693,
    26.756801696645017,
    26.936389296632857,
    27.009414463350442,
    28.469073832690373,
    26.163515664598556,
    28.427102963402447,
    24.742550096926013,
    26.075018120377322,
    27.924372948238762,
    28.389268230435338,
    27.604692549100605,
    26.111839191878175,
    27.645658584143863,
    27.801968868397328,
    28.620364516868236,
    26.29204419204541,
    27.851159622937665,
    27.72594471458935,
    25.756056936533138,
    28.35788864945616,
    27.00463707188246,
    26.907517973534226,
    26.872630084919138,
    25.63448407653934,
    26.154312434810972,
    26.967000792756263,
    27.949153960853963,
    28.496116007195248,
    27.73473673210739,
    27.75554806460638,
    28.84939495830845,
    27.226549963106574,
    27.557009275183333,
    26.457590646705707,
    27.16711857294167,
    27.982845766657064,
    27.891613618108966,
    25.19716939235054,
    25.528236748592516,
    27.126250284549155,
    25.61853847201286,
    27.86065989159055,
    28.89568995449559,
    28.249783511998103,
    27.019424229759615,
    27.76767945523263,
    25.943942965632253,
    27.68829305268418,
    26.94823648725447,
    26.44493658226693
  ],
  "per_episode_smoothness": [
    0.09526777667082914,
    0.09176138258743116,
    0.109243885416469,
    0.1317916068756272,
    0.10520520123326504,
    0.09328970415452527,
    0.12423702815026222,
    0.12132182151410908,
    0.1027103527081688,
    0.10624355611529737,
    0.13326638310007807,
    0.10419362981675381,
    0.12138800771801282,
    0.10051081533986261,
    0.0859576637271899,
    0.09785049286496435,
    0.09554500707360782,
    0.09807472140218551,
    0.08724382917788705,
    0.11258792100545344,
    0.0976126653279551,
    0.09216630086209898,
    0.09453756622395967,
    0.09432818982699483,
    0.08753328812074634,
    0.10719066008096784,
    0.10987227147759618,
    0.09586684214097094,
    0.09985414372538945,
    0.10566306619844332,
    0.08001165262271998,
    0.09768370139000687,
    0.09426737610403613,
    0.1050732918853854,
    0.10722579241272695,
    0.1021675416974425,
    0.10084994804219995,
    0.09650658925799845,
    0.08902797828062392,
    0.11460617982357776,
    0.08157543690167235,
    0.10821565104056383,
    0.0915568154355864,
    0.11889540663748661,
    0.11047683535320196,
    0.09707155141104842,
    0.09303358004923773,
    0.08925470420870545,
    0.11263176800940411,
    0.09920147343167936,
    0.08925035991861321,
    0.08969836063949436,
    0.10062295783030957,
    0.09629567861944847,
    0.09781162636465504,
    0.11409235874619061,
    0.10489727082860109,
    0.10302028744867665,
    0.09292037112027982,
    0.09656310573893244,
    0.09550863698385234,
    0.09949249038326557,
    0.09569630297643818,
    0.0930971421400628,
    0.10899931595055597,
    0.09405081271780205,
    0.09182302761835567,
    0.07961811122137392,
    0.10775659932350516,
    0.08661239886393551,
    0.10929864265936204,
    0.09788534834540247,
    0.09938724892241238,
    0.10354778280363328,
    0.09118640128643939,
    0.10331019976854398,
    0.08221375076508623,
    0.10241052786640079,
    0.08969085367295276,
    0.092017720470046,
    0.10678709263843172,
    0.11199630539605958,
    0.09174750394658067,
    0.10598573427430825,
    0.08297548813643123,
    0.09870826934391524,
    0.10599403552646587,
    0.09818187762389123,
    0.08204381269729984,
    0.10151151376599525,
    0.10418543594110788,
    0.08683806568799957,
    0.09822865506512907,
    0.08998764773964715,
    0.10884902517417845,
    0.08510069659141965,
    0.08641383747205433,
    0.1051249033728588,
    0.1092880072561903,
    0.07637963197355185
  ],
  "per_episode_costs": [
    132.0,
    55.0,
    34.0,
    59.0,
    86.0,
    70.0,
    51.0,
    32.0,
    18.0,
    95.0,
    29.0,
    8.0,
    92.0,
    109.0,
    17.0,
    39.0,
    86.0,
    80.0,
    7.0,
    28.0,
    82.0,
    47.0,
    90.0,
    17.0,
    45.0,
    0.0,
    166.0,
    60.0,
    80.0,
    104.0,
    0.0,
    0.0,
    23.0,
    100.0,
    86.0,
    105.0,
    38.0,
    90.0,
    44.0,
    96.0,
    34.0,
    3.0,
    16.0,
    118.0,
    55.0,
    60.0,
    30.0,
    24.0,
    89.0,
    52.0,
    25.0,
    115.0,
    32.0,
    14.0,
    10.0,
    38.0,
    128.0,
    53.0,
    0.0,
    0.0,
    86.0,
    78.0,
    0.0,
    22.0,
    20.0,
    66.0,
    24.0,
    0.0,
    41.0,
    29.0,
    77.0,
    8.0,
    38.0,
    20.0,
    94.0,
    11.0,
    17.0,
    38.0,
    118.0,
    50.0,
    23.0,
    48.0,
    102.0,
    94.0,
    22.0,
    74.0,
    111.0,
    9.0,
    0.0,
    47.0,
    0.0,
    26.0,
    80.0,
    46.0,
    91.0,
    27.0,
    61.0,
    83.0,
    35.0,
    10.0
  ]
}