{
  "mean_return": 2965.8160279979465,
  "std_return": 411.7316863433212,
  "se_return": 41.17316863433212,
  "mean_length": 914.1,
  "mean_action_smoothness": 0.1281436773389578,
  "std_action_smoothness": 0.0015602173712495032,
  "mean_action_magnitude": 0.7840634036064148,
  "mean_cost": 0.0,
  "total_cost": 0.0,
  "feasibility_rate": 1.0,
  "policy_entropy": 2.3694727420806885,
  "q_value_variance": null,
  "mean_recovery_ratio": 1.9636493405099877,
  "std_recovery_ratio": 0.04926687629907224,
  "n_episodes": 100,
  "per_episode_returns": [
    3221.2314029666386,
    3219.7946124038685,
    2837.1505606710143,
    2160.5913801437546,
    3100.612652016181,
    3321.161013230026,
    3340.710991828078,
    3182.9875183732684,
    3181.320128320412,
    1893.52760680847,
    3156.801871232375,
    3173.2550389645703,
    3197.7801910246435,
    2168.499165767532,
    3210.252531222669,
    1895.3817087536686,
    3246.9079089749835,
    3113.6335503192995,
    3199.8673370250076,
    3141.031784595255,
    1942.786587455198,
    3187.8892155711073,
    2311.9251525766085,
    3191.8353056106384,
    3198.1552658126943,
    3264.7988457980646,
    3172.2599808138384,
    3142.9524446331498,
    1929.2789519132828,
    3164.999544403914,
    3246.7824631406215,
    2658.5961998743815,
    3216.8927899848627,
    3316.557033497254,
    3171.6036339128204,
    3186.561605946001,
    2811.0403448870175,
    2810.032694619548,
    3034.1438072322376,
    3171.463083448709,
    1898.813405213864,
    3202.163190508429,
    3277.5450968998866,
    3348.931199706539,
    3233.597313139817,
    3164.1089782087547,
    3187.1592297982647,
    3211.0612743020247,
    2850.975021371432,
    3162.2353925070547,
    3303.848830226951,
    3196.2793848937968,
    3195.6347287492254,
    3233.766248490533,
    1961.8149198257304,
    3183.711686343934,
    2875.5534320203287,
    1894.8364357644427,
    3347.936754183793,
    2717.999675978931,
    2504.283520772001,
    3209.0450520573268,
    3292.18459088495,
    2014.8923834810125,
    3173.7878884931265,
    3130.871566747501,
    2096.855791874859,
    3162.774291086784,
    3174.8027520036826,
    3189.1405088179545,
    3185.7367669807036,
    3194.054516151746,
    3128.6100645558427,
    3185.314625399294,
    2750.1068029838543,
    2733.7461625623678,
    3031.5732978626,
    3029.9407401852886,
    3197.1879419696634,
    3168.835244538062,
    3057.690598260581,
    3248.7596459343645,
    3174.9456599029554,
    2744.7796460413374,
    2190.1773746897074,
    2196.938124567722,
    3123.3351156890853,
    3147.8183748904926,
    3196.4160609618316,
    3193.598478057672,
    3174.220318205857,
    3190.945077293198,
    3223.3767803284954,
    2819.0364449888393,
    3160.5573793012477,
    2773.572249599366,
    3164.963757372815,
    2774.2112022973383,
    2734.88866700866,
    3196.601231087053
  ],
  "per_episode_smoothness": [
    0.1291162669658661,
    0.12828364968299866,
    0.1257297545671463,
    0.12765011191368103,
    0.12566715478897095,
    0.1286039501428604,
    0.13018037378787994,
    0.1272696703672409,
    0.12802276015281677,
    0.12621614336967468,
    0.12829263508319855,
    0.12802238762378693,
    0.12962214648723602,
    0.1288340985774994,
    0.127947136759758,
    0.12567667663097382,
    0.13060708343982697,
    0.12993597984313965,
    0.1278335005044937,
    0.12717972695827484,
    0.12433374673128128,
    0.12912273406982422,
    0.1304498165845871,
    0.12819817662239075,
    0.12972405552864075,
    0.12827350199222565,
    0.12854431569576263,
    0.12522122263908386,
    0.12431392073631287,
    0.1292552351951599,
    0.12937204539775848,
    0.13052767515182495,
    0.12886151671409607,
    0.12851034104824066,
    0.12789860367774963,
    0.12834708392620087,
    0.12589728832244873,
    0.12717781960964203,
    0.12993721663951874,
    0.12801316380500793,
    0.12601836025714874,
    0.1282518208026886,
    0.12815101444721222,
    0.13001897931098938,
    0.129602313041687,
    0.12937210500240326,
    0.12797576189041138,
    0.12849514186382294,
    0.12537004053592682,
    0.1282462477684021,
    0.12953832745552063,
    0.12879891693592072,
    0.12815183401107788,
    0.12852485477924347,
    0.12493700534105301,
    0.12904612720012665,
    0.12639069557189941,
    0.12386174499988556,
    0.1309182345867157,
    0.12924881279468536,
    0.12609954178333282,
    0.1281297504901886,
    0.12896504998207092,
    0.1291254311800003,
    0.12927928566932678,
    0.1259407252073288,
    0.12842586636543274,
    0.12850205600261688,
    0.12867970764636993,
    0.12916892766952515,
    0.1275191605091095,
    0.12920285761356354,
    0.1265927255153656,
    0.12960772216320038,
    0.13178181648254395,
    0.12883441150188446,
    0.1311420500278473,
    0.12968777120113373,
    0.12835246324539185,
    0.1283956617116928,
    0.12804822623729706,
    0.12963971495628357,
    0.12717118859291077,
    0.1283084601163864,
    0.12788568437099457,
    0.12482575327157974,
    0.12670038640499115,
    0.12560079991817474,
    0.12806953489780426,
    0.12878476083278656,
    0.12917761504650116,
    0.12905730307102203,
    0.12860360741615295,
    0.12699060142040253,
    0.12873575091362,
    0.12772627174854279,
    0.12763187289237976,
    0.12714289128780365,
    0.1285611391067505,
    0.1286841630935669
  ],
  "per_episode_costs": [
    0.0,
    0.0,
    0.0,
    0.0,
    0.0,
    0.0,
    0.0,
    0.0,
    0.0,
    0.0,
    0.0,
    0.0,
    0.0,
    0.0,
    0.0,
    0.0,
    0.0,
    0.0,
    0.0,
    0.0,
    0.0,
    0.0,
    0.0,
    0.0,
    0.0,
    0.0,
    0.0,
    0.0,
    0.0,
    0.0,
    0.0,
    0.0,
    0.0,
    0.0,
    0.0,
    0.0,
    0.0,
    0.0,
    0.0,
    0.0,
    0.0,
    0.0,
    0.0,
    0.0,
    0.0,
    0.0,
    0.0,
    0.0,
    0.0,
    0.0,
    0.0,
    0.0,
    0.0,
    0.0,
    0.0,
    0.0,
    0.0,
    0.0,
    0.0,
    0.0,
    0.0,
    0.0,
    0.0,
    0.0,
    0.0,
    0.0,
    0.0,
    0.0,
    0.0,
    0.0,
    0.0,
    0.0,
    0.0,
    0.0,
    0.0,
    0.0,
    0.0,
    0.0,
    0.0,
    0.0,
    0.0,
    0.0,
    0.0,
    0.0,
    0.0,
    0.0,
    0.0,
    0.0,
    0.0,
    0.0,
    0.0,
    0.0,
    0.0,
    0.0,
    0.0,
    0.0,
    0.0,
    0.0,
    0.0,
    0.0
  ]
}