{
  "mean_return": 3037.604060741248,
  "std_return": 334.9492965915495,
  "se_return": 33.49492965915495,
  "mean_length": 941.04,
  "mean_action_smoothness": 0.1280273073911667,
  "std_action_smoothness": 0.0014040620553608398,
  "mean_action_magnitude": 0.7859637761116027,
  "mean_cost": 0.0,
  "total_cost": 0.0,
  "feasibility_rate": 1.0,
  "policy_entropy": 2.3694727420806885,
  "q_value_variance": null,
  "mean_recovery_ratio": 1.969252480571738,
  "std_recovery_ratio": 0.05374693077373752,
  "n_episodes": 100,
  "per_episode_returns": [
    3192.8031495542236,
    3254.7829960237214,
    3203.244453013655,
    3178.6088002828724,
    3153.884628928149,
    3191.360170495574,
    3195.560402664591,
    3180.7324015156632,
    3147.246054769887,
    2001.961709596605,
    3204.1396726462244,
    3225.0841812979534,
    3177.7573003337925,
    3165.9686513744778,
    3219.380971815055,
    2733.6940476441014,
    3199.5544085659276,
    3135.3774695191883,
    2888.077660945079,
    3151.968127447603,
    3182.250914186758,
    2542.6707082779944,
    2781.954638354063,
    3189.256270074515,
    3142.146516185932,
    3209.4621736409435,
    3186.109135884727,
    2472.086693515698,
    3152.43076068495,
    2760.3332146970924,
    3329.2256027466933,
    3148.1281052579866,
    3185.124276887078,
    3162.7604438623484,
    3176.7420560238024,
    3137.607196886716,
    3150.7618201251216,
    3179.6892599761327,
    3205.3407925288298,
    2995.2493319020473,
    3248.3424561690063,
    2800.545017224483,
    3214.0178363577916,
    3147.4337458032774,
    2177.626788511665,
    3181.8177428412455,
    3271.233196494076,
    3186.4604863992026,
    3171.882972261535,
    1925.6413149619575,
    2177.413075425253,
    3222.845962850606,
    3181.559287096165,
    3187.135762946661,
    3181.417197641863,
    3188.7895260337978,
    3212.164293146495,
    3164.3957986381747,
    3160.83401179539,
    3181.2235385699846,
    3208.0328352686565,
    2013.9553684181537,
    3193.93545147438,
    3194.4342506286093,
    2845.4422830414264,
    3234.9672920738817,
    3190.4820605126074,
    2622.4268073179182,
    3217.3310836224327,
    3189.4405879656497,
    3160.895617224776,
    3190.493187297066,
    3225.713738955869,
    2846.227172582623,
    3275.212782822959,
    3222.235008141314,
    3161.412015683635,
    3130.272910775645,
    3246.434766095314,
    2201.0892174115406,
    3180.4543596016238,
    1940.2342109271706,
    3217.3354580336545,
    3323.8531925285547,
    3195.002521288705,
    3185.438555100308,
    2793.8841624754623,
    2283.8128980358147,
    3130.4048841250387,
    2753.216117625839,
    3179.862726336314,
    3163.817370329176,
    3163.8702917929313,
    3251.2476712988628,
    3198.625421979017,
    3183.365228758452,
    2219.885055658916,
    3140.5895214280636,
    3186.3583742575174,
    3225.4164339264744
  ],
  "per_episode_smoothness": [
    0.1276838779449463,
    0.12836012244224548,
    0.12742362916469574,
    0.12825311720371246,
    0.1262863278388977,
    0.12818601727485657,
    0.12807707488536835,
    0.12699390947818756,
    0.12654149532318115,
    0.12538671493530273,
    0.1297253668308258,
    0.12897156178951263,
    0.12889036536216736,
    0.12806199491024017,
    0.12863387167453766,
    0.12847797572612762,
    0.12872406840324402,
    0.12762930989265442,
    0.12789282202720642,
    0.1259494572877884,
    0.12907150387763977,
    0.12521319091320038,
    0.12678216397762299,
    0.12931761145591736,
    0.12561477720737457,
    0.1287355124950409,
    0.12627479434013367,
    0.12972085177898407,
    0.12828832864761353,
    0.12799768149852753,
    0.12972266972064972,
    0.12526094913482666,
    0.12782062590122223,
    0.12861770391464233,
    0.12781821191310883,
    0.1259869486093521,
    0.12803547084331512,
    0.1282246708869934,
    0.12925605475902557,
    0.13077875971794128,
    0.1307569444179535,
    0.12763051688671112,
    0.12826575338840485,
    0.12792441248893738,
    0.12561967968940735,
    0.12902919948101044,
    0.13008935749530792,
    0.1293964982032776,
    0.12885664403438568,
    0.1255050152540207,
    0.12713304162025452,
    0.12919221818447113,
    0.12711045145988464,
    0.12872637808322906,
    0.12916199862957,
    0.12875337898731232,
    0.1298675835132599,
    0.12812627851963043,
    0.1272990107536316,
    0.12859655916690826,
    0.12902264297008514,
    0.128361314535141,
    0.12887084484100342,
    0.12774688005447388,
    0.12667100131511688,
    0.12882345914840698,
    0.13002605736255646,
    0.12605427205562592,
    0.12863196432590485,
    0.1282336413860321,
    0.12951542437076569,
    0.12838061153888702,
    0.1280301958322525,
    0.12698596715927124,
    0.12946921586990356,
    0.12929193675518036,
    0.126337930560112,
    0.12550349533557892,
    0.1301206350326538,
    0.12742972373962402,
    0.128275066614151,
    0.12422934919595718,
    0.12932489812374115,
    0.13037249445915222,
    0.12887774407863617,
    0.127990260720253,
    0.1255064755678177,
    0.12418384104967117,
    0.12771323323249817,
    0.12735778093338013,
    0.12829409539699554,
    0.12953272461891174,
    0.12845975160598755,
    0.1298064887523651,
    0.12849648296833038,
    0.12729953229427338,
    0.12689289450645447,
    0.12735284864902496,
    0.12892156839370728,
    0.12860751152038574
  ],
  "per_episode_costs": [
    0.0,
    0.0,
    0.0,
    0.0,
    0.0,
    0.0,
    0.0,
    0.0,
    0.0,
    0.0,
    0.0,
    0.0,
    0.0,
    0.0,
    0.0,
    0.0,
    0.0,
    0.0,
    0.0,
    0.0,
    0.0,
    0.0,
    0.0,
    0.0,
    0.0,
    0.0,
    0.0,
    0.0,
    0.0,
    0.0,
    0.0,
    0.0,
    0.0,
    0.0,
    0.0,
    0.0,
    0.0,
    0.0,
    0.0,
    0.0,
    0.0,
    0.0,
    0.0,
    0.0,
    0.0,
    0.0,
    0.0,
    0.0,
    0.0,
    0.0,
    0.0,
    0.0,
    0.0,
    0.0,
    0.0,
    0.0,
    0.0,
    0.0,
    0.0,
    0.0,
    0.0,
    0.0,
    0.0,
    0.0,
    0.0,
    0.0,
    0.0,
    0.0,
    0.0,
    0.0,
    0.0,
    0.0,
    0.0,
    0.0,
    0.0,
    0.0,
    0.0,
    0.0,
    0.0,
    0.0,
    0.0,
    0.0,
    0.0,
    0.0,
    0.0,
    0.0,
    0.0,
    0.0,
    0.0,
    0.0,
    0.0,
    0.0,
    0.0,
    0.0,
    0.0,
    0.0,
    0.0,
    0.0,
    0.0,
    0.0
  ]
}