{
  "mean_return": 1118.5558501700243,
  "std_return": 162.54571893511604,
  "se_return": 16.254571893511603,
  "mean_length": 1000.0,
  "mean_action_smoothness": 2.0245364332199096,
  "std_action_smoothness": 0.054104222823127136,
  "mean_action_magnitude": 1.5244677650928498,
  "mean_cost": 0.0,
  "total_cost": 0.0,
  "feasibility_rate": 1.0,
  "policy_entropy": 5.179294109344482,
  "q_value_variance": null,
  "mean_recovery_ratio": -1.0507066869190322,
  "std_recovery_ratio": 10.380087104280364,
  "n_episodes": 100,
  "per_episode_returns": [
    1176.796537766613,
    947.1721647850386,
    1045.1420892364986,
    1119.604455145395,
    1250.1605928055885,
    1140.6163935228005,
    1237.8446252370297,
    546.1359499329278,
    1189.0020844883013,
    1151.9861104385043,
    1205.602897913841,
    1192.782169402718,
    945.9915443605722,
    1234.2374700426988,
    954.312874331596,
    1183.855392132017,
    1161.9135390013096,
    1156.7370636027476,
    1263.0925851727436,
    1123.7231123730353,
    1199.323660345955,
    1119.880468542467,
    1226.5148829768357,
    855.3132592180656,
    1301.7476008508634,
    981.8577350401401,
    1071.9483296438784,
    1104.9297955420598,
    1219.0793963764245,
    1135.8856486998418,
    1259.2432146618107,
    1072.2050738140633,
    1122.7849556998979,
    1284.4330426882077,
    1152.9686758515504,
    1254.0719070002322,
    1144.7411465552464,
    1214.830658609073,
    1153.1377455049696,
    1164.5581936069557,
    1120.1419950740185,
    1138.6035938277978,
    1179.033824449789,
    1260.9441616474612,
    970.3426543306275,
    1237.44561461037,
    1264.1276833457355,
    1302.2502624304952,
    1250.0935966923169,
    1149.2382851530715,
    766.6143857507794,
    1232.0856776611402,
    1233.4580311295726,
    1234.4853254933594,
    1045.5785251112543,
    1145.6105190130577,
    947.7230593886493,
    1139.6953305392635,
    996.8728785135322,
    1150.5929725795277,
    1140.7337247744847,
    1029.9138722729815,
    1168.8845759332476,
    524.1272785436915,
    1013.2781182349821,
    901.9349894796238,
    1179.2674256362905,
    1021.725874165054,
    1226.5840334963602,
    1192.5945531634143,
    1188.6340635245222,
    1157.9334327001484,
    1241.8099770935394,
    1078.8062137018342,
    1198.01051470559,
    1237.7792123819345,
    913.5568985162213,
    1010.0138076424976,
    1178.4403779302288,
    1239.543635920695,
    1197.5410778823943,
    1242.719751717044,
    1091.379782622259,
    1181.685442818643,
    1169.0549484565122,
    1169.377819224344,
    1120.3374349171388,
    1180.8726020016575,
    210.06583709136459,
    1235.25147398276,
    978.3490202448768,
    1132.4855291023873,
    1188.7658335824556,
    1114.0919855721627,
    1085.0426323543204,
    1134.6377030656772,
    1163.6961736136452,
    1197.1905767452274,
    914.0130726924258,
    1274.3503198354792
  ],
  "per_episode_smoothness": [
    2.0203449726104736,
    1.9931230545043945,
    2.028273344039917,
    2.034597158432007,
    2.0711100101470947,
    2.0298194885253906,
    2.056746244430542,
    1.7838492393493652,
    2.055882453918457,
    2.0547916889190674,
    2.025733232498169,
    2.043903350830078,
    2.0065758228302,
    2.0459866523742676,
    1.9225884675979614,
    2.0515851974487305,
    2.043898105621338,
    2.057917356491089,
    2.0372891426086426,
    2.011465311050415,
    2.023005485534668,
    2.00944447517395,
    2.0538129806518555,
    1.9609791040420532,
    2.0637118816375732,
    1.9825804233551025,
    1.998464584350586,
    2.0385420322418213,
    2.0546419620513916,
    2.025789976119995,
    2.0474183559417725,
    2.0224947929382324,
    2.0510475635528564,
    2.07328724861145,
    2.039860248565674,
    2.0583608150482178,
    2.02653431892395,
    2.038538694381714,
    2.0302720069885254,
    2.016188383102417,
    2.0393965244293213,
    2.076669454574585,
    2.039011001586914,
    2.0265157222747803,
    2.01043701171875,
    2.070726156234741,
    2.065894603729248,
    2.075995922088623,
    2.051175117492676,
    2.0231781005859375,
    1.9401555061340332,
    2.051377296447754,
    2.064758777618408,
    2.077162027359009,
    2.0027778148651123,
    2.038632392883301,
    2.0100038051605225,
    2.0409634113311768,
    1.9694300889968872,
    2.0381410121917725,
    2.031771183013916,
    1.9933011531829834,
    2.08099102973938,
    1.722247838973999,
    2.0203158855438232,
    1.9566903114318848,
    2.0083439350128174,
    1.9980952739715576,
    2.050567865371704,
    2.0519399642944336,
    2.0379350185394287,
    2.0254647731781006,
    2.060354709625244,
    2.037639617919922,
    2.0581157207489014,
    2.06028413772583,
    1.9581856727600098,
    2.008432626724243,
    2.0322985649108887,
    2.0673022270202637,
    2.0669116973876953,
    2.0726170539855957,
    2.0103282928466797,
    2.0232081413269043,
    2.03936767578125,
    2.021054983139038,
    2.0021212100982666,
    2.087752103805542,
    1.8252136707305908,
    2.038318395614624,
    2.0030665397644043,
    1.9922540187835693,
    2.0697739124298096,
    2.0175344944000244,
    2.025338888168335,
    2.035240411758423,
    2.0603864192962646,
    2.0837223529815674,
    1.990977168083191,
    2.0253210067749023
  ],
  "per_episode_costs": [
    0.0,
    0.0,
    0.0,
    0.0,
    0.0,
    0.0,
    0.0,
    0.0,
    0.0,
    0.0,
    0.0,
    0.0,
    0.0,
    0.0,
    0.0,
    0.0,
    0.0,
    0.0,
    0.0,
    0.0,
    0.0,
    0.0,
    0.0,
    0.0,
    0.0,
    0.0,
    0.0,
    0.0,
    0.0,
    0.0,
    0.0,
    0.0,
    0.0,
    0.0,
    0.0,
    0.0,
    0.0,
    0.0,
    0.0,
    0.0,
    0.0,
    0.0,
    0.0,
    0.0,
    0.0,
    0.0,
    0.0,
    0.0,
    0.0,
    0.0,
    0.0,
    0.0,
    0.0,
    0.0,
    0.0,
    0.0,
    0.0,
    0.0,
    0.0,
    0.0,
    0.0,
    0.0,
    0.0,
    0.0,
    0.0,
    0.0,
    0.0,
    0.0,
    0.0,
    0.0,
    0.0,
    0.0,
    0.0,
    0.0,
    0.0,
    0.0,
    0.0,
    0.0,
    0.0,
    0.0,
    0.0,
    0.0,
    0.0,
    0.0,
    0.0,
    0.0,
    0.0,
    0.0,
    0.0,
    0.0,
    0.0,
    0.0,
    0.0,
    0.0,
    0.0,
    0.0,
    0.0,
    0.0,
    0.0,
    0.0
  ]
}