{
  "mean_return": 685.7936819323442,
  "std_return": 3.704164899684991,
  "se_return": 0.3704164899684991,
  "mean_length": 221.73,
  "mean_action_smoothness": 0.3740129086375237,
  "std_action_smoothness": 0.024205304030395496,
  "mean_action_magnitude": 0.8625034260749816,
  "mean_cost": 0.0,
  "total_cost": 0.0,
  "feasibility_rate": 1.0,
  "policy_entropy": null,
  "q_value_variance": 1.2577868700027466,
  "mean_recovery_ratio": 2.0603133276689896,
  "std_recovery_ratio": 0.03835437376616207,
  "n_episodes": 100,
  "per_episode_returns": [
    679.9043303576306,
    679.9256887880529,
    686.2577083205434,
    688.055935973392,
    687.3607864543709,
    690.8388568537949,
    683.4246654921374,
    688.115363021236,
    685.9861282181296,
    683.7640773221589,
    679.8311552897951,
    681.9495857508824,
    684.2782793636345,
    686.3488796325257,
    682.2163584806254,
    682.5516520225555,
    686.9735178810188,
    689.7016195364603,
    682.9492517306409,
    692.0640224459711,
    681.709280502346,
    682.9360448738211,
    691.1732017447548,
    687.3839739346319,
    685.6415603418953,
    682.5511808970548,
    686.3120650480922,
    688.7370588339021,
    680.4843453000483,
    687.3677516451851,
    682.9198613509566,
    686.1180188607325,
    689.1577850931493,
    681.654356371735,
    686.2711672850112,
    685.9039602267663,
    685.3004247877894,
    679.730929811754,
    689.7619905289985,
    693.2783289231883,
    682.2593300172183,
    689.9571144330529,
    676.125078141874,
    682.5395099579854,
    685.7927463023403,
    679.4281597940302,
    686.8952315396886,
    677.9938721026571,
    686.7668570046228,
    687.0560415865116,
    688.3765411339486,
    687.798409676912,
    692.5588547021106,
    680.2325575185109,
    683.6026339618708,
    691.153214564502,
    686.1068278013806,
    686.1352181748289,
    689.9463995904491,
    681.3786379430511,
    687.6527872342559,
    684.8880082268926,
    686.6007165479791,
    689.186402315952,
    687.2154268148823,
    685.1266066367266,
    684.4577974074924,
    687.1083503238319,
    684.3886235966635,
    686.4707417647908,
    685.872951145119,
    686.0438520752444,
    693.0894692365508,
    688.4648747341208,
    687.9238569463351,
    692.9390949621687,
    683.981622697722,
    686.0899389028098,
    687.5324733449858,
    686.9519006785202,
    689.1362113982387,
    683.198725393576,
    686.2916217837768,
    685.4303829069764,
    683.714654036611,
    686.7703828708735,
    682.541271823121,
    685.6341653460872,
    679.0602424915692,
    690.2137867073817,
    683.2384947968673,
    687.9628844846733,
    680.3311601873797,
    688.5486728935866,
    681.6772929929194,
    682.569525223873,
    689.3003879676432,
    685.9215724863042,
    695.9439738540206,
    690.9029027509768
  ],
  "per_episode_smoothness": [
    0.40369701385498047,
    0.379086971282959,
    0.3455268144607544,
    0.385655015707016,
    0.37654390931129456,
    0.34948697686195374,
    0.3851187825202942,
    0.36557936668395996,
    0.39504367113113403,
    0.3645530343055725,
    0.3832799196243286,
    0.4071543514728546,
    0.3977133333683014,
    0.39179304242134094,
    0.3374312222003937,
    0.41222238540649414,
    0.3761284053325653,
    0.3985591530799866,
    0.4143480360507965,
    0.33667364716529846,
    0.3825676143169403,
    0.34025219082832336,
    0.35451504588127136,
    0.34700560569763184,
    0.3851434588432312,
    0.36742863059043884,
    0.3497059941291809,
    0.37934717535972595,
    0.3814253509044647,
    0.3818983733654022,
    0.3417890667915344,
    0.3783583641052246,
    0.4123932719230652,
    0.37007173895835876,
    0.383009672164917,
    0.39014992117881775,
    0.4034176468849182,
    0.37570443749427795,
    0.3717058300971985,
    0.4302508234977722,
    0.395086407661438,
    0.41246169805526733,
    0.3116537630558014,
    0.3726690709590912,
    0.39627617597579956,
    0.37004080414772034,
    0.36065399646759033,
    0.3543948531150818,
    0.36319461464881897,
    0.33691373467445374,
    0.3735729157924652,
    0.3511897027492523,
    0.36056962609291077,
    0.38609960675239563,
    0.37227776646614075,
    0.3794703483581543,
    0.3441585898399353,
    0.34299561381340027,
    0.3725312054157257,
    0.37275102734565735,
    0.34271660447120667,
    0.3469880223274231,
    0.39473479986190796,
    0.3581521809101105,
    0.3530576229095459,
    0.3606637716293335,
    0.38289955258369446,
    0.3503829538822174,
    0.3446272909641266,
    0.35377195477485657,
    0.353728711605072,
    0.38049957156181335,
    0.42991945147514343,
    0.3686319589614868,
    0.34775033593177795,
    0.42925629019737244,
    0.35177889466285706,
    0.38349252939224243,
    0.35571688413619995,
    0.32839369773864746,
    0.3851059079170227,
    0.37027958035469055,
    0.40183353424072266,
    0.3864898085594177,
    0.36403146386146545,
    0.37952959537506104,
    0.34561675786972046,
    0.3925170302391052,
    0.38777977228164673,
    0.3512939512729645,
    0.40204736590385437,
    0.35139328241348267,
    0.39205947518348694,
    0.402784138917923,
    0.37970638275146484,
    0.38553857803344727,
    0.3390125632286072,
    0.3969990015029907,
    0.4278600215911865,
    0.3815527856349945
  ],
  "per_episode_costs": [
    0.0,
    0.0,
    0.0,
    0.0,
    0.0,
    0.0,
    0.0,
    0.0,
    0.0,
    0.0,
    0.0,
    0.0,
    0.0,
    0.0,
    0.0,
    0.0,
    0.0,
    0.0,
    0.0,
    0.0,
    0.0,
    0.0,
    0.0,
    0.0,
    0.0,
    0.0,
    0.0,
    0.0,
    0.0,
    0.0,
    0.0,
    0.0,
    0.0,
    0.0,
    0.0,
    0.0,
    0.0,
    0.0,
    0.0,
    0.0,
    0.0,
    0.0,
    0.0,
    0.0,
    0.0,
    0.0,
    0.0,
    0.0,
    0.0,
    0.0,
    0.0,
    0.0,
    0.0,
    0.0,
    0.0,
    0.0,
    0.0,
    0.0,
    0.0,
    0.0,
    0.0,
    0.0,
    0.0,
    0.0,
    0.0,
    0.0,
    0.0,
    0.0,
    0.0,
    0.0,
    0.0,
    0.0,
    0.0,
    0.0,
    0.0,
    0.0,
    0.0,
    0.0,
    0.0,
    0.0,
    0.0,
    0.0,
    0.0,
    0.0,
    0.0,
    0.0,
    0.0,
    0.0,
    0.0,
    0.0,
    0.0,
    0.0,
    0.0,
    0.0,
    0.0,
    0.0,
    0.0,
    0.0,
    0.0,
    0.0
  ]
}