{
  "mean_return": 685.5174297513519,
  "std_return": 4.142178380621974,
  "se_return": 0.4142178380621974,
  "mean_length": 221.44,
  "mean_action_smoothness": 0.3761958667635918,
  "std_action_smoothness": 0.024231105844669244,
  "mean_action_magnitude": 0.8616426545381546,
  "mean_cost": 0.0,
  "total_cost": 0.0,
  "feasibility_rate": 1.0,
  "policy_entropy": null,
  "q_value_variance": 1.2888455390930176,
  "mean_recovery_ratio": 2.0469851087157585,
  "std_recovery_ratio": 0.03486009475337639,
  "n_episodes": 100,
  "per_episode_returns": [
    685.3665845977672,
    683.9715792994614,
    688.5062201628792,
    683.1754497077926,
    687.1474299550104,
    688.5026289306024,
    688.3993232648006,
    687.6107346389285,
    689.9293901463133,
    683.4627664973666,
    685.965586721563,
    687.3276920602502,
    681.7673717106181,
    687.8558106473444,
    679.8761359302865,
    687.2830297580728,
    686.7536040415916,
    686.1079699676637,
    683.3095873695837,
    686.4155144979169,
    687.5777337767919,
    690.5756408825489,
    684.5465258228992,
    687.9266397780318,
    681.8826125346083,
    686.0501390103881,
    687.2835761332733,
    677.3641745003318,
    690.7420394646701,
    689.6013525393219,
    697.4140376018631,
    686.7463807640625,
    674.8997856449344,
    678.0786938220249,
    684.1703265328382,
    674.3704665623711,
    685.5694108205171,
    691.6381737663048,
    687.9707334637991,
    681.0129020799585,
    686.6414201329419,
    691.1884441342401,
    688.5600474378824,
    680.3885261358264,
    684.2921845008958,
    675.2319896817673,
    677.9085905915149,
    680.0593220753395,
    685.7052616772032,
    688.6536373800037,
    686.8840564649963,
    688.9484422266544,
    690.0351215043906,
    674.4076600385293,
    688.9390021569595,
    684.7102141188519,
    690.0814488950388,
    687.523072072441,
    682.7117110245204,
    675.9344000735485,
    688.9569845075316,
    688.0701161395046,
    685.7722328330913,
    688.0866621879863,
    686.193115619518,
    682.6796059760835,
    691.285862733539,
    688.1612486580196,
    681.8533792917976,
    682.8860571325986,
    688.4162731152601,
    686.3586551630843,
    685.972133295487,
    692.3470744306619,
    686.1387507506792,
    686.0726225976031,
    689.5849390566299,
    686.1167332606444,
    686.7061217791982,
    686.16682865356,
    686.4317047081689,
    685.5756053206277,
    687.0707780382581,
    684.7391362800603,
    689.1198221657949,
    685.4069826365185,
    682.3167996142525,
    680.7367096815016,
    682.2605428904054,
    687.8865284729108,
    678.9558956443343,
    687.2853221637666,
    691.6742511485121,
    680.7498563477832,
    684.1491240672958,
    683.4242446860706,
    685.33776654286,
    685.2910922655154,
    685.1178358582256,
    687.4272716889492
  ],
  "per_episode_smoothness": [
    0.32337287068367004,
    0.39752429723739624,
    0.4050171375274658,
    0.37235334515571594,
    0.34681886434555054,
    0.4303368926048279,
    0.3317677676677704,
    0.3705410957336426,
    0.4173867106437683,
    0.38167285919189453,
    0.336568146944046,
    0.35934746265411377,
    0.4024008810520172,
    0.35813114047050476,
    0.3568185865879059,
    0.3638345003128052,
    0.38995787501335144,
    0.4000779986381531,
    0.3439675271511078,
    0.3594070374965668,
    0.3174479901790619,
    0.3813759982585907,
    0.35513004660606384,
    0.348237544298172,
    0.37282446026802063,
    0.34674835205078125,
    0.37189918756484985,
    0.39002519845962524,
    0.399161159992218,
    0.36793771386146545,
    0.4275931417942047,
    0.3627265691757202,
    0.38393664360046387,
    0.3786132037639618,
    0.36187034845352173,
    0.33685678243637085,
    0.3867374658584595,
    0.4403808116912842,
    0.3644736111164093,
    0.33376824855804443,
    0.37603968381881714,
    0.3671666979789734,
    0.3512902855873108,
    0.3606780469417572,
    0.379471093416214,
    0.4025290310382843,
    0.36067017912864685,
    0.37453141808509827,
    0.38368141651153564,
    0.4107227027416229,
    0.3935055136680603,
    0.3879234790802002,
    0.40593165159225464,
    0.354585200548172,
    0.3623068630695343,
    0.36394912004470825,
    0.33698156476020813,
    0.3920988142490387,
    0.37814801931381226,
    0.3818477988243103,
    0.37035268545150757,
    0.38037824630737305,
    0.3817727565765381,
    0.3988943099975586,
    0.3811558485031128,
    0.3528667986392975,
    0.3972189724445343,
    0.37212899327278137,
    0.3813454806804657,
    0.4132513701915741,
    0.3565049171447754,
    0.40105894207954407,
    0.3429403305053711,
    0.38278889656066895,
    0.38944798707962036,
    0.3956563174724579,
    0.40744906663894653,
    0.35495883226394653,
    0.3748346269130707,
    0.38794490694999695,
    0.4057052731513977,
    0.3709169030189514,
    0.3621377944946289,
    0.3630169630050659,
    0.3380539119243622,
    0.3913436233997345,
    0.360525518655777,
    0.40256425738334656,
    0.3706611394882202,
    0.39600539207458496,
    0.3511791229248047,
    0.4025920033454895,
    0.42021337151527405,
    0.38786083459854126,
    0.3963024616241455,
    0.4083364009857178,
    0.38604533672332764,
    0.3688804805278778,
    0.36154159903526306,
    0.35364794731140137
  ],
  "per_episode_costs": [
    0.0,
    0.0,
    0.0,
    0.0,
    0.0,
    0.0,
    0.0,
    0.0,
    0.0,
    0.0,
    0.0,
    0.0,
    0.0,
    0.0,
    0.0,
    0.0,
    0.0,
    0.0,
    0.0,
    0.0,
    0.0,
    0.0,
    0.0,
    0.0,
    0.0,
    0.0,
    0.0,
    0.0,
    0.0,
    0.0,
    0.0,
    0.0,
    0.0,
    0.0,
    0.0,
    0.0,
    0.0,
    0.0,
    0.0,
    0.0,
    0.0,
    0.0,
    0.0,
    0.0,
    0.0,
    0.0,
    0.0,
    0.0,
    0.0,
    0.0,
    0.0,
    0.0,
    0.0,
    0.0,
    0.0,
    0.0,
    0.0,
    0.0,
    0.0,
    0.0,
    0.0,
    0.0,
    0.0,
    0.0,
    0.0,
    0.0,
    0.0,
    0.0,
    0.0,
    0.0,
    0.0,
    0.0,
    0.0,
    0.0,
    0.0,
    0.0,
    0.0,
    0.0,
    0.0,
    0.0,
    0.0,
    0.0,
    0.0,
    0.0,
    0.0,
    0.0,
    0.0,
    0.0,
    0.0,
    0.0,
    0.0,
    0.0,
    0.0,
    0.0,
    0.0,
    0.0,
    0.0,
    0.0,
    0.0,
    0.0
  ]
}