{
  "mean_return": 27.246760935756935,
  "std_return": 1.1042684312088866,
  "se_return": 0.11042684312088866,
  "mean_length": 1000.0,
  "mean_action_smoothness": 0.18960447665032606,
  "std_action_smoothness": 0.020810713223269783,
  "mean_action_magnitude": 0.9569583680382976,
  "mean_cost": 49.13,
  "total_cost": 4913.0,
  "feasibility_rate": 0.16,
  "policy_entropy": null,
  "q_value_variance": 8.33798258099705e-05,
  "mean_recovery_ratio": 1.4182934467409907,
  "std_recovery_ratio": 0.5941872303786996,
  "n_episodes": 100,
  "per_episode_returns": [
    26.09039228528637,
    27.169021213981623,
    27.980368676305407,
    26.358675757254982,
    26.811498742477298,
    27.46856004477902,
    27.253248326396438,
    27.427892156185244,
    26.691245977063346,
    27.750205842499533,
    25.520055697265644,
    29.761648030971624,
    27.292386350406584,
    31.58522556526439,
    28.636379235703615,
    26.215415214334993,
    27.04071634711102,
    24.979522867102943,
    26.701212122598864,
    25.81067278777824,
    25.918522565699828,
    27.769869067219627,
    25.745586404109662,
    26.114940028967613,
    26.750211837781592,
    27.929093266868065,
    26.90467893421494,
    27.977038146356637,
    26.72079064993956,
    29.073165326153482,
    26.166995072948495,
    27.323785803729486,
    28.359143629514193,
    26.414103813994966,
    25.796966106952894,
    26.593505256935153,
    26.7052103749581,
    27.690087088371694,
    29.2986753340568,
    27.01137732388364,
    26.915150662492955,
    27.452608693332394,
    27.518996544094254,
    26.42792943656578,
    27.01851462996156,
    27.249943875697937,
    28.116905751648385,
    28.013310975009784,
    29.07110044502951,
    27.95963226134549,
    25.869051499510963,
    26.374815716955418,
    27.669866056995023,
    27.32434281641394,
    27.602581328052487,
    28.341935425576892,
    26.49979842391632,
    27.72942073283367,
    27.13924644541645,
    27.421271472220788,
    26.29482552859533,
    27.252426930124333,
    29.711647742629847,
    26.121224707453056,
    26.39872205700102,
    27.313229909507683,
    28.555616370654338,
    25.93360952444258,
    27.243695654285098,
    27.28489523338268,
    28.28584164094676,
    25.271301420720917,
    27.599663026733367,
    26.531711340169608,
    28.365438788137542,
    27.66790623755382,
    27.50467782288942,
    26.705840060025782,
    27.14124560762866,
    27.137661647484233,
    26.386875500143127,
    28.618719934318776,
    26.353246790540254,
    26.181372771474816,
    27.010472502287545,
    27.570692915528795,
    28.53444225124824,
    26.44815262169796,
    29.509078366494396,
    27.271243873152425,
    26.05578810045898,
    28.17245227966614,
    29.229263216068468,
    27.01666887210139,
    28.357324196014773,
    27.267892195208056,
    28.029057109205432,
    27.1976756999205,
    25.558073770551726,
    25.061906892751228
  ],
  "per_episode_smoothness": [
    0.19500665711054982,
    0.2045852868676177,
    0.20237832885560822,
    0.1791331815365107,
    0.16830427799079906,
    0.16379939857894033,
    0.24845893223222718,
    0.1700561564163758,
    0.2511513896219228,
    0.19885829230734708,
    0.21588714686673466,
    0.23318207785100445,
    0.21021642463411822,
    0.17163436163692702,
    0.19618894188212957,
    0.22365858583183976,
    0.18414332447361378,
    0.16217476805477732,
    0.1790388105235375,
    0.18499368727297327,
    0.1773330081544067,
    0.17973407602473215,
    0.17705976655737418,
    0.18957926932381275,
    0.14393402097885596,
    0.19002403177783705,
    0.16021720985408147,
    0.2049188867691829,
    0.22586484778920343,
    0.16674110477544282,
    0.15276847223609652,
    0.16783374140445678,
    0.19257980725580645,
    0.1813842667730691,
    0.1778912187051019,
    0.20581605043904147,
    0.17015467601377615,
    0.16611694358414172,
    0.14854705012406727,
    0.18732731896453925,
    0.20322159305120313,
    0.24054394109097946,
    0.19291326400464148,
    0.20029189789916121,
    0.17928745665291515,
    0.21029084019189742,
    0.17069260346860154,
    0.1589577888096001,
    0.1833130439709921,
    0.17636558792742404,
    0.20661112833033712,
    0.21387491383307838,
    0.19393043030578505,
    0.21301162393847584,
    0.2049336769087402,
    0.1999624631396918,
    0.19055975706319062,
    0.16107621714627768,
    0.18266381959459543,
    0.1864085634034438,
    0.18540790874327695,
    0.20411860558027062,
    0.17933744165584944,
    0.18338774529644067,
    0.1887266677809945,
    0.1875436613206954,
    0.16376539634235288,
    0.17998307560415755,
    0.17120100598138394,
    0.19237714775431805,
    0.19707508747304567,
    0.16744859943682983,
    0.18989318212819745,
    0.21644006652150688,
    0.2061969984898357,
    0.20588777599180166,
    0.16177657348652444,
    0.19579158630098042,
    0.18935271494952458,
    0.19884997492288273,
    0.15695544833747868,
    0.18457183510183262,
    0.21104894664168714,
    0.16769398754088294,
    0.18244085990972103,
    0.1898676040722852,
    0.213709041139618,
    0.20362027940198268,
    0.1760115564922251,
    0.17764805915494944,
    0.19999151158785528,
    0.20211641787308515,
    0.15745460121064286,
    0.21958153227072252,
    0.19512826733952723,
    0.20464832545129588,
    0.20730034200551495,
    0.18839735802255939,
    0.20373723860215406,
    0.17637682833410478
  ],
  "per_episode_costs": [
    115.0,
    68.0,
    75.0,
    83.0,
    44.0,
    35.0,
    17.0,
    75.0,
    29.0,
    118.0,
    65.0,
    0.0,
    85.0,
    42.0,
    43.0,
    44.0,
    50.0,
    10.0,
    70.0,
    87.0,
    0.0,
    52.0,
    51.0,
    44.0,
    0.0,
    32.0,
    61.0,
    73.0,
    19.0,
    0.0,
    0.0,
    91.0,
    27.0,
    67.0,
    82.0,
    86.0,
    0.0,
    23.0,
    27.0,
    125.0,
    79.0,
    9.0,
    23.0,
    49.0,
    55.0,
    43.0,
    119.0,
    17.0,
    31.0,
    72.0,
    48.0,
    51.0,
    20.0,
    18.0,
    42.0,
    15.0,
    102.0,
    0.0,
    95.0,
    41.0,
    6.0,
    149.0,
    0.0,
    46.0,
    104.0,
    47.0,
    30.0,
    34.0,
    99.0,
    71.0,
    74.0,
    0.0,
    53.0,
    0.0,
    53.0,
    45.0,
    49.0,
    76.0,
    42.0,
    45.0,
    15.0,
    52.0,
    103.0,
    0.0,
    7.0,
    0.0,
    0.0,
    0.0,
    0.0,
    14.0,
    130.0,
    101.0,
    31.0,
    62.0,
    126.0,
    61.0,
    16.0,
    0.0,
    126.0,
    102.0
  ]
}