{
  "mean_return": 1229.0669488524966,
  "std_return": 60.55906098387879,
  "se_return": 6.0559060983878785,
  "mean_length": 1000.0,
  "mean_action_smoothness": 2.1438414072990417,
  "std_action_smoothness": 0.01538801668741204,
  "mean_action_magnitude": 1.6520122718811034,
  "mean_cost": 0.0,
  "total_cost": 0.0,
  "feasibility_rate": 1.0,
  "policy_entropy": 5.1690874099731445,
  "q_value_variance": null,
  "mean_recovery_ratio": 3.036651525096111,
  "std_recovery_ratio": 3.2064624819016454,
  "n_episodes": 100,
  "per_episode_returns": [
    1174.450879152564,
    1224.489857519925,
    1202.6788747609492,
    1258.6150214180204,
    1182.5022052291922,
    1255.0526428614276,
    1127.8891274166815,
    1264.140385135181,
    1280.5933660849655,
    1266.800694310161,
    1184.2447178374591,
    1181.8277228166298,
    1180.411610536563,
    1184.9119977751254,
    1174.1717858321667,
    1149.7667899514915,
    1204.118582055068,
    1182.6171212945887,
    1126.0496262660172,
    1209.4544040151475,
    1258.732006276668,
    1207.6324608577527,
    1172.2456336507385,
    1048.3796065570245,
    1332.986229899098,
    1248.6153700936416,
    1173.2485014026784,
    1243.158829518057,
    1312.020033964015,
    1266.2435418452608,
    1307.2148340766223,
    1264.1364945826047,
    1206.9615608838117,
    1228.0031577546129,
    1258.863612075524,
    1267.9780662899293,
    1263.1452359475463,
    1118.6264481778378,
    1255.938754813104,
    1196.1624301957536,
    1239.685662043798,
    1248.9433901584234,
    1311.333995906573,
    1297.508445463907,
    1168.5119979041829,
    1162.94625325389,
    1227.1787633804693,
    1260.2794159842108,
    1272.922773917448,
    1294.3313077630678,
    1180.4175912639625,
    1194.3503688228734,
    1244.304026488916,
    1279.7245915516003,
    1237.6221183989019,
    1130.4364491086674,
    1261.5830534636436,
    1217.6555870828734,
    1310.587706242911,
    1220.7576212058157,
    1199.0471917019481,
    1327.808279778717,
    1287.0462351664019,
    1090.0547539716129,
    1240.1203975938777,
    1275.8661103989048,
    1236.9446679526177,
    1220.9281703348531,
    1170.7813881171944,
    1274.9998269762832,
    1200.869748444359,
    1223.2007676560504,
    1271.8372818840908,
    1213.5294709723603,
    1315.9643943008934,
    1244.0473618005808,
    1300.3923628639034,
    1285.594520501954,
    962.0103439871866,
    1302.4711558931588,
    1276.0291775723117,
    1188.5947640871168,
    1219.1874996206025,
    1296.2188449540788,
    1308.4722213198756,
    1210.6285970706429,
    1267.4506827793803,
    1323.6743262037724,
    1237.3707453569225,
    1242.90612192455,
    1232.9285160317243,
    1182.0725508894332,
    1284.494244986383,
    1245.3654413841896,
    1270.7936008156748,
    1259.4953385674114,
    1201.3475982676907,
    1172.7077924078712,
    1204.15507144968,
    1233.1259787256447
  ],
  "per_episode_smoothness": [
    2.1468515396118164,
    2.1480376720428467,
    2.1428823471069336,
    2.171168565750122,
    2.1348609924316406,
    2.1641645431518555,
    2.1210174560546875,
    2.1361591815948486,
    2.163841962814331,
    2.160654306411743,
    2.1288938522338867,
    2.1260628700256348,
    2.1445727348327637,
    2.1375293731689453,
    2.1475131511688232,
    2.1120433807373047,
    2.1227824687957764,
    2.14888858795166,
    2.1586337089538574,
    2.1466617584228516,
    2.1461775302886963,
    2.12947416305542,
    2.1304755210876465,
    2.1540963649749756,
    2.168292284011841,
    2.1224586963653564,
    2.144205331802368,
    2.1365387439727783,
    2.146913528442383,
    2.143916606903076,
    2.1551506519317627,
    2.140599012374878,
    2.155702590942383,
    2.13188099861145,
    2.137850761413574,
    2.148003101348877,
    2.1491477489471436,
    2.1112542152404785,
    2.1615946292877197,
    2.1090426445007324,
    2.1473588943481445,
    2.139594554901123,
    2.148418426513672,
    2.154717206954956,
    2.137132167816162,
    2.1604878902435303,
    2.1487653255462646,
    2.1262617111206055,
    2.136486530303955,
    2.163909912109375,
    2.1378040313720703,
    2.137197256088257,
    2.1582658290863037,
    2.135732412338257,
    2.114774465560913,
    2.1135382652282715,
    2.1599252223968506,
    2.1420986652374268,
    2.1696114540100098,
    2.140247106552124,
    2.169633388519287,
    2.11199951171875,
    2.1225850582122803,
    2.1523871421813965,
    2.1633963584899902,
    2.175522804260254,
    2.1599881649017334,
    2.147986650466919,
    2.132554531097412,
    2.1504874229431152,
    2.1553802490234375,
    2.1345109939575195,
    2.1133852005004883,
    2.155438184738159,
    2.1501314640045166,
    2.1431620121002197,
    2.126629114151001,
    2.1445326805114746,
    2.1371850967407227,
    2.168642282485962,
    2.173414945602417,
    2.126559257507324,
    2.1493287086486816,
    2.1194682121276855,
    2.1432363986968994,
    2.1479885578155518,
    2.152543544769287,
    2.139652967453003,
    2.1509931087493896,
    2.1522295475006104,
    2.141512155532837,
    2.1724207401275635,
    2.1365745067596436,
    2.1331663131713867,
    2.145989418029785,
    2.158393144607544,
    2.1462090015411377,
    2.1462795734405518,
    2.1458442211151123,
    2.1284751892089844
  ],
  "per_episode_costs": [
    0.0,
    0.0,
    0.0,
    0.0,
    0.0,
    0.0,
    0.0,
    0.0,
    0.0,
    0.0,
    0.0,
    0.0,
    0.0,
    0.0,
    0.0,
    0.0,
    0.0,
    0.0,
    0.0,
    0.0,
    0.0,
    0.0,
    0.0,
    0.0,
    0.0,
    0.0,
    0.0,
    0.0,
    0.0,
    0.0,
    0.0,
    0.0,
    0.0,
    0.0,
    0.0,
    0.0,
    0.0,
    0.0,
    0.0,
    0.0,
    0.0,
    0.0,
    0.0,
    0.0,
    0.0,
    0.0,
    0.0,
    0.0,
    0.0,
    0.0,
    0.0,
    0.0,
    0.0,
    0.0,
    0.0,
    0.0,
    0.0,
    0.0,
    0.0,
    0.0,
    0.0,
    0.0,
    0.0,
    0.0,
    0.0,
    0.0,
    0.0,
    0.0,
    0.0,
    0.0,
    0.0,
    0.0,
    0.0,
    0.0,
    0.0,
    0.0,
    0.0,
    0.0,
    0.0,
    0.0,
    0.0,
    0.0,
    0.0,
    0.0,
    0.0,
    0.0,
    0.0,
    0.0,
    0.0,
    0.0,
    0.0,
    0.0,
    0.0,
    0.0,
    0.0,
    0.0,
    0.0,
    0.0,
    0.0,
    0.0
  ]
}