{
  "mean_return": 1228.3340444065987,
  "std_return": 66.29023437937055,
  "se_return": 6.629023437937055,
  "mean_length": 1000.0,
  "mean_action_smoothness": 2.140638873577118,
  "std_action_smoothness": 0.020187607549917008,
  "mean_action_magnitude": 1.6516021943092347,
  "mean_cost": 0.0,
  "total_cost": 0.0,
  "feasibility_rate": 1.0,
  "policy_entropy": 5.1690874099731445,
  "q_value_variance": null,
  "mean_recovery_ratio": 6.162766549115839,
  "std_recovery_ratio": 9.658195414813186,
  "n_episodes": 100,
  "per_episode_returns": [
    1216.3564295342574,
    1274.739880136519,
    1187.5064289748952,
    1055.3056580974496,
    1271.3301904943723,
    1308.2604962114413,
    1232.9443650470603,
    1217.6334020066438,
    1268.4678903204579,
    1228.2406423964667,
    1313.8884617826905,
    1118.9993432192662,
    1192.9271864736158,
    1283.247728688057,
    1187.4268777290072,
    1050.000010464187,
    1195.3257876329335,
    1244.825116371945,
    1196.3293507380042,
    1226.2467722600586,
    1271.2928967671965,
    1002.0540181610012,
    1266.5189145453492,
    1193.979515146379,
    1205.825725375679,
    1272.9235264483489,
    1245.739376748792,
    1093.4948016568635,
    1006.5583282058221,
    1282.0620469220469,
    1320.5243995001256,
    1132.7258853788333,
    1280.702513912278,
    1233.2965526005105,
    1095.0428252403294,
    1225.8081122864548,
    1303.857381819649,
    1238.3907454514099,
    1258.2492967293206,
    1244.0750943710186,
    1185.6916901092513,
    1114.1379917331599,
    1249.9844711721348,
    1270.9352705641384,
    1185.2304842892652,
    1287.0344087729331,
    1246.6349546866838,
    1152.7142819935814,
    1278.8550041188596,
    1280.4354809333638,
    1300.4388012046634,
    1267.6851509798157,
    1051.669620599948,
    1272.184984535363,
    1198.0358494099844,
    1248.6287976495187,
    1242.4235978473555,
    1216.8222543332704,
    1215.7906611358958,
    1249.1289394705534,
    1205.5862206754643,
    1291.786631674506,
    1296.6246533471488,
    1287.8399615294463,
    1254.8564709060179,
    1263.6082946552547,
    1229.675813593084,
    1227.0007838401148,
    1213.5232284758242,
    1258.694835670034,
    1158.0385956852829,
    1223.0053223085674,
    1234.263514810015,
    1243.382987736858,
    1212.9415642504566,
    1237.2409669922938,
    1208.3026266616785,
    1225.6039389328203,
    1295.2020260357378,
    1275.2454288533702,
    1199.5653886299058,
    1259.9137345275294,
    1241.9710241984565,
    1138.5346152222203,
    1245.2330464421493,
    1252.6129021750924,
    1277.4995213748355,
    1223.3195366749687,
    1315.5652021555957,
    1235.4853236631745,
    1305.6739281795037,
    1233.6280327195461,
    1238.8484671140593,
    1309.1790692737934,
    1237.6144541621854,
    1343.5409926573723,
    1257.2044430407975,
    1319.16180437633,
    1192.7210038964854,
    1206.1214121554026
  ],
  "per_episode_smoothness": [
    2.145231246948242,
    2.1160590648651123,
    2.157139539718628,
    2.1316277980804443,
    2.109562873840332,
    2.15612530708313,
    2.133681058883667,
    2.15427827835083,
    2.1662046909332275,
    2.1259877681732178,
    2.1322927474975586,
    2.1249423027038574,
    2.1194915771484375,
    2.1521244049072266,
    2.1469428539276123,
    2.1600594520568848,
    2.118720293045044,
    2.1315207481384277,
    2.1537997722625732,
    2.176220178604126,
    2.1418211460113525,
    2.114685535430908,
    2.162809133529663,
    2.155791759490967,
    2.136195182800293,
    2.155024766921997,
    2.1007204055786133,
    2.128147840499878,
    2.139514446258545,
    2.1592302322387695,
    2.1398561000823975,
    2.133527994155884,
    2.132864236831665,
    2.142301321029663,
    2.0925066471099854,
    2.1233322620391846,
    2.1430704593658447,
    2.1494033336639404,
    2.146481990814209,
    2.1562745571136475,
    2.138134241104126,
    2.120664596557617,
    2.1232736110687256,
    2.1309661865234375,
    2.127725124359131,
    2.1366567611694336,
    2.127645254135132,
    2.128293037414551,
    2.154508113861084,
    2.1307895183563232,
    2.1176390647888184,
    2.140312671661377,
    2.1181721687316895,
    2.136629819869995,
    2.1188595294952393,
    2.1552045345306396,
    2.133692502975464,
    2.1523916721343994,
    2.154817819595337,
    2.178555965423584,
    2.169360876083374,
    2.148839235305786,
    2.1469831466674805,
    2.1324522495269775,
    2.173551559448242,
    2.1506617069244385,
    2.1730880737304688,
    2.117797374725342,
    2.1657705307006836,
    2.132072925567627,
    2.1210594177246094,
    2.131258249282837,
    2.1243059635162354,
    2.180605173110962,
    2.152482509613037,
    2.153143882751465,
    2.1660027503967285,
    2.1298129558563232,
    2.154207468032837,
    2.1527152061462402,
    2.1813805103302,
    2.154052495956421,
    2.1350319385528564,
    2.146522283554077,
    2.145189046859741,
    2.148367404937744,
    2.126081705093384,
    2.1248724460601807,
    2.126621723175049,
    2.0659608840942383,
    2.174466371536255,
    2.14194655418396,
    2.1166293621063232,
    2.191185235977173,
    2.1315691471099854,
    2.156320810317993,
    2.1539270877838135,
    2.140180826187134,
    2.1210579872131348,
    2.1158487796783447
  ],
  "per_episode_costs": [
    0.0,
    0.0,
    0.0,
    0.0,
    0.0,
    0.0,
    0.0,
    0.0,
    0.0,
    0.0,
    0.0,
    0.0,
    0.0,
    0.0,
    0.0,
    0.0,
    0.0,
    0.0,
    0.0,
    0.0,
    0.0,
    0.0,
    0.0,
    0.0,
    0.0,
    0.0,
    0.0,
    0.0,
    0.0,
    0.0,
    0.0,
    0.0,
    0.0,
    0.0,
    0.0,
    0.0,
    0.0,
    0.0,
    0.0,
    0.0,
    0.0,
    0.0,
    0.0,
    0.0,
    0.0,
    0.0,
    0.0,
    0.0,
    0.0,
    0.0,
    0.0,
    0.0,
    0.0,
    0.0,
    0.0,
    0.0,
    0.0,
    0.0,
    0.0,
    0.0,
    0.0,
    0.0,
    0.0,
    0.0,
    0.0,
    0.0,
    0.0,
    0.0,
    0.0,
    0.0,
    0.0,
    0.0,
    0.0,
    0.0,
    0.0,
    0.0,
    0.0,
    0.0,
    0.0,
    0.0,
    0.0,
    0.0,
    0.0,
    0.0,
    0.0,
    0.0,
    0.0,
    0.0,
    0.0,
    0.0,
    0.0,
    0.0,
    0.0,
    0.0,
    0.0,
    0.0,
    0.0,
    0.0,
    0.0,
    0.0
  ]
}