#{"t_start": 1776911530.2162213, "env_id": "HalfCheetah-v4"}
r,l,t
-438.704151,1000,2.927563
-467.543211,1000,17.251125
