#{"t_start": 1776911530.2073863, "env_id": "HalfCheetah-v4"}
r,l,t
-301.199635,1000,2.936452
-310.912956,1000,17.260009
