#{"t_start": 1776911530.2075257, "env_id": "HalfCheetah-v4"}
r,l,t
-352.277168,1000,2.93637
-394.05757,1000,17.259773
