#{"t_start": 1776911530.2162304, "env_id": "HalfCheetah-v4"}
r,l,t
-472.428347,1000,2.927495
-256.912069,1000,17.251103
