#{"t_start": 1776911530.207387, "env_id": "HalfCheetah-v4"}
r,l,t
-332.190829,1000,2.936548
-332.756367,1000,17.260008
