#{"t_start": 1776911530.2073855, "env_id": "HalfCheetah-v4"}
r,l,t
-410.514134,1000,2.936167
-403.866535,1000,17.259978
