#{"t_start": 1776911530.208085, "env_id": "HalfCheetah-v4"}
r,l,t
-246.290134,1000,2.935757
-384.064497,1000,17.259296
