#{"t_start": 1776911530.2073872, "env_id": "HalfCheetah-v4"}
r,l,t
-304.566371,1000,2.93618
-321.422895,1000,17.259948
