{
  "mean_return": 1301.1769570676051,
  "std_return": 41.09674282655461,
  "se_return": 4.109674282655461,
  "mean_length": 1000.0,
  "mean_action_smoothness": 1.8970880794525147,
  "std_action_smoothness": 0.01447156319645498,
  "mean_action_magnitude": 1.5855976152420044,
  "mean_cost": 0.0,
  "total_cost": 0.0,
  "feasibility_rate": 1.0,
  "policy_entropy": 4.918056011199951,
  "q_value_variance": null,
  "mean_recovery_ratio": 2.427154068742056,
  "std_recovery_ratio": 0.6965980909660694,
  "n_episodes": 100,
  "per_episode_returns": [
    1323.6928891559935,
    1306.1780255811207,
    1292.5469288386496,
    1349.041745444316,
    1345.5625628675468,
    1304.118965586217,
    1293.8547678155312,
    1309.381696256586,
    1294.8568664929444,
    1251.356025074887,
    1305.3852668834572,
    1247.109102556991,
    1248.9475548701218,
    1248.3239543495197,
    1334.49755166768,
    1314.8551335928396,
    1341.7281570385412,
    1242.7221066294014,
    1304.737627745901,
    1329.6016389707256,
    1196.633614169087,
    1195.971861579407,
    1298.6980136217348,
    1347.2198306091473,
    1323.1741714091756,
    1306.552007900967,
    1273.7257811566008,
    1295.015944200819,
    1322.9088144376517,
    1250.347226038972,
    1243.0313682241092,
    1358.4979988485964,
    1325.5988873364145,
    1376.1320939845525,
    1305.4789716024518,
    1269.167582363249,
    1346.1254731530662,
    1256.8547284652548,
    1362.2480780701658,
    1260.4034470031584,
    1248.9785789796313,
    1291.413219859238,
    1276.652785359951,
    1414.6463117312921,
    1282.0319011614963,
    1311.2966365437699,
    1342.856717892189,
    1295.7269683604366,
    1314.8197996001136,
    1320.344544493259,
    1294.5141027400703,
    1364.5114161404979,
    1302.390468104906,
    1256.5180682756638,
    1298.5034307585727,
    1305.6198513331528,
    1263.8167584360335,
    1356.4288387448003,
    1232.2444168296415,
    1313.6738507397426,
    1332.1762937793665,
    1257.4233034837691,
    1264.3610631167048,
    1297.542723935936,
    1290.9325760214322,
    1336.9941084899776,
    1327.729810440877,
    1332.228341690837,
    1364.8970024965015,
    1290.9950006806985,
    1291.52546561232,
    1273.84310566265,
    1393.3946332220935,
    1278.9952479124827,
    1308.5125441723533,
    1279.3877555259028,
    1263.5783109479364,
    1282.388436285654,
    1288.9606864619693,
    1271.125146311013,
    1247.9955850352594,
    1312.4484835947994,
    1266.332573075224,
    1284.5701282127013,
    1316.752332762632,
    1338.4817382559518,
    1309.695926440145,
    1344.7848446889002,
    1346.8521514192214,
    1213.5737174869614,
    1279.3553176803496,
    1302.0285331604305,
    1357.4175883912535,
    1386.561159943782,
    1284.5675054134028,
    1332.245830809809,
    1305.506808880539,
    1246.4151879668948,
    1285.546743056409,
    1340.2988665573992
  ],
  "per_episode_smoothness": [
    1.8712995052337646,
    1.9032151699066162,
    1.9034197330474854,
    1.8697890043258667,
    1.8961836099624634,
    1.8941580057144165,
    1.8888019323349,
    1.8715068101882935,
    1.8955210447311401,
    1.8832638263702393,
    1.9024120569229126,
    1.9128555059432983,
    1.8933240175247192,
    1.9001415967941284,
    1.888972282409668,
    1.9226083755493164,
    1.8877595663070679,
    1.9092727899551392,
    1.9063166379928589,
    1.8883874416351318,
    1.8896405696868896,
    1.9030400514602661,
    1.899605393409729,
    1.8780186176300049,
    1.903774380683899,
    1.9208370447158813,
    1.9228812456130981,
    1.907313346862793,
    1.914602518081665,
    1.885345458984375,
    1.8702486753463745,
    1.9107028245925903,
    1.9092590808868408,
    1.888201117515564,
    1.8882441520690918,
    1.875548005104065,
    1.8678098917007446,
    1.9179118871688843,
    1.9145209789276123,
    1.907050609588623,
    1.9154866933822632,
    1.8911683559417725,
    1.9115859270095825,
    1.8649672269821167,
    1.9056048393249512,
    1.8934102058410645,
    1.9230098724365234,
    1.9122027158737183,
    1.8885552883148193,
    1.9080393314361572,
    1.9012022018432617,
    1.8737373352050781,
    1.8871028423309326,
    1.8955363035202026,
    1.8975560665130615,
    1.8930702209472656,
    1.903663158416748,
    1.8946514129638672,
    1.908350944519043,
    1.895369291305542,
    1.8893165588378906,
    1.896844506263733,
    1.8693217039108276,
    1.9042311906814575,
    1.917121171951294,
    1.891302466392517,
    1.8994170427322388,
    1.9187750816345215,
    1.8968368768692017,
    1.8811146020889282,
    1.9099805355072021,
    1.89696204662323,
    1.8944358825683594,
    1.9199724197387695,
    1.8953697681427002,
    1.8800063133239746,
    1.8999607563018799,
    1.9154926538467407,
    1.8770636320114136,
    1.8912252187728882,
    1.884280800819397,
    1.9159444570541382,
    1.9236658811569214,
    1.9023520946502686,
    1.9078502655029297,
    1.9026238918304443,
    1.9179799556732178,
    1.9053692817687988,
    1.8729708194732666,
    1.9034357070922852,
    1.8963491916656494,
    1.886082649230957,
    1.874434232711792,
    1.892485499382019,
    1.894220232963562,
    1.9024332761764526,
    1.8911436796188354,
    1.8813353776931763,
    1.8764677047729492,
    1.904597520828247
  ],
  "per_episode_costs": [
    0.0,
    0.0,
    0.0,
    0.0,
    0.0,
    0.0,
    0.0,
    0.0,
    0.0,
    0.0,
    0.0,
    0.0,
    0.0,
    0.0,
    0.0,
    0.0,
    0.0,
    0.0,
    0.0,
    0.0,
    0.0,
    0.0,
    0.0,
    0.0,
    0.0,
    0.0,
    0.0,
    0.0,
    0.0,
    0.0,
    0.0,
    0.0,
    0.0,
    0.0,
    0.0,
    0.0,
    0.0,
    0.0,
    0.0,
    0.0,
    0.0,
    0.0,
    0.0,
    0.0,
    0.0,
    0.0,
    0.0,
    0.0,
    0.0,
    0.0,
    0.0,
    0.0,
    0.0,
    0.0,
    0.0,
    0.0,
    0.0,
    0.0,
    0.0,
    0.0,
    0.0,
    0.0,
    0.0,
    0.0,
    0.0,
    0.0,
    0.0,
    0.0,
    0.0,
    0.0,
    0.0,
    0.0,
    0.0,
    0.0,
    0.0,
    0.0,
    0.0,
    0.0,
    0.0,
    0.0,
    0.0,
    0.0,
    0.0,
    0.0,
    0.0,
    0.0,
    0.0,
    0.0,
    0.0,
    0.0,
    0.0,
    0.0,
    0.0,
    0.0,
    0.0,
    0.0,
    0.0,
    0.0,
    0.0,
    0.0
  ]
}