{
  "mean_return": 165.58648303694164,
  "std_return": 59.75642076961049,
  "se_return": 5.97564207696105,
  "mean_length": 176.92,
  "mean_action_smoothness": 4.656667955714511e-05,
  "std_action_smoothness": 5.185087812828139e-06,
  "mean_action_magnitude": 0.0029671631986275316,
  "mean_cost": 0.0,
  "total_cost": 0.0,
  "feasibility_rate": 1.0,
  "policy_entropy": 4.256815433502197,
  "q_value_variance": null,
  "mean_recovery_ratio": 0.8924812677960032,
  "std_recovery_ratio": 0.12630904255057168,
  "n_episodes": 100,
  "per_episode_returns": [
    128.11536199883102,
    154.08803444557222,
    136.62938019749393,
    176.29895310319912,
    163.8169816347587,
    137.32773182001253,
    162.05754525458954,
    150.08169515107076,
    159.39322308833925,
    138.16579603458388,
    232.6611939817675,
    146.36359406590043,
    106.3737216886891,
    131.16896349513047,
    323.4877236219517,
    127.66487563892639,
    361.6414104044341,
    133.78647111583797,
    163.89918512683937,
    272.28289218709784,
    136.4508864321334,
    173.4683971045888,
    210.99445009244803,
    144.09483965080736,
    171.47216000129546,
    160.75245889737025,
    157.98636637093392,
    127.84649788928053,
    134.14318095065002,
    189.6980808322501,
    182.7133545922392,
    115.54087035814788,
    133.83542075003376,
    151.33457142881548,
    131.88691852712103,
    124.79167669722362,
    362.3640248726386,
    152.7796998496313,
    141.63779988307704,
    224.73293337368906,
    115.97183986814355,
    127.81549823027845,
    149.85448265926797,
    131.28973492874664,
    153.16181314884463,
    132.6427838630505,
    133.93967803407276,
    351.47669073836767,
    138.94342344934006,
    121.61758423354858,
    147.93416597919511,
    125.11538004396664,
    181.07050447551606,
    182.44740951915625,
    121.14503483716834,
    184.25326696154895,
    126.644926489626,
    128.04770330530894,
    151.6966835670875,
    117.82255695804325,
    156.52655952413645,
    134.54925480724205,
    178.4844572547578,
    147.3049662257988,
    317.21859106218835,
    130.0721146423386,
    141.30571769395948,
    158.48844522669924,
    147.7837226872722,
    323.13768697426804,
    154.29828448510816,
    160.75653475261143,
    129.2842416115742,
    142.6271734917427,
    134.07702466002192,
    195.84240126933506,
    173.22061049386264,
    102.08747532888738,
    424.57928850636256,
    123.70949275076937,
    117.42016705527821,
    137.53804742129563,
    180.57165339908084,
    139.52654279787203,
    150.19962067617712,
    148.21295906931377,
    150.12042651171652,
    146.48878506010337,
    238.31698754949647,
    120.06501425149047,
    189.4104399214993,
    123.50424193948909,
    126.00680448086223,
    153.30397752771418,
    128.97246606520972,
    182.74976489581894,
    127.837248377862,
    226.54359834209825,
    208.20189138016,
    131.58313962301366
  ],
  "per_episode_smoothness": [
    4.754213659907691e-05,
    4.291339064366184e-05,
    5.056746886111796e-05,
    3.562851998140104e-05,
    4.643629290512763e-05,
    5.148444324731827e-05,
    4.7163921408355236e-05,
    5.135887113283388e-05,
    4.390978574519977e-05,
    4.9392452638130635e-05,
    4.152725887252018e-05,
    5.0109007133869454e-05,
    6.051064337952994e-05,
    4.942750820191577e-05,
    4.235867891111411e-05,
    4.863283902523108e-05,
    5.1693859859369695e-05,
    4.714617534773424e-05,
    4.542557508102618e-05,
    5.084794611320831e-05,
    4.5098520786268637e-05,
    3.9810125599615276e-05,
    3.7813311791978776e-05,
    4.764477489516139e-05,
    4.3563130020629615e-05,
    4.1954597691074014e-05,
    4.846254887524992e-05,
    5.146716284798458e-05,
    4.7479014028795063e-05,
    4.283717862563208e-05,
    4.5077907998347655e-05,
    5.454559141071513e-05,
    5.289406544761732e-05,
    4.8861333198146895e-05,
    4.8392506869276986e-05,
    4.779059599968605e-05,
    4.391584297991358e-05,
    4.880910273641348e-05,
    4.8037301894510165e-05,
    3.19809332722798e-05,
    5.124111703480594e-05,
    5.0760136218741536e-05,
    4.6619006752735004e-05,
    4.8505789891351014e-05,
    4.691477442975156e-05,
    4.72256142529659e-05,
    4.419972901814617e-05,
    4.323533721617423e-05,
    4.353655458544381e-05,
    5.289270120556466e-05,
    4.4984153646510094e-05,
    4.6708468289580196e-05,
    4.049048220622353e-05,
    4.52903586847242e-05,
    5.136812978889793e-05,
    4.4724241888616234e-05,
    4.705029641627334e-05,
    4.495950634009205e-05,
    4.7508685383945704e-05,
    5.227822475717403e-05,
    4.3663527321768925e-05,
    5.358130147214979e-05,
    4.1072336898650974e-05,
    4.172448461758904e-05,
    4.184449426247738e-05,
    4.5226290239952505e-05,
    4.230628110235557e-05,
    4.401544720167294e-05,
    4.374437048682012e-05,
    3.817146716755815e-05,
    4.015187005279586e-05,
    4.4791300751967356e-05,
    5.050694016972557e-05,
    4.8295198212144896e-05,
    4.688226545113139e-05,
    4.201066985842772e-05,
    4.8942267312668264e-05,
    6.0871443565702066e-05,
    6.29099813522771e-05,
    5.2517603762680665e-05,
    5.24195384059567e-05,
    4.97770743095316e-05,
    4.388219167594798e-05,
    4.542876922641881e-05,
    4.908204573439434e-05,
    4.496073961490765e-05,
    4.169018939137459e-05,
    4.3287167500238866e-05,
    3.8609672628808767e-05,
    5.269971734378487e-05,
    4.511095903581008e-05,
    4.892164724878967e-05,
    4.807283403351903e-05,
    4.901986540062353e-05,
    4.558668297249824e-05,
    3.547414962667972e-05,
    5.0048485718434677e-05,
    3.5395285522099584e-05,
    3.929815284209326e-05,
    5.366761615732685e-05
  ],
  "per_episode_costs": [
    0.0,
    0.0,
    0.0,
    0.0,
    0.0,
    0.0,
    0.0,
    0.0,
    0.0,
    0.0,
    0.0,
    0.0,
    0.0,
    0.0,
    0.0,
    0.0,
    0.0,
    0.0,
    0.0,
    0.0,
    0.0,
    0.0,
    0.0,
    0.0,
    0.0,
    0.0,
    0.0,
    0.0,
    0.0,
    0.0,
    0.0,
    0.0,
    0.0,
    0.0,
    0.0,
    0.0,
    0.0,
    0.0,
    0.0,
    0.0,
    0.0,
    0.0,
    0.0,
    0.0,
    0.0,
    0.0,
    0.0,
    0.0,
    0.0,
    0.0,
    0.0,
    0.0,
    0.0,
    0.0,
    0.0,
    0.0,
    0.0,
    0.0,
    0.0,
    0.0,
    0.0,
    0.0,
    0.0,
    0.0,
    0.0,
    0.0,
    0.0,
    0.0,
    0.0,
    0.0,
    0.0,
    0.0,
    0.0,
    0.0,
    0.0,
    0.0,
    0.0,
    0.0,
    0.0,
    0.0,
    0.0,
    0.0,
    0.0,
    0.0,
    0.0,
    0.0,
    0.0,
    0.0,
    0.0,
    0.0,
    0.0,
    0.0,
    0.0,
    0.0,
    0.0,
    0.0,
    0.0,
    0.0,
    0.0,
    0.0
  ]
}