{
  "mean_return": 158.5084230352071,
  "std_return": 57.4587222611517,
  "se_return": 5.74587222611517,
  "mean_length": 169.77,
  "mean_action_smoothness": 4.799571404873859e-05,
  "std_action_smoothness": 6.40689221799611e-06,
  "mean_action_magnitude": 0.0029557156562805176,
  "mean_cost": 0.0,
  "total_cost": 0.0,
  "feasibility_rate": 1.0,
  "policy_entropy": 4.256815433502197,
  "q_value_variance": null,
  "mean_recovery_ratio": 0.8817875356835932,
  "std_recovery_ratio": 0.07477629099870567,
  "n_episodes": 100,
  "per_episode_returns": [
    117.89841429033099,
    205.36299320180498,
    121.32337726737435,
    165.58359824752054,
    173.96335869008024,
    301.10603303488716,
    172.69522306455445,
    126.4528754266106,
    142.85100957967185,
    134.24923038702374,
    158.87012020389037,
    121.85819452957791,
    138.25298343503857,
    132.6303030658193,
    111.45191287464198,
    116.26239970088663,
    145.33086220154067,
    176.985813577861,
    155.21162834676375,
    130.65456732654292,
    121.78107480695631,
    132.75471096144253,
    108.52607647437303,
    135.90688830249368,
    132.57702629368845,
    163.3886382947506,
    293.8236929571086,
    173.8197446786742,
    134.4139122076955,
    301.04303704153637,
    117.72089678384589,
    181.98928629319892,
    148.04177289086772,
    168.06158515690257,
    144.52789325369235,
    134.0284546729169,
    146.4442463393127,
    191.609129273279,
    126.09931214761033,
    122.75838026251641,
    161.3192768510127,
    110.48313958898387,
    126.81683305100748,
    110.78322737930503,
    112.43657627068346,
    126.82022500406532,
    108.74554085238725,
    211.94776768800367,
    146.81110393569313,
    148.3109604240638,
    127.07486272454742,
    136.08429040814744,
    114.3116908220508,
    123.12292620534375,
    101.50379423241046,
    139.7681029437899,
    309.2563724509695,
    268.32492198000205,
    135.74831598317607,
    127.74635657460976,
    397.51362660336156,
    183.82753319281824,
    109.69134634941251,
    183.10954567076175,
    153.9804549021214,
    170.87657998975226,
    149.59481949608096,
    191.9165470967787,
    141.9261107027274,
    158.894662278227,
    146.38271797101507,
    283.11845131830444,
    158.64173678777135,
    132.18121224951923,
    136.07043784063043,
    338.09127066002554,
    382.3688973041218,
    133.6246612995801,
    127.34409182846525,
    138.12036318078285,
    141.81445518700193,
    112.713591190538,
    145.72724682175493,
    128.4231540488111,
    133.2824029752865,
    145.4087778330496,
    118.60276734527386,
    160.45995412628105,
    101.37479971712428,
    158.18532437501165,
    127.76941267696571,
    233.93602553499835,
    151.44680233785735,
    134.57579305750406,
    123.64597996005452,
    180.79109745172926,
    159.60227013317905,
    128.47780280086553,
    142.07537300545334,
    129.52726330417718
  ],
  "per_episode_smoothness": [
    5.076604429632425e-05,
    3.755502984859049e-05,
    5.5402917496394366e-05,
    4.4481705117505044e-05,
    3.6632362025557086e-05,
    4.940308281220496e-05,
    3.822035068878904e-05,
    5.003844853490591e-05,
    5.5362215789500624e-05,
    4.538048597169109e-05,
    4.939578866469674e-05,
    5.143291491549462e-05,
    4.694230665336363e-05,
    4.689301204052754e-05,
    5.528073597815819e-05,
    5.578280979534611e-05,
    4.562614412861876e-05,
    4.6233290049713105e-05,
    4.369503221823834e-05,
    5.143106318428181e-05,
    5.094162042951211e-05,
    4.897285543847829e-05,
    5.514137592399493e-05,
    5.434638660517521e-05,
    5.040582618676126e-05,
    4.785657802131027e-05,
    4.632227137335576e-05,
    4.182010889053345e-05,
    4.9802310968516394e-05,
    4.5914035581517965e-05,
    5.1443705160636455e-05,
    4.410965630086139e-05,
    4.144224658375606e-05,
    4.482944495975971e-05,
    4.263292430550791e-05,
    4.658622128772549e-05,
    5.350069477572106e-05,
    4.0491904655937105e-05,
    5.0124617700930685e-05,
    5.114981104270555e-05,
    3.814695810433477e-05,
    5.5252374295378104e-05,
    5.3587686124956235e-05,
    5.7708290114533156e-05,
    5.645507189910859e-05,
    5.007497748010792e-05,
    5.539594712899998e-05,
    3.519961319398135e-05,
    4.6689754526596516e-05,
    4.002100831712596e-05,
    4.68834514322225e-05,
    5.060697003500536e-05,
    5.1689356041606516e-05,
    5.8269182773074135e-05,
    5.91373500355985e-05,
    4.985301347915083e-05,
    4.5985900214873254e-05,
    3.0224720831029117e-05,
    5.09169403812848e-05,
    5.3254410886438563e-05,
    6.88068030285649e-05,
    4.171585533185862e-05,
    5.66807939321734e-05,
    3.479958832031116e-05,
    4.5391381718218327e-05,
    4.393329072627239e-05,
    4.264197195880115e-05,
    4.4104868720751256e-05,
    5.186831549508497e-05,
    4.9049282097257674e-05,
    5.25345494679641e-05,
    4.703679587692022e-05,
    4.41214106103871e-05,
    4.637586243916303e-05,
    4.803574847755954e-05,
    4.54565706604626e-05,
    5.049748142482713e-05,
    5.309019979904406e-05,
    5.062001582700759e-05,
    4.99877605761867e-05,
    4.320558946346864e-05,
    5.2806324674747884e-05,
    4.3539173930184916e-05,
    5.2970179240219295e-05,
    4.4894786697113886e-05,
    4.595650898409076e-05,
    5.574829992838204e-05,
    4.122487371205352e-05,
    6.0215585108380765e-05,
    3.841332727461122e-05,
    5.7434557675151154e-05,
    3.0179970053723082e-05,
    4.6490113163599744e-05,
    4.617733065970242e-05,
    4.8980095016304404e-05,
    4.044697561766952e-05,
    4.3269628804409876e-05,
    4.601807813742198e-05,
    4.622388587449677e-05,
    4.94842606713064e-05
  ],
  "per_episode_costs": [
    0.0,
    0.0,
    0.0,
    0.0,
    0.0,
    0.0,
    0.0,
    0.0,
    0.0,
    0.0,
    0.0,
    0.0,
    0.0,
    0.0,
    0.0,
    0.0,
    0.0,
    0.0,
    0.0,
    0.0,
    0.0,
    0.0,
    0.0,
    0.0,
    0.0,
    0.0,
    0.0,
    0.0,
    0.0,
    0.0,
    0.0,
    0.0,
    0.0,
    0.0,
    0.0,
    0.0,
    0.0,
    0.0,
    0.0,
    0.0,
    0.0,
    0.0,
    0.0,
    0.0,
    0.0,
    0.0,
    0.0,
    0.0,
    0.0,
    0.0,
    0.0,
    0.0,
    0.0,
    0.0,
    0.0,
    0.0,
    0.0,
    0.0,
    0.0,
    0.0,
    0.0,
    0.0,
    0.0,
    0.0,
    0.0,
    0.0,
    0.0,
    0.0,
    0.0,
    0.0,
    0.0,
    0.0,
    0.0,
    0.0,
    0.0,
    0.0,
    0.0,
    0.0,
    0.0,
    0.0,
    0.0,
    0.0,
    0.0,
    0.0,
    0.0,
    0.0,
    0.0,
    0.0,
    0.0,
    0.0,
    0.0,
    0.0,
    0.0,
    0.0,
    0.0,
    0.0,
    0.0,
    0.0,
    0.0,
    0.0
  ]
}