{
  "mean_return": 6271.307232742842,
  "std_return": 64.83799463984002,
  "se_return": 6.483799463984002,
  "mean_length": 1000.0,
  "mean_action_smoothness": 2.813700656890869,
  "std_action_smoothness": 0.015463050425270408,
  "mean_action_magnitude": 2.132366330623627,
  "mean_cost": 0.0,
  "total_cost": 0.0,
  "feasibility_rate": 1.0,
  "policy_entropy": null,
  "q_value_variance": 2.083766222000122,
  "mean_recovery_ratio": 2.3046644489056898,
  "std_recovery_ratio": 0.2343708768924976,
  "n_episodes": 100,
  "per_episode_returns": [
    6289.171784260485,
    6357.2320536785055,
    6233.747255001154,
    6330.542553631754,
    6297.296201933014,
    6176.035840549703,
    6290.168733248807,
    6313.081765293032,
    6252.101847835759,
    6249.342144950546,
    6327.076909546081,
    6175.0774642679735,
    6313.71665428688,
    6444.909400260804,
    6226.230680508417,
    6131.933868936699,
    6412.213454006675,
    6388.590935481214,
    6362.257615827094,
    6327.744629133749,
    6225.170134445329,
    6166.096620651386,
    6237.566097819217,
    6313.778268665308,
    6229.611768315639,
    6183.765654742696,
    6180.054453366933,
    6200.80448267503,
    6221.563937098487,
    6266.653253246391,
    6204.191091885866,
    6305.129444741432,
    6316.774009674263,
    6244.242459516474,
    6261.010374030871,
    6300.526951643846,
    6242.959261717749,
    6278.813707593584,
    6226.8738496903015,
    6348.037894968562,
    6332.186952740467,
    6287.251078832861,
    6200.429017349746,
    6272.120519046922,
    6250.471577191051,
    6302.478634472111,
    6197.721635781014,
    6389.704287685751,
    6340.813009697993,
    6302.761426127224,
    6251.046294915144,
    6213.98715089508,
    6327.476780939818,
    6250.711591286867,
    6262.909944068279,
    6275.132990303569,
    6187.6556139113045,
    6235.487100120036,
    6296.342006143542,
    6284.295307355911,
    6328.9365339174465,
    6128.366112122677,
    6268.525751301529,
    6292.232232453465,
    6341.012475664762,
    6126.642926696416,
    6243.004569534233,
    6261.435568142481,
    6198.740594774115,
    6324.808983698809,
    6387.258029118157,
    6238.941388840429,
    6301.210089525259,
    6321.975629753367,
    6121.293724440609,
    6286.738616550301,
    6269.4296454676,
    6245.4186867980125,
    6351.28790570798,
    6335.366515418259,
    6245.350889045477,
    6352.2396467904955,
    6307.857738035896,
    6252.844920511885,
    6153.743234791991,
    6208.6639727944175,
    6290.289283557443,
    6288.926299702676,
    6241.712731605381,
    6172.68475334378,
    6317.584276004747,
    6338.269328609579,
    6247.4373717524595,
    6385.810280526033,
    6297.135851435253,
    6259.795062813971,
    6234.89089379482,
    6292.475303368557,
    6299.915242714004,
    6257.391785166986
  ],
  "per_episode_smoothness": [
    2.7999165058135986,
    2.8442788124084473,
    2.8046724796295166,
    2.8292481899261475,
    2.830326795578003,
    2.8064968585968018,
    2.8190441131591797,
    2.8227694034576416,
    2.809859037399292,
    2.7889907360076904,
    2.846341371536255,
    2.8123884201049805,
    2.8075389862060547,
    2.8089218139648438,
    2.797056198120117,
    2.775864839553833,
    2.8326830863952637,
    2.8347866535186768,
    2.7949166297912598,
    2.830183982849121,
    2.8148417472839355,
    2.816218137741089,
    2.8150620460510254,
    2.8043153285980225,
    2.7849817276000977,
    2.8121562004089355,
    2.8148772716522217,
    2.8032524585723877,
    2.8181099891662598,
    2.8088691234588623,
    2.8122830390930176,
    2.8197102546691895,
    2.811237096786499,
    2.793846845626831,
    2.8179514408111572,
    2.8301992416381836,
    2.7951340675354004,
    2.8252477645874023,
    2.811009407043457,
    2.813180923461914,
    2.825739860534668,
    2.82500958442688,
    2.8124425411224365,
    2.8220374584198,
    2.8030388355255127,
    2.8236498832702637,
    2.8204801082611084,
    2.8274495601654053,
    2.8156065940856934,
    2.7903897762298584,
    2.7906181812286377,
    2.82292103767395,
    2.8121135234832764,
    2.8154242038726807,
    2.81789493560791,
    2.794208288192749,
    2.809601306915283,
    2.7806668281555176,
    2.8394272327423096,
    2.79364013671875,
    2.8135159015655518,
    2.7868502140045166,
    2.825460433959961,
    2.8170113563537598,
    2.823392629623413,
    2.7799158096313477,
    2.807201623916626,
    2.8057708740234375,
    2.8230395317077637,
    2.8365235328674316,
    2.8170411586761475,
    2.8482353687286377,
    2.8224236965179443,
    2.817699432373047,
    2.8114354610443115,
    2.794083595275879,
    2.8315927982330322,
    2.8246259689331055,
    2.7946207523345947,
    2.828339099884033,
    2.809194564819336,
    2.831023931503296,
    2.8378090858459473,
    2.7947940826416016,
    2.809208631515503,
    2.8151726722717285,
    2.8329226970672607,
    2.835933208465576,
    2.781163454055786,
    2.8105859756469727,
    2.8354551792144775,
    2.813767194747925,
    2.823174238204956,
    2.820223569869995,
    2.818585157394409,
    2.7959771156311035,
    2.816392183303833,
    2.8227145671844482,
    2.7931008338928223,
    2.8029592037200928
  ],
  "per_episode_costs": [
    0.0,
    0.0,
    0.0,
    0.0,
    0.0,
    0.0,
    0.0,
    0.0,
    0.0,
    0.0,
    0.0,
    0.0,
    0.0,
    0.0,
    0.0,
    0.0,
    0.0,
    0.0,
    0.0,
    0.0,
    0.0,
    0.0,
    0.0,
    0.0,
    0.0,
    0.0,
    0.0,
    0.0,
    0.0,
    0.0,
    0.0,
    0.0,
    0.0,
    0.0,
    0.0,
    0.0,
    0.0,
    0.0,
    0.0,
    0.0,
    0.0,
    0.0,
    0.0,
    0.0,
    0.0,
    0.0,
    0.0,
    0.0,
    0.0,
    0.0,
    0.0,
    0.0,
    0.0,
    0.0,
    0.0,
    0.0,
    0.0,
    0.0,
    0.0,
    0.0,
    0.0,
    0.0,
    0.0,
    0.0,
    0.0,
    0.0,
    0.0,
    0.0,
    0.0,
    0.0,
    0.0,
    0.0,
    0.0,
    0.0,
    0.0,
    0.0,
    0.0,
    0.0,
    0.0,
    0.0,
    0.0,
    0.0,
    0.0,
    0.0,
    0.0,
    0.0,
    0.0,
    0.0,
    0.0,
    0.0,
    0.0,
    0.0,
    0.0,
    0.0,
    0.0,
    0.0,
    0.0,
    0.0,
    0.0,
    0.0
  ]
}