{
  "mean_return": 6258.780301612726,
  "std_return": 67.78304540088817,
  "se_return": 6.778304540088817,
  "mean_length": 1000.0,
  "mean_action_smoothness": 2.812665424346924,
  "std_action_smoothness": 0.014882124055106376,
  "mean_action_magnitude": 2.1322994732856753,
  "mean_cost": 0.0,
  "total_cost": 0.0,
  "feasibility_rate": 1.0,
  "policy_entropy": null,
  "q_value_variance": 1.8162049055099487,
  "mean_recovery_ratio": 2.1540325788475485,
  "std_recovery_ratio": 0.1566725017849223,
  "n_episodes": 100,
  "per_episode_returns": [
    6326.772194323138,
    6150.002343856896,
    6325.25465027361,
    6392.0684132421375,
    6280.341683230511,
    6225.829970081139,
    6312.4806333353035,
    6273.487031325205,
    6233.78288325498,
    6283.034707126664,
    6272.444216182398,
    6141.255664026468,
    6301.029808511631,
    6118.19876470567,
    6189.696820396982,
    6255.551225896711,
    6188.290500702814,
    6296.909939229009,
    6399.423527660405,
    6237.475235350852,
    6162.171806881312,
    6237.299713877488,
    6220.7244412227865,
    6347.550437781046,
    6281.939422058317,
    6269.696242445606,
    6171.498584640216,
    6310.789659656371,
    6340.7948569556365,
    6287.068603166914,
    6211.1688186431,
    6203.535435959608,
    6275.6940351299545,
    6242.38826595215,
    6332.742569407276,
    6330.378527000348,
    6198.09123101381,
    6226.579288198632,
    6262.8609592224775,
    6128.862207226615,
    6248.3686680195715,
    6176.25313731917,
    6413.067455951185,
    6295.373384711664,
    6297.227631516728,
    6282.3265902817575,
    6198.036384828997,
    6164.087617587988,
    6342.194559047439,
    6264.807581915168,
    6419.678508831919,
    6252.6919418888865,
    6211.929532211307,
    6295.876984644113,
    6207.180442187862,
    6296.873216295389,
    6261.388911411414,
    6182.121355696763,
    6269.801386467366,
    6270.740074325866,
    6325.500512242336,
    6260.586007322866,
    6215.374292794612,
    6108.88180827509,
    6281.572738141601,
    6247.321772136587,
    6244.121719298946,
    6197.440101758593,
    6276.63145396752,
    6188.024638077196,
    6302.0263186168695,
    6282.0733181806145,
    6381.885950410796,
    6201.700542012546,
    6211.164003191922,
    6267.279166353088,
    6311.076439011477,
    6408.42758720905,
    6380.476662100864,
    6210.339783263497,
    6236.971189083003,
    6210.839865448292,
    6318.96514624069,
    6143.294255961036,
    6295.407384239779,
    6135.757532327524,
    6322.787372319125,
    6183.871642914717,
    6269.58959647094,
    6175.906167852449,
    6340.1041165496445,
    6289.335666289919,
    6285.035700507321,
    6305.430502998244,
    6257.630649198307,
    6204.402093708752,
    6209.138735831932,
    6322.718160734238,
    6256.195696265369,
    6217.553187672461
  ],
  "per_episode_smoothness": [
    2.8110034465789795,
    2.8025448322296143,
    2.8050642013549805,
    2.796968460083008,
    2.84432315826416,
    2.833871364593506,
    2.81638240814209,
    2.7813727855682373,
    2.7969048023223877,
    2.825740337371826,
    2.7982566356658936,
    2.8093647956848145,
    2.7797305583953857,
    2.770690679550171,
    2.8315765857696533,
    2.822516441345215,
    2.8204073905944824,
    2.820415496826172,
    2.8060481548309326,
    2.801081418991089,
    2.828730583190918,
    2.808293581008911,
    2.830885171890259,
    2.836334466934204,
    2.8306827545166016,
    2.8146934509277344,
    2.804185152053833,
    2.793623208999634,
    2.7949063777923584,
    2.831758975982666,
    2.800524950027466,
    2.8220102787017822,
    2.8056271076202393,
    2.805877685546875,
    2.8306820392608643,
    2.8352720737457275,
    2.8024654388427734,
    2.8121285438537598,
    2.7966291904449463,
    2.8038156032562256,
    2.82130765914917,
    2.8111631870269775,
    2.8215487003326416,
    2.7913458347320557,
    2.8245086669921875,
    2.8065505027770996,
    2.8268980979919434,
    2.825349807739258,
    2.8194057941436768,
    2.8191027641296387,
    2.825415849685669,
    2.798707962036133,
    2.8037290573120117,
    2.813093662261963,
    2.7874979972839355,
    2.8368277549743652,
    2.8171608448028564,
    2.810081958770752,
    2.8244030475616455,
    2.8147380352020264,
    2.795051336288452,
    2.81455397605896,
    2.8206632137298584,
    2.8120992183685303,
    2.806015729904175,
    2.8016152381896973,
    2.82080078125,
    2.8134593963623047,
    2.813375949859619,
    2.8206732273101807,
    2.8226351737976074,
    2.7889187335968018,
    2.819795608520508,
    2.80499005317688,
    2.7993814945220947,
    2.8075854778289795,
    2.798588991165161,
    2.8222289085388184,
    2.8258776664733887,
    2.808067560195923,
    2.8224499225616455,
    2.823316812515259,
    2.8234541416168213,
    2.841576099395752,
    2.814903736114502,
    2.7988243103027344,
    2.8176896572113037,
    2.826254367828369,
    2.814107656478882,
    2.805251121520996,
    2.823772430419922,
    2.7773544788360596,
    2.804130792617798,
    2.817016839981079,
    2.8247549533843994,
    2.807936906814575,
    2.8225631713867188,
    2.8409788608551025,
    2.8070521354675293,
    2.7745485305786133
  ],
  "per_episode_costs": [
    0.0,
    0.0,
    0.0,
    0.0,
    0.0,
    0.0,
    0.0,
    0.0,
    0.0,
    0.0,
    0.0,
    0.0,
    0.0,
    0.0,
    0.0,
    0.0,
    0.0,
    0.0,
    0.0,
    0.0,
    0.0,
    0.0,
    0.0,
    0.0,
    0.0,
    0.0,
    0.0,
    0.0,
    0.0,
    0.0,
    0.0,
    0.0,
    0.0,
    0.0,
    0.0,
    0.0,
    0.0,
    0.0,
    0.0,
    0.0,
    0.0,
    0.0,
    0.0,
    0.0,
    0.0,
    0.0,
    0.0,
    0.0,
    0.0,
    0.0,
    0.0,
    0.0,
    0.0,
    0.0,
    0.0,
    0.0,
    0.0,
    0.0,
    0.0,
    0.0,
    0.0,
    0.0,
    0.0,
    0.0,
    0.0,
    0.0,
    0.0,
    0.0,
    0.0,
    0.0,
    0.0,
    0.0,
    0.0,
    0.0,
    0.0,
    0.0,
    0.0,
    0.0,
    0.0,
    0.0,
    0.0,
    0.0,
    0.0,
    0.0,
    0.0,
    0.0,
    0.0,
    0.0,
    0.0,
    0.0,
    0.0,
    0.0,
    0.0,
    0.0,
    0.0,
    0.0,
    0.0,
    0.0,
    0.0,
    0.0
  ]
}