{
  "mean_return": 3386.371279216193,
  "std_return": 2.6958569829759416,
  "se_return": 0.26958569829759416,
  "mean_length": 1000.0,
  "mean_action_smoothness": 0.16750449046492577,
  "std_action_smoothness": 0.0012791809295099451,
  "mean_action_magnitude": 0.871529107093811,
  "mean_cost": 0.0,
  "total_cost": 0.0,
  "feasibility_rate": 1.0,
  "policy_entropy": 2.516669750213623,
  "q_value_variance": null,
  "mean_recovery_ratio": 2.052755051594108,
  "std_recovery_ratio": 0.011991364599595152,
  "n_episodes": 100,
  "per_episode_returns": [
    3385.1107320360697,
    3383.8714254254132,
    3388.6432295535733,
    3390.0718993298906,
    3390.275271466587,
    3386.266356114469,
    3387.086568843029,
    3390.1380221394693,
    3385.7969394469746,
    3388.54143660406,
    3384.7584627939696,
    3387.941746226504,
    3384.4935569842637,
    3388.047583316475,
    3384.83089082305,
    3391.8457042734417,
    3385.1942315256565,
    3383.5774668294375,
    3388.9247275258695,
    3384.5169887922266,
    3387.991913903579,
    3386.2232029278166,
    3383.4778795616953,
    3389.08717245205,
    3385.3685758053366,
    3384.215109885531,
    3385.082002762416,
    3385.070453572865,
    3386.9466296260243,
    3387.421265594629,
    3384.1615166929987,
    3387.583714416111,
    3390.790985062698,
    3383.940974209916,
    3383.7390426042703,
    3385.044225924403,
    3384.700734772024,
    3386.9179737219715,
    3385.932882235907,
    3385.595083171653,
    3384.5849181853096,
    3386.896746414107,
    3386.2224879608457,
    3386.8652815597807,
    3388.316606122549,
    3388.7724716279317,
    3387.073182505476,
    3387.2258176652563,
    3383.374838250252,
    3382.939052819152,
    3389.6954180153048,
    3389.383085034668,
    3385.5965723882814,
    3385.9311177979066,
    3381.101412874772,
    3384.581464240301,
    3384.0088974579357,
    3386.9047016712493,
    3384.233126423103,
    3393.1788548769623,
    3388.4593152439775,
    3385.796286874981,
    3387.2957954266717,
    3384.2141504453693,
    3383.438226241965,
    3388.481899824959,
    3386.812077047356,
    3385.569275060487,
    3381.5225583756874,
    3385.9305285306527,
    3386.890390678575,
    3381.504506336063,
    3384.3209928852907,
    3386.402966527685,
    3386.5253638237564,
    3388.8483804100324,
    3387.561269080263,
    3384.611599053319,
    3385.5088040227515,
    3385.805407596445,
    3391.658292077963,
    3382.6249462631376,
    3385.910428513373,
    3385.6836907355832,
    3384.88732053146,
    3390.3194491962554,
    3386.6309219942973,
    3382.9356531289036,
    3385.6851482513594,
    3388.198370652408,
    3387.042604964995,
    3398.077680728618,
    3389.659244807315,
    3383.348334528114,
    3380.6868116158503,
    3385.470446667062,
    3390.184556226604,
    3385.276828890792,
    3382.994529857142,
    3388.2422356564325
  ],
  "per_episode_smoothness": [
    0.1668054461479187,
    0.16770604252815247,
    0.16622813045978546,
    0.16680602729320526,
    0.16903531551361084,
    0.169451043009758,
    0.16944923996925354,
    0.1668882817029953,
    0.16661663353443146,
    0.16726619005203247,
    0.16692283749580383,
    0.1675586998462677,
    0.16541804373264313,
    0.16637389361858368,
    0.16639725863933563,
    0.16913457214832306,
    0.16500531136989594,
    0.16666318476200104,
    0.16911518573760986,
    0.16856923699378967,
    0.16770590841770172,
    0.16825300455093384,
    0.16979219019412994,
    0.16757450997829437,
    0.16798551380634308,
    0.1679411083459854,
    0.16661718487739563,
    0.16645649075508118,
    0.1664794683456421,
    0.16831843554973602,
    0.16683734953403473,
    0.16741682589054108,
    0.16714540123939514,
    0.1653892993927002,
    0.16849972307682037,
    0.16920164227485657,
    0.16588936746120453,
    0.16715039312839508,
    0.1692969799041748,
    0.16759023070335388,
    0.16736049950122833,
    0.16756772994995117,
    0.1697225719690323,
    0.16609713435173035,
    0.1682712435722351,
    0.16712574660778046,
    0.1696173995733261,
    0.17016124725341797,
    0.16872389614582062,
    0.166427344083786,
    0.16959959268569946,
    0.16976794600486755,
    0.16679270565509796,
    0.16936294734477997,
    0.166858971118927,
    0.16598688066005707,
    0.16727522015571594,
    0.16885268688201904,
    0.1668880134820938,
    0.16829603910446167,
    0.165279358625412,
    0.16953711211681366,
    0.16941529512405396,
    0.16890837252140045,
    0.16799762845039368,
    0.16516907513141632,
    0.16896620392799377,
    0.16575206816196442,
    0.16739444434642792,
    0.16556864976882935,
    0.1672576516866684,
    0.16550123691558838,
    0.16748876869678497,
    0.16758403182029724,
    0.16713176667690277,
    0.16551464796066284,
    0.1675921529531479,
    0.16551445424556732,
    0.1674119383096695,
    0.16686242818832397,
    0.1684183031320572,
    0.1667841523885727,
    0.16750772297382355,
    0.16621920466423035,
    0.1659056544303894,
    0.16726712882518768,
    0.16663137078285217,
    0.16709476709365845,
    0.16903720796108246,
    0.1676158607006073,
    0.16731737554073334,
    0.168599471449852,
    0.16899025440216064,
    0.1672668159008026,
    0.1680537909269333,
    0.16935352981090546,
    0.1673515886068344,
    0.1666334718465805,
    0.16753776371479034,
    0.1653089076280594
  ],
  "per_episode_costs": [
    0.0,
    0.0,
    0.0,
    0.0,
    0.0,
    0.0,
    0.0,
    0.0,
    0.0,
    0.0,
    0.0,
    0.0,
    0.0,
    0.0,
    0.0,
    0.0,
    0.0,
    0.0,
    0.0,
    0.0,
    0.0,
    0.0,
    0.0,
    0.0,
    0.0,
    0.0,
    0.0,
    0.0,
    0.0,
    0.0,
    0.0,
    0.0,
    0.0,
    0.0,
    0.0,
    0.0,
    0.0,
    0.0,
    0.0,
    0.0,
    0.0,
    0.0,
    0.0,
    0.0,
    0.0,
    0.0,
    0.0,
    0.0,
    0.0,
    0.0,
    0.0,
    0.0,
    0.0,
    0.0,
    0.0,
    0.0,
    0.0,
    0.0,
    0.0,
    0.0,
    0.0,
    0.0,
    0.0,
    0.0,
    0.0,
    0.0,
    0.0,
    0.0,
    0.0,
    0.0,
    0.0,
    0.0,
    0.0,
    0.0,
    0.0,
    0.0,
    0.0,
    0.0,
    0.0,
    0.0,
    0.0,
    0.0,
    0.0,
    0.0,
    0.0,
    0.0,
    0.0,
    0.0,
    0.0,
    0.0,
    0.0,
    0.0,
    0.0,
    0.0,
    0.0,
    0.0,
    0.0,
    0.0,
    0.0,
    0.0
  ]
}