{
  "mean_return": 3386.056868750766,
  "std_return": 2.6069800722775356,
  "se_return": 0.26069800722775355,
  "mean_length": 1000.0,
  "mean_action_smoothness": 0.1674727687239647,
  "std_action_smoothness": 0.0010583729122864102,
  "mean_action_magnitude": 0.8715270084142684,
  "mean_cost": 0.0,
  "total_cost": 0.0,
  "feasibility_rate": 1.0,
  "policy_entropy": 2.516669750213623,
  "q_value_variance": null,
  "mean_recovery_ratio": 2.0511850587406877,
  "std_recovery_ratio": 0.013051086030543302,
  "n_episodes": 100,
  "per_episode_returns": [
    3384.00601260989,
    3391.009973454389,
    3385.943350899344,
    3389.242323365109,
    3384.6521548168066,
    3385.1816321010824,
    3384.1510784972907,
    3386.314649394731,
    3385.5841691915316,
    3384.052739798827,
    3383.8839817968305,
    3389.002502404057,
    3385.5102081198534,
    3385.9830279210405,
    3381.4013446932518,
    3385.2621787122634,
    3384.875576167406,
    3383.3522601505456,
    3383.9348942015286,
    3391.4183640033243,
    3385.6617537924662,
    3384.4877972875397,
    3384.779664515864,
    3388.757689463245,
    3386.6733892835614,
    3395.127777658571,
    3384.9205380472426,
    3386.6770023079966,
    3385.8438587106284,
    3388.4079106866197,
    3386.1016784975527,
    3384.4284078409983,
    3382.961699160865,
    3385.083912592949,
    3384.3495790326538,
    3387.003649894814,
    3389.672375558024,
    3391.4331620221624,
    3384.680509713581,
    3387.3457315398114,
    3384.5195568150803,
    3386.7185616734364,
    3385.740518585885,
    3385.152255374087,
    3384.9225717732415,
    3386.540231225922,
    3386.763985389414,
    3387.413894084332,
    3389.1410647349144,
    3382.539229684926,
    3384.688970210928,
    3383.498611664698,
    3383.0103823795416,
    3389.275825514212,
    3381.943760444114,
    3384.150856510155,
    3386.7124366669873,
    3387.5372424534658,
    3386.2430296373473,
    3385.9942286034343,
    3392.7996050717347,
    3385.380916888991,
    3385.926904706543,
    3388.027408701724,
    3382.2961047686254,
    3388.0239380450716,
    3382.648944043806,
    3384.7072409968287,
    3388.8317772022997,
    3383.818671979235,
    3392.694657068752,
    3383.1284211615907,
    3383.4811012796804,
    3387.001868147096,
    3385.5009218016303,
    3381.432219062769,
    3385.491474809781,
    3383.413701590702,
    3385.951943029987,
    3382.160220345078,
    3383.655841658997,
    3385.748869640203,
    3387.8265022938845,
    3385.9321074599834,
    3385.574322787492,
    3386.3300331121036,
    3382.109366767056,
    3389.461180723415,
    3386.3594935120796,
    3387.0929759455053,
    3389.349374617102,
    3386.03021887659,
    3386.24528276049,
    3386.393295696905,
    3382.8781798304653,
    3388.2492304665557,
    3385.818102936675,
    3385.6900049943506,
    3388.0816730767006,
    3392.475053885738
  ],
  "per_episode_smoothness": [
    0.16727332770824432,
    0.16690205037593842,
    0.16832755506038666,
    0.16884583234786987,
    0.1685800552368164,
    0.166731059551239,
    0.1666460484266281,
    0.1670718789100647,
    0.16663384437561035,
    0.16779206693172455,
    0.1684679090976715,
    0.1674136519432068,
    0.1674693524837494,
    0.16890199482440948,
    0.16738662123680115,
    0.1649729162454605,
    0.16907043755054474,
    0.16629408299922943,
    0.16864515841007233,
    0.16876578330993652,
    0.16588875651359558,
    0.16962650418281555,
    0.16707436740398407,
    0.1660662740468979,
    0.17011310160160065,
    0.16703301668167114,
    0.16935697197914124,
    0.16719301044940948,
    0.16652874648571014,
    0.16593807935714722,
    0.1658853441476822,
    0.16726650297641754,
    0.16804765164852142,
    0.16678427159786224,
    0.16663746535778046,
    0.16815418004989624,
    0.16567391157150269,
    0.1681821644306183,
    0.16838940978050232,
    0.16674067080020905,
    0.16637113690376282,
    0.16785027086734772,
    0.16559463739395142,
    0.16774852573871613,
    0.1650259643793106,
    0.1672532707452774,
    0.16650830209255219,
    0.1690421849489212,
    0.16694849729537964,
    0.1671929806470871,
    0.16769017279148102,
    0.16706307232379913,
    0.16745565831661224,
    0.16622662544250488,
    0.16800247132778168,
    0.16556519269943237,
    0.16772128641605377,
    0.16823938488960266,
    0.167312353849411,
    0.16793124377727509,
    0.16795313358306885,
    0.16870734095573425,
    0.16784916818141937,
    0.16653548181056976,
    0.1668478548526764,
    0.1681455373764038,
    0.16715402901172638,
    0.16847547888755798,
    0.16665390133857727,
    0.1681877225637436,
    0.16623768210411072,
    0.16700753569602966,
    0.16740010678768158,
    0.16989263892173767,
    0.16831977665424347,
    0.16824579238891602,
    0.1675727218389511,
    0.16791874170303345,
    0.1664600521326065,
    0.16752280294895172,
    0.16828687489032745,
    0.16785208880901337,
    0.16694171726703644,
    0.16820301115512848,
    0.16688279807567596,
    0.16793617606163025,
    0.1670984923839569,
    0.16603051126003265,
    0.16828390955924988,
    0.1679229885339737,
    0.16529662907123566,
    0.16882161796092987,
    0.167014017701149,
    0.16808022558689117,
    0.16793154180049896,
    0.1684814989566803,
    0.16841304302215576,
    0.16637545824050903,
    0.16754303872585297,
    0.16927847266197205
  ],
  "per_episode_costs": [
    0.0,
    0.0,
    0.0,
    0.0,
    0.0,
    0.0,
    0.0,
    0.0,
    0.0,
    0.0,
    0.0,
    0.0,
    0.0,
    0.0,
    0.0,
    0.0,
    0.0,
    0.0,
    0.0,
    0.0,
    0.0,
    0.0,
    0.0,
    0.0,
    0.0,
    0.0,
    0.0,
    0.0,
    0.0,
    0.0,
    0.0,
    0.0,
    0.0,
    0.0,
    0.0,
    0.0,
    0.0,
    0.0,
    0.0,
    0.0,
    0.0,
    0.0,
    0.0,
    0.0,
    0.0,
    0.0,
    0.0,
    0.0,
    0.0,
    0.0,
    0.0,
    0.0,
    0.0,
    0.0,
    0.0,
    0.0,
    0.0,
    0.0,
    0.0,
    0.0,
    0.0,
    0.0,
    0.0,
    0.0,
    0.0,
    0.0,
    0.0,
    0.0,
    0.0,
    0.0,
    0.0,
    0.0,
    0.0,
    0.0,
    0.0,
    0.0,
    0.0,
    0.0,
    0.0,
    0.0,
    0.0,
    0.0,
    0.0,
    0.0,
    0.0,
    0.0,
    0.0,
    0.0,
    0.0,
    0.0,
    0.0,
    0.0,
    0.0,
    0.0,
    0.0,
    0.0,
    0.0,
    0.0,
    0.0,
    0.0
  ]
}