{
  "mean_return": 1880.1388738210603,
  "std_return": 630.0120109058553,
  "se_return": 63.001201090585525,
  "mean_length": 566.28,
  "mean_action_smoothness": 0.49291262596845625,
  "std_action_smoothness": 0.031024031570237542,
  "mean_action_magnitude": 0.8160523664951325,
  "mean_cost": 0.0,
  "total_cost": 0.0,
  "feasibility_rate": 1.0,
  "policy_entropy": null,
  "q_value_variance": 1.4607752561569214,
  "mean_recovery_ratio": 1.9926964910143714,
  "std_recovery_ratio": 0.042365015744140866,
  "n_episodes": 100,
  "per_episode_returns": [
    2804.2319591485107,
    1270.9550294232486,
    3331.5462342006,
    1286.4935555503043,
    1516.7286928419705,
    1537.680844817373,
    1185.0350353307808,
    1458.7824591057838,
    1858.9828189936263,
    2548.5361705055593,
    2143.2296728159486,
    3195.800409368633,
    1423.900275331607,
    1519.152158033029,
    2134.278468493247,
    1371.0556795520927,
    1250.39453871504,
    2268.610262771463,
    2282.9552496071083,
    2011.4137112484084,
    1334.0152374591105,
    1476.528170549998,
    1541.9407006578297,
    1581.7703041305895,
    1141.3779673973443,
    3017.0034287495823,
    1364.0214966439382,
    1609.9162026374995,
    1866.3811618987477,
    1412.397023531786,
    1335.2933520281417,
    2457.0713912683354,
    3247.276889922402,
    2457.8816955531574,
    1234.2978874281982,
    1521.2065809655426,
    2299.7577983328547,
    1695.357491151061,
    2833.918826727788,
    1698.898159388733,
    2056.846372872088,
    1246.0218754580671,
    2249.1947043969303,
    1212.84067306108,
    1520.8862792991736,
    1578.6359510594737,
    2590.725069929181,
    3240.0279708649946,
    1541.1068474771714,
    2278.3417241866123,
    2489.223209351006,
    2190.354226101402,
    1168.0736063102909,
    1310.811042811529,
    1324.8004599544897,
    1167.2714893211005,
    1514.285497057577,
    2356.4141879666377,
    1593.2449000443728,
    3272.887703314471,
    1921.5447050828802,
    1329.0366338302517,
    2364.227398431152,
    1306.2757195457755,
    1556.1875713145582,
    1587.6484247658343,
    1448.2425702465428,
    2010.4423424346073,
    2995.6843350785693,
    1255.694510009789,
    1409.149776048515,
    1123.2118152777136,
    1274.0085075694692,
    2013.8214473954708,
    1325.6321827170232,
    1330.0230078843608,
    2680.8083338029983,
    1041.3355490184667,
    2805.169988774379,
    1608.2604847520445,
    1892.2252481552277,
    1352.027060001199,
    2625.0237498746455,
    1813.1619984094002,
    1831.1495834390105,
    1860.676743280479,
    1285.7833082836755,
    2798.817655998624,
    1601.319308358307,
    1567.3484928608184,
    3321.4326028593096,
    1099.1582048632126,
    3062.5584868043784,
    2084.703658775356,
    1351.8687464891027,
    1612.8064541697179,
    1602.5712116780362,
    3049.513535876067,
    2520.3736174249093,
    1866.8936274095186
  ],
  "per_episode_smoothness": [
    0.4499487578868866,
    0.5087755918502808,
    0.44697847962379456,
    0.534751832485199,
    0.4921353757381439,
    0.4957921504974365,
    0.5310912728309631,
    0.5239047408103943,
    0.49328553676605225,
    0.4671522378921509,
    0.48689037561416626,
    0.44314175844192505,
    0.5270968079566956,
    0.492378294467926,
    0.4992533028125763,
    0.5328513383865356,
    0.49084874987602234,
    0.43892261385917664,
    0.4645236134529114,
    0.4707759916782379,
    0.5294848680496216,
    0.5050573348999023,
    0.5098063349723816,
    0.5161399245262146,
    0.521567165851593,
    0.4517068564891815,
    0.49054867029190063,
    0.5040249824523926,
    0.4832189977169037,
    0.5250264406204224,
    0.5355274081230164,
    0.47722476720809937,
    0.44642341136932373,
    0.48020032048225403,
    0.5410228967666626,
    0.4684241712093353,
    0.4607216417789459,
    0.4863702356815338,
    0.46563297510147095,
    0.5113586187362671,
    0.4728751480579376,
    0.5436465740203857,
    0.49232545495033264,
    0.534303605556488,
    0.49696797132492065,
    0.5075356960296631,
    0.4526759386062622,
    0.43873560428619385,
    0.49231159687042236,
    0.4337579011917114,
    0.47448256611824036,
    0.4947131276130676,
    0.5361648201942444,
    0.5126846432685852,
    0.5468201041221619,
    0.48079368472099304,
    0.47368761897087097,
    0.4630737602710724,
    0.5022317171096802,
    0.43708476424217224,
    0.4915820360183716,
    0.5313810110092163,
    0.4641091525554657,
    0.5522274971008301,
    0.4864814281463623,
    0.4917117953300476,
    0.5342029929161072,
    0.4668174982070923,
    0.4462111294269562,
    0.5099475383758545,
    0.5286340713500977,
    0.5499383211135864,
    0.5057644844055176,
    0.4665684401988983,
    0.5558939576148987,
    0.5321075320243835,
    0.46465906500816345,
    0.4884174168109894,
    0.45501580834388733,
    0.517524778842926,
    0.4859902858734131,
    0.524667501449585,
    0.4637022912502289,
    0.4874028265476227,
    0.47782835364341736,
    0.505943775177002,
    0.5243632793426514,
    0.46385854482650757,
    0.5007842779159546,
    0.4786538779735565,
    0.44936656951904297,
    0.5200024843215942,
    0.4605318009853363,
    0.4801473915576935,
    0.5303792357444763,
    0.5252990126609802,
    0.4966409206390381,
    0.4430485665798187,
    0.4567462205886841,
    0.4898502826690674
  ],
  "per_episode_costs": [
    0.0,
    0.0,
    0.0,
    0.0,
    0.0,
    0.0,
    0.0,
    0.0,
    0.0,
    0.0,
    0.0,
    0.0,
    0.0,
    0.0,
    0.0,
    0.0,
    0.0,
    0.0,
    0.0,
    0.0,
    0.0,
    0.0,
    0.0,
    0.0,
    0.0,
    0.0,
    0.0,
    0.0,
    0.0,
    0.0,
    0.0,
    0.0,
    0.0,
    0.0,
    0.0,
    0.0,
    0.0,
    0.0,
    0.0,
    0.0,
    0.0,
    0.0,
    0.0,
    0.0,
    0.0,
    0.0,
    0.0,
    0.0,
    0.0,
    0.0,
    0.0,
    0.0,
    0.0,
    0.0,
    0.0,
    0.0,
    0.0,
    0.0,
    0.0,
    0.0,
    0.0,
    0.0,
    0.0,
    0.0,
    0.0,
    0.0,
    0.0,
    0.0,
    0.0,
    0.0,
    0.0,
    0.0,
    0.0,
    0.0,
    0.0,
    0.0,
    0.0,
    0.0,
    0.0,
    0.0,
    0.0,
    0.0,
    0.0,
    0.0,
    0.0,
    0.0,
    0.0,
    0.0,
    0.0,
    0.0,
    0.0,
    0.0,
    0.0,
    0.0,
    0.0,
    0.0,
    0.0,
    0.0,
    0.0,
    0.0
  ]
}