{
  "mean_return": 1816.749911989283,
  "std_return": 517.1910871069075,
  "se_return": 51.71910871069075,
  "mean_length": 545.38,
  "mean_action_smoothness": 0.4950617030262947,
  "std_action_smoothness": 0.025239363045659206,
  "mean_action_magnitude": 0.8163625818490982,
  "mean_cost": 0.0,
  "total_cost": 0.0,
  "feasibility_rate": 1.0,
  "policy_entropy": null,
  "q_value_variance": 1.2130625247955322,
  "mean_recovery_ratio": 1.983861170062849,
  "std_recovery_ratio": 0.04102553795203551,
  "n_episodes": 100,
  "per_episode_returns": [
    2803.2196532403423,
    1743.97301342997,
    2049.7587765639237,
    1999.203308919756,
    1321.8120310639638,
    1585.3075593693798,
    1988.7736796287786,
    2087.2533735055777,
    1925.195167062346,
    2090.621062726767,
    1461.917845614963,
    1274.51395352499,
    1570.030685833189,
    1577.9196274221113,
    1819.5923299271294,
    1291.7903740392399,
    1707.4789593703567,
    2555.564650940562,
    2263.644419117835,
    1513.0537662060906,
    1629.3957235858923,
    1553.6040987036401,
    2089.1098054744725,
    1101.7663978395344,
    1751.0057195743389,
    2620.3595348804743,
    1506.4488701512353,
    2083.3502603789702,
    2068.3470722565553,
    1265.918899292215,
    3206.1706629211135,
    2103.2429695314495,
    2415.0785921253737,
    2026.3756489892057,
    2027.2460767305338,
    1984.926376737633,
    1234.3929228874501,
    1602.2013653536326,
    1307.0771046809184,
    1287.5157882838446,
    1926.4927586870438,
    1289.7471104615931,
    1847.8257186441901,
    2335.244154537141,
    1271.7580805823895,
    1380.3539453217418,
    1653.5425686905887,
    1542.8965799177104,
    1570.6678521163874,
    2097.598264852701,
    1326.4265528743701,
    1520.6250564400023,
    1553.5204334459202,
    1381.7441104884117,
    2085.3979894718236,
    1328.9158943777907,
    1301.1781510703902,
    1377.1097468693163,
    1519.9772107964454,
    1344.0476496360325,
    1987.0800625140344,
    2552.7403349347965,
    2280.4649713936283,
    1616.8660372984614,
    1809.497432177102,
    1796.823208449557,
    1588.3920082858529,
    2988.246171607661,
    1295.7259262418693,
    1218.1040071626858,
    3279.809773405953,
    2098.523749597793,
    2370.6564156796753,
    1839.1694038822907,
    1194.6391820711713,
    1278.9939910673052,
    2865.746310199938,
    1505.232995421798,
    3266.43813412809,
    1350.784821764267,
    1258.8018984423102,
    1565.1683070404235,
    2701.4802502958305,
    2390.8248173512993,
    1614.6782296739243,
    1385.7593367220952,
    1758.5868667011935,
    3299.952954037492,
    1205.3038688750944,
    1525.9835088107504,
    1193.5970113199137,
    1490.369752988661,
    1835.4865016480537,
    1795.1155490092492,
    1823.9133599922316,
    2278.771041858526,
    1688.8958794964715,
    2468.4379414682944,
    1517.9021861493127,
    1542.7990425955036
  ],
  "per_episode_smoothness": [
    0.4643732011318207,
    0.4948276877403259,
    0.46615466475486755,
    0.49598684906959534,
    0.5278786420822144,
    0.5155146718025208,
    0.4909202754497528,
    0.45423024892807007,
    0.4871082901954651,
    0.48086071014404297,
    0.4981052279472351,
    0.5010574460029602,
    0.47623851895332336,
    0.5075244307518005,
    0.48766955733299255,
    0.5430410504341125,
    0.49699410796165466,
    0.44305622577667236,
    0.48086267709732056,
    0.5063473582267761,
    0.4643160402774811,
    0.49521809816360474,
    0.4769948422908783,
    0.5230503082275391,
    0.4948103129863739,
    0.4742952287197113,
    0.4906666576862335,
    0.5024900436401367,
    0.4745074212551117,
    0.512559711933136,
    0.4625449478626251,
    0.49382638931274414,
    0.4716493487358093,
    0.48815208673477173,
    0.46527978777885437,
    0.4973636567592621,
    0.5425471067428589,
    0.4779035449028015,
    0.5107345581054688,
    0.5344393849372864,
    0.49232518672943115,
    0.5277552008628845,
    0.4873116612434387,
    0.4605887234210968,
    0.5403156280517578,
    0.5374153852462769,
    0.5028946399688721,
    0.47663208842277527,
    0.48535293340682983,
    0.4726392328739166,
    0.5200186371803284,
    0.493054062128067,
    0.5098158717155457,
    0.5097252726554871,
    0.49524685740470886,
    0.5209348201751709,
    0.530521810054779,
    0.5501229763031006,
    0.49530667066574097,
    0.5035894513130188,
    0.49453169107437134,
    0.4787062704563141,
    0.48619967699050903,
    0.4951736629009247,
    0.48945653438568115,
    0.49059683084487915,
    0.4957368075847626,
    0.4680531620979309,
    0.5397228002548218,
    0.5378208756446838,
    0.45574846863746643,
    0.48582884669303894,
    0.45200133323669434,
    0.517036497592926,
    0.5153751373291016,
    0.5396580696105957,
    0.46152350306510925,
    0.515156626701355,
    0.42112118005752563,
    0.5018707513809204,
    0.5308860540390015,
    0.49353885650634766,
    0.45935767889022827,
    0.47571858763694763,
    0.5217873454093933,
    0.5099695324897766,
    0.479548841714859,
    0.4542505443096161,
    0.5155526399612427,
    0.4916609227657318,
    0.539773166179657,
    0.5179369449615479,
    0.49325400590896606,
    0.48570647835731506,
    0.48219823837280273,
    0.48044273257255554,
    0.4936307966709137,
    0.47260773181915283,
    0.514052152633667,
    0.46930989623069763
  ],
  "per_episode_costs": [
    0.0,
    0.0,
    0.0,
    0.0,
    0.0,
    0.0,
    0.0,
    0.0,
    0.0,
    0.0,
    0.0,
    0.0,
    0.0,
    0.0,
    0.0,
    0.0,
    0.0,
    0.0,
    0.0,
    0.0,
    0.0,
    0.0,
    0.0,
    0.0,
    0.0,
    0.0,
    0.0,
    0.0,
    0.0,
    0.0,
    0.0,
    0.0,
    0.0,
    0.0,
    0.0,
    0.0,
    0.0,
    0.0,
    0.0,
    0.0,
    0.0,
    0.0,
    0.0,
    0.0,
    0.0,
    0.0,
    0.0,
    0.0,
    0.0,
    0.0,
    0.0,
    0.0,
    0.0,
    0.0,
    0.0,
    0.0,
    0.0,
    0.0,
    0.0,
    0.0,
    0.0,
    0.0,
    0.0,
    0.0,
    0.0,
    0.0,
    0.0,
    0.0,
    0.0,
    0.0,
    0.0,
    0.0,
    0.0,
    0.0,
    0.0,
    0.0,
    0.0,
    0.0,
    0.0,
    0.0,
    0.0,
    0.0,
    0.0,
    0.0,
    0.0,
    0.0,
    0.0,
    0.0,
    0.0,
    0.0,
    0.0,
    0.0,
    0.0,
    0.0,
    0.0,
    0.0,
    0.0,
    0.0,
    0.0,
    0.0
  ]
}