{
  "mean_return": 1196.4939350711875,
  "std_return": 38.755250383003045,
  "se_return": 3.8755250383003044,
  "mean_length": 1000.0,
  "mean_action_smoothness": 1.9077361166477202,
  "std_action_smoothness": 0.0129776799326745,
  "mean_action_magnitude": 1.5301346600055694,
  "mean_cost": 0.0,
  "total_cost": 0.0,
  "feasibility_rate": 1.0,
  "policy_entropy": 4.834007263183594,
  "q_value_variance": null,
  "mean_recovery_ratio": 0.9496307726037388,
  "std_recovery_ratio": 6.973275653112326,
  "n_episodes": 100,
  "per_episode_returns": [
    1189.0118828955483,
    1141.7697066931387,
    1180.3995898148394,
    1207.6758618300162,
    1207.2358625942422,
    1177.6137087242312,
    1202.6609632771576,
    1207.4033594039706,
    1192.3155953588225,
    1256.165636753664,
    1176.349259823226,
    1108.7451117019905,
    1228.1329907336237,
    1182.3478258111393,
    1149.922256074584,
    1237.6971194163696,
    1306.5312015819318,
    1148.7956201407724,
    1191.1467082358831,
    1177.9718752089632,
    1214.0595230730462,
    1236.9043500757068,
    1192.5756868676294,
    1195.5987919957963,
    1206.8042896944912,
    1202.6635217776359,
    1214.166024155631,
    1173.2624283226407,
    1212.8216421016668,
    1177.8338070412638,
    1195.1095981951769,
    1252.6169883780665,
    1132.7198889390374,
    1219.0712173312802,
    1293.142647498784,
    1248.9767873612432,
    1146.2347479602686,
    1222.6606286994443,
    1162.4329134789855,
    1217.9060483433461,
    1155.9505632215478,
    1197.7549269745523,
    1188.7279257050309,
    1143.364072255753,
    1170.592024598609,
    1263.5490767273484,
    1251.7206253116833,
    1164.3708866124477,
    1244.340384118288,
    1265.03515791516,
    1175.965380032638,
    1160.5791552315814,
    1265.7687639440571,
    1176.50273784352,
    1219.9590408749066,
    1195.9097422268214,
    1195.3943214939466,
    1240.2021830616268,
    1174.9704624942478,
    1157.4152200515468,
    1156.835568015518,
    1264.4466320824545,
    1202.605305256779,
    1203.9266128449747,
    1145.0096179653776,
    1171.3725320353394,
    1121.0703058630952,
    1155.2986395820285,
    1173.7578844411087,
    1159.9976611211491,
    1183.6462588884813,
    1217.8954574533986,
    1163.671223066757,
    1173.518111638328,
    1230.364294770383,
    1199.1532084298294,
    1190.037309161797,
    1180.848482170864,
    1189.8800702055964,
    1222.4053974939657,
    1222.5275329842125,
    1224.4114127681178,
    1231.6989265199688,
    1167.5125215967635,
    1229.1270247699517,
    1203.4682857936443,
    1270.7530646650803,
    1199.1725938850527,
    1221.483435483738,
    1173.3876976000433,
    1094.2624924318832,
    1226.6812899783315,
    1185.4594209604245,
    1236.5896011513755,
    1151.9687019528847,
    1135.955079778329,
    1193.6163002418443,
    1216.8039634324593,
    1172.6574162367017,
    1190.589854340153
  ],
  "per_episode_smoothness": [
    1.9123598337173462,
    1.9004429578781128,
    1.908736228942871,
    1.9156185388565063,
    1.9227131605148315,
    1.9173698425292969,
    1.9031751155853271,
    1.9155383110046387,
    1.9238361120224,
    1.9054889678955078,
    1.9063931703567505,
    1.923014521598816,
    1.9257892370224,
    1.8970215320587158,
    1.9138957262039185,
    1.8848161697387695,
    1.9172749519348145,
    1.9046990871429443,
    1.9081794023513794,
    1.904234766960144,
    1.9191840887069702,
    1.9030611515045166,
    1.9122613668441772,
    1.9111682176589966,
    1.9010897874832153,
    1.9182480573654175,
    1.9081668853759766,
    1.9271141290664673,
    1.8992762565612793,
    1.8994563817977905,
    1.9148672819137573,
    1.896897792816162,
    1.9002766609191895,
    1.9111417531967163,
    1.9338760375976562,
    1.8956609964370728,
    1.873664140701294,
    1.8881356716156006,
    1.9077842235565186,
    1.8965730667114258,
    1.922586441040039,
    1.9079951047897339,
    1.934187650680542,
    1.883012294769287,
    1.9000164270401,
    1.9237936735153198,
    1.9205467700958252,
    1.9126513004302979,
    1.9026153087615967,
    1.8843533992767334,
    1.919425129890442,
    1.9068983793258667,
    1.912890911102295,
    1.9175388813018799,
    1.8922791481018066,
    1.9098182916641235,
    1.888453483581543,
    1.8983157873153687,
    1.9059562683105469,
    1.8998280763626099,
    1.8831725120544434,
    1.9141308069229126,
    1.8895949125289917,
    1.9123897552490234,
    1.8953489065170288,
    1.889626145362854,
    1.8985799551010132,
    1.9139717817306519,
    1.916853427886963,
    1.8874958753585815,
    1.903454303741455,
    1.9216480255126953,
    1.9205902814865112,
    1.9244160652160645,
    1.9187633991241455,
    1.909665822982788,
    1.8983814716339111,
    1.9295576810836792,
    1.908301830291748,
    1.9041035175323486,
    1.8688268661499023,
    1.9166860580444336,
    1.9213513135910034,
    1.9190101623535156,
    1.9215419292449951,
    1.8898433446884155,
    1.9226216077804565,
    1.9060207605361938,
    1.9097994565963745,
    1.9046489000320435,
    1.8949432373046875,
    1.9092872142791748,
    1.9301681518554688,
    1.9084770679473877,
    1.9113892316818237,
    1.9094868898391724,
    1.894848346710205,
    1.9194345474243164,
    1.913873553276062,
    1.8896422386169434
  ],
  "per_episode_costs": [
    0.0,
    0.0,
    0.0,
    0.0,
    0.0,
    0.0,
    0.0,
    0.0,
    0.0,
    0.0,
    0.0,
    0.0,
    0.0,
    0.0,
    0.0,
    0.0,
    0.0,
    0.0,
    0.0,
    0.0,
    0.0,
    0.0,
    0.0,
    0.0,
    0.0,
    0.0,
    0.0,
    0.0,
    0.0,
    0.0,
    0.0,
    0.0,
    0.0,
    0.0,
    0.0,
    0.0,
    0.0,
    0.0,
    0.0,
    0.0,
    0.0,
    0.0,
    0.0,
    0.0,
    0.0,
    0.0,
    0.0,
    0.0,
    0.0,
    0.0,
    0.0,
    0.0,
    0.0,
    0.0,
    0.0,
    0.0,
    0.0,
    0.0,
    0.0,
    0.0,
    0.0,
    0.0,
    0.0,
    0.0,
    0.0,
    0.0,
    0.0,
    0.0,
    0.0,
    0.0,
    0.0,
    0.0,
    0.0,
    0.0,
    0.0,
    0.0,
    0.0,
    0.0,
    0.0,
    0.0,
    0.0,
    0.0,
    0.0,
    0.0,
    0.0,
    0.0,
    0.0,
    0.0,
    0.0,
    0.0,
    0.0,
    0.0,
    0.0,
    0.0,
    0.0,
    0.0,
    0.0,
    0.0,
    0.0,
    0.0
  ]
}