{
  "mean_return": 1187.6468545828889,
  "std_return": 38.14806260435342,
  "se_return": 3.814806260435342,
  "mean_length": 1000.0,
  "mean_action_smoothness": 1.907501176595688,
  "std_action_smoothness": 0.01222216919545036,
  "mean_action_magnitude": 1.5300489711761474,
  "mean_cost": 0.0,
  "total_cost": 0.0,
  "feasibility_rate": 1.0,
  "policy_entropy": 4.834007263183594,
  "q_value_variance": null,
  "mean_recovery_ratio": 3.746719412625602,
  "std_recovery_ratio": 5.289556262278555,
  "n_episodes": 100,
  "per_episode_returns": [
    1189.4538775203287,
    1115.6080873197814,
    1142.5538061700229,
    1220.9260740046482,
    1182.4015260569884,
    1258.5258541610958,
    1200.477887165042,
    1181.6756179302129,
    1188.0522423549576,
    1169.8739194918403,
    1170.6333522744126,
    1208.650462303693,
    1192.3488036140102,
    1226.2479564733683,
    1173.3312583568295,
    1185.6305531839384,
    1226.3229418713436,
    1239.7325278256121,
    1168.7621038028576,
    1214.7946236471416,
    1215.7174264430832,
    1201.4118666040747,
    1082.6397885341078,
    1190.3262106854188,
    1167.8732929432138,
    1195.1976065291506,
    1173.1914409584565,
    1136.2213899626993,
    1182.6437480114862,
    1217.40158682539,
    1076.747313520715,
    1178.2978312014136,
    1223.3394434629702,
    1210.62470703739,
    1195.8527251012342,
    1229.423752895675,
    1227.873703222161,
    1173.605276069328,
    1180.9654617986157,
    1159.4142545432824,
    1238.1207664614699,
    1232.4151053607764,
    1167.4642161615,
    1198.0191529130732,
    1240.118031756181,
    1229.2290279411836,
    1182.883080088734,
    1211.3666277475993,
    1198.8301690326798,
    1223.7764335242928,
    1130.0501316226653,
    1203.634238318568,
    1162.5203993745322,
    1156.152924304167,
    1205.4416748537276,
    1140.7775542066356,
    1048.689255105313,
    1216.2336416230476,
    1188.699815001919,
    1219.7795035030347,
    1238.946733110332,
    1208.613063173909,
    1197.693969332621,
    1133.394266439212,
    1153.48891268871,
    1192.4961424889368,
    1166.4466414911349,
    1158.3412151896423,
    1203.6929080313423,
    1195.5634554222133,
    1224.9330774506377,
    1148.918993343642,
    1207.574776122345,
    1170.3501119642842,
    1187.4276604294578,
    1247.8948582416917,
    1146.8876172719495,
    1166.99732417662,
    1160.8879398314311,
    1192.6520727589213,
    1200.419788640843,
    1218.1194442447436,
    1218.9355969555652,
    1205.1774806758076,
    1194.651958194189,
    1217.068460815787,
    1161.4027800021797,
    1145.2923961261977,
    1165.9669401617336,
    1133.9064895211727,
    1170.5323975530366,
    1154.2290229108703,
    1212.4264066611513,
    1192.4241154433316,
    1186.1759294637784,
    1250.8300499974937,
    1165.779040527248,
    1128.1357142825213,
    1181.6656190165822,
    1289.3700373565239
  ],
  "per_episode_smoothness": [
    1.9054232835769653,
    1.9092925786972046,
    1.897065281867981,
    1.9060591459274292,
    1.8943274021148682,
    1.9051053524017334,
    1.913142204284668,
    1.8988815546035767,
    1.9057183265686035,
    1.8863556385040283,
    1.896412968635559,
    1.8970800638198853,
    1.90139901638031,
    1.898700475692749,
    1.910629391670227,
    1.916650414466858,
    1.9304580688476562,
    1.9080439805984497,
    1.8968479633331299,
    1.9196614027023315,
    1.9079276323318481,
    1.9274420738220215,
    1.8926492929458618,
    1.9087070226669312,
    1.9113644361495972,
    1.8941216468811035,
    1.9018231630325317,
    1.8943281173706055,
    1.9221643209457397,
    1.9085804224014282,
    1.8879306316375732,
    1.893656849861145,
    1.885986566543579,
    1.918599009513855,
    1.930872917175293,
    1.9150612354278564,
    1.9134937524795532,
    1.927877426147461,
    1.9137723445892334,
    1.9221229553222656,
    1.9197025299072266,
    1.9022905826568604,
    1.9165027141571045,
    1.9248096942901611,
    1.9088131189346313,
    1.9074702262878418,
    1.8816336393356323,
    1.9132922887802124,
    1.916759967803955,
    1.8912296295166016,
    1.8947649002075195,
    1.9004018306732178,
    1.8999426364898682,
    1.8989025354385376,
    1.899179458618164,
    1.9073295593261719,
    1.8841787576675415,
    1.891379475593567,
    1.9120782613754272,
    1.8949192762374878,
    1.9132000207901,
    1.9095224142074585,
    1.926102876663208,
    1.9067142009735107,
    1.894534707069397,
    1.9057947397232056,
    1.911553144454956,
    1.9219632148742676,
    1.8771995306015015,
    1.9141194820404053,
    1.893276333808899,
    1.907996416091919,
    1.922996997833252,
    1.92139732837677,
    1.9073160886764526,
    1.899552583694458,
    1.9098150730133057,
    1.9159318208694458,
    1.903728723526001,
    1.925635576248169,
    1.9312479496002197,
    1.9297627210617065,
    1.8839036226272583,
    1.8995192050933838,
    1.9060786962509155,
    1.912781000137329,
    1.9109128713607788,
    1.9073898792266846,
    1.9095823764801025,
    1.9113845825195312,
    1.9115873575210571,
    1.9262912273406982,
    1.9065576791763306,
    1.931350827217102,
    1.9233804941177368,
    1.9127904176712036,
    1.8998867273330688,
    1.8940423727035522,
    1.9122958183288574,
    1.8997031450271606
  ],
  "per_episode_costs": [
    0.0,
    0.0,
    0.0,
    0.0,
    0.0,
    0.0,
    0.0,
    0.0,
    0.0,
    0.0,
    0.0,
    0.0,
    0.0,
    0.0,
    0.0,
    0.0,
    0.0,
    0.0,
    0.0,
    0.0,
    0.0,
    0.0,
    0.0,
    0.0,
    0.0,
    0.0,
    0.0,
    0.0,
    0.0,
    0.0,
    0.0,
    0.0,
    0.0,
    0.0,
    0.0,
    0.0,
    0.0,
    0.0,
    0.0,
    0.0,
    0.0,
    0.0,
    0.0,
    0.0,
    0.0,
    0.0,
    0.0,
    0.0,
    0.0,
    0.0,
    0.0,
    0.0,
    0.0,
    0.0,
    0.0,
    0.0,
    0.0,
    0.0,
    0.0,
    0.0,
    0.0,
    0.0,
    0.0,
    0.0,
    0.0,
    0.0,
    0.0,
    0.0,
    0.0,
    0.0,
    0.0,
    0.0,
    0.0,
    0.0,
    0.0,
    0.0,
    0.0,
    0.0,
    0.0,
    0.0,
    0.0,
    0.0,
    0.0,
    0.0,
    0.0,
    0.0,
    0.0,
    0.0,
    0.0,
    0.0,
    0.0,
    0.0,
    0.0,
    0.0,
    0.0,
    0.0,
    0.0,
    0.0,
    0.0,
    0.0
  ]
}