{
  "mean_return": 1342.4152881752361,
  "std_return": 82.7808775545251,
  "se_return": 8.27808775545251,
  "mean_length": 1000.0,
  "mean_action_smoothness": 1.7566440165042878,
  "std_action_smoothness": 0.0234113382526914,
  "mean_action_magnitude": 1.4948081624507905,
  "mean_cost": 0.0,
  "total_cost": 0.0,
  "feasibility_rate": 1.0,
  "policy_entropy": 6.00430965423584,
  "q_value_variance": null,
  "mean_recovery_ratio": 1.3049878548474791,
  "std_recovery_ratio": 0.3683582423171449,
  "n_episodes": 100,
  "per_episode_returns": [
    1321.420503741118,
    1334.345249473265,
    1365.5153299448305,
    1271.0016286453451,
    1359.0918041151513,
    1459.3569622763334,
    1327.5694405418933,
    1370.045063718193,
    1428.4416773704618,
    1254.0336165250083,
    1332.2742255731564,
    1392.517947699626,
    1255.2214953207017,
    1344.0692063639294,
    1473.3723345190763,
    1294.8994244287765,
    1286.1434676624142,
    1327.3510946315625,
    1361.5093950135692,
    1417.4783232915158,
    1402.752229745833,
    1392.1280048927124,
    1389.5928637396628,
    1257.522664635834,
    1305.5637793214694,
    1359.1352717330099,
    1411.285180860353,
    1290.5835043868592,
    1354.3366215444635,
    1202.9263507682676,
    1335.3880220109954,
    1291.1152383509686,
    1343.9856510519796,
    1378.20307806566,
    1358.8230479308245,
    1255.645775057344,
    1234.941851569334,
    1408.3864005151227,
    1500.0779840218681,
    1272.73026227632,
    1394.7429457234061,
    1310.1848549944643,
    1424.4198708146976,
    1305.8840107595715,
    1443.8011157073881,
    1460.708560428667,
    1291.7451937533324,
    1288.9983151424617,
    1257.8934698248308,
    1353.6310730034763,
    1347.856808288383,
    1182.8432921992473,
    1391.3664689900704,
    1397.4008896171351,
    1459.6079861604176,
    1317.1144481452698,
    1346.1225878674973,
    1406.6449126759887,
    1317.6281631788056,
    1366.1009808054919,
    1340.9065389789514,
    1550.7085071506172,
    892.022430609637,
    1241.7749088778596,
    1372.5172276783635,
    1351.4965935606162,
    1349.5930191965797,
    1295.0014774030924,
    1378.5082387020948,
    1383.1383305933089,
    1341.6997700867294,
    1320.3769829881387,
    1306.3866186518158,
    1325.3940672682752,
    1427.9471999520956,
    1257.9876013306784,
    1426.9580604336636,
    1355.4862184048648,
    1359.273609215671,
    1352.8420046066851,
    1340.5021453165775,
    1258.5451776235586,
    1390.516570698486,
    1457.450577395014,
    1293.8413534369279,
    1293.857725306957,
    1291.7063127712559,
    1397.9375894704435,
    1341.8234296065993,
    1446.9412460374238,
    1322.7379344482429,
    1265.735753759,
    1277.40692229831,
    1246.7896865783052,
    1334.1211163251903,
    1191.1786462714022,
    1511.7742103596645,
    1409.4127573160306,
    1384.4377757800294,
    1369.314559619029
  ],
  "per_episode_smoothness": [
    1.7098525762557983,
    1.757782220840454,
    1.7730666399002075,
    1.7540371417999268,
    1.7519203424453735,
    1.8184020519256592,
    1.7807382345199585,
    1.7322784662246704,
    1.752594232559204,
    1.7537435293197632,
    1.7468096017837524,
    1.7377278804779053,
    1.71486234664917,
    1.7812495231628418,
    1.778944969177246,
    1.7635469436645508,
    1.7535207271575928,
    1.778626561164856,
    1.7605499029159546,
    1.7697631120681763,
    1.752648115158081,
    1.704777717590332,
    1.7816931009292603,
    1.7042821645736694,
    1.7191590070724487,
    1.7723536491394043,
    1.700028419494629,
    1.7623873949050903,
    1.7379158735275269,
    1.73942232131958,
    1.7505251169204712,
    1.7634409666061401,
    1.744503378868103,
    1.7428243160247803,
    1.7830036878585815,
    1.7680376768112183,
    1.7467869520187378,
    1.7760432958602905,
    1.7967547178268433,
    1.7381198406219482,
    1.7665643692016602,
    1.783956527709961,
    1.7279852628707886,
    1.77175772190094,
    1.8142964839935303,
    1.7419419288635254,
    1.802897334098816,
    1.7653058767318726,
    1.7753334045410156,
    1.7529115676879883,
    1.7632232904434204,
    1.7517750263214111,
    1.767601490020752,
    1.7526750564575195,
    1.739153265953064,
    1.7690348625183105,
    1.749559998512268,
    1.7671916484832764,
    1.7050906419754028,
    1.7668108940124512,
    1.7485837936401367,
    1.7947815656661987,
    1.7389119863510132,
    1.714923620223999,
    1.7667523622512817,
    1.7692899703979492,
    1.7560405731201172,
    1.7745697498321533,
    1.7719197273254395,
    1.7554837465286255,
    1.755812644958496,
    1.753649353981018,
    1.7580372095108032,
    1.7508182525634766,
    1.7916369438171387,
    1.743169903755188,
    1.7703052759170532,
    1.7483636140823364,
    1.7536988258361816,
    1.7572847604751587,
    1.7632598876953125,
    1.7375751733779907,
    1.7758400440216064,
    1.7749783992767334,
    1.7638189792633057,
    1.778218388557434,
    1.73452889919281,
    1.7347322702407837,
    1.7547327280044556,
    1.7959269285202026,
    1.7841434478759766,
    1.7533708810806274,
    1.7763421535491943,
    1.6964014768600464,
    1.734065055847168,
    1.7415481805801392,
    1.7627243995666504,
    1.7423673868179321,
    1.7373220920562744,
    1.7586796283721924
  ],
  "per_episode_costs": [
    0.0,
    0.0,
    0.0,
    0.0,
    0.0,
    0.0,
    0.0,
    0.0,
    0.0,
    0.0,
    0.0,
    0.0,
    0.0,
    0.0,
    0.0,
    0.0,
    0.0,
    0.0,
    0.0,
    0.0,
    0.0,
    0.0,
    0.0,
    0.0,
    0.0,
    0.0,
    0.0,
    0.0,
    0.0,
    0.0,
    0.0,
    0.0,
    0.0,
    0.0,
    0.0,
    0.0,
    0.0,
    0.0,
    0.0,
    0.0,
    0.0,
    0.0,
    0.0,
    0.0,
    0.0,
    0.0,
    0.0,
    0.0,
    0.0,
    0.0,
    0.0,
    0.0,
    0.0,
    0.0,
    0.0,
    0.0,
    0.0,
    0.0,
    0.0,
    0.0,
    0.0,
    0.0,
    0.0,
    0.0,
    0.0,
    0.0,
    0.0,
    0.0,
    0.0,
    0.0,
    0.0,
    0.0,
    0.0,
    0.0,
    0.0,
    0.0,
    0.0,
    0.0,
    0.0,
    0.0,
    0.0,
    0.0,
    0.0,
    0.0,
    0.0,
    0.0,
    0.0,
    0.0,
    0.0,
    0.0,
    0.0,
    0.0,
    0.0,
    0.0,
    0.0,
    0.0,
    0.0,
    0.0,
    0.0,
    0.0
  ]
}