{
  "mean_return": 3393.892220447565,
  "std_return": 2.9577618298656803,
  "se_return": 0.29577618298656805,
  "mean_length": 1000.0,
  "mean_action_smoothness": 0.16997565269470216,
  "std_action_smoothness": 0.0009636057168755923,
  "mean_action_magnitude": 0.8645681208372116,
  "mean_cost": 0.0,
  "total_cost": 0.0,
  "feasibility_rate": 1.0,
  "policy_entropy": 2.245602607727051,
  "q_value_variance": null,
  "mean_recovery_ratio": 2.0602293134074623,
  "std_recovery_ratio": 0.011109167775693667,
  "n_episodes": 100,
  "per_episode_returns": [
    3394.3206561959873,
    3397.4677785761396,
    3394.3262574406162,
    3394.4713702096933,
    3392.720007443188,
    3393.992036391109,
    3396.0797843513187,
    3391.688892000969,
    3388.070951346743,
    3391.3615581389986,
    3396.332500604911,
    3390.973804945198,
    3389.925145817692,
    3393.1869984636187,
    3391.5343053935258,
    3394.192360768314,
    3400.330697556425,
    3396.3459941806923,
    3396.4180252751185,
    3400.376855768219,
    3388.650449280235,
    3394.63217495121,
    3392.7144331280556,
    3394.446158865673,
    3395.5349817220067,
    3391.4428108715456,
    3392.8527608101926,
    3390.6762469150913,
    3393.173675066435,
    3394.272026101043,
    3391.5922097291514,
    3396.058231458027,
    3399.6383218759224,
    3391.0506278196212,
    3393.3910960162116,
    3392.6817320432538,
    3388.191612925593,
    3394.7595548790014,
    3388.816394056067,
    3391.664746932884,
    3396.7944762503357,
    3394.530544912106,
    3396.5796438301913,
    3398.170673005633,
    3393.2335968257303,
    3397.1423049484124,
    3389.928018521793,
    3388.362475981016,
    3397.255687698139,
    3394.795672441852,
    3394.384444748985,
    3387.7091226044035,
    3393.3800952901124,
    3391.0643639727205,
    3394.8294665089884,
    3389.874076652071,
    3394.212246927815,
    3395.8201180318415,
    3390.7596929948436,
    3398.261362997402,
    3394.6544654374366,
    3394.7700573008,
    3396.252832996503,
    3396.914339059614,
    3392.84551061995,
    3394.6738314000063,
    3388.415947641897,
    3393.3390790749386,
    3396.2023154324042,
    3393.0462812582264,
    3394.2687324063522,
    3387.8139071274945,
    3398.514517840589,
    3396.801895651873,
    3391.881056238423,
    3390.393426404235,
    3396.7382145312517,
    3393.3406940648056,
    3389.4619403239726,
    3398.4135250899467,
    3394.161929870405,
    3396.0056065700305,
    3389.245931231469,
    3398.863829762551,
    3392.3227100198055,
    3391.5216252258524,
    3394.237117601945,
    3393.712587539726,
    3395.525183617791,
    3395.304640766298,
    3391.1791358616792,
    3398.0080788726355,
    3394.7138399739333,
    3394.1564531278636,
    3397.5506237921686,
    3397.2049732157334,
    3394.8668949181797,
    3396.689789968583,
    3395.0080281908376,
    3392.7561832680944
  ],
  "per_episode_smoothness": [
    0.1688382476568222,
    0.1684880554676056,
    0.16910584270954132,
    0.1697358787059784,
    0.17065943777561188,
    0.170423224568367,
    0.16989699006080627,
    0.16781996190547943,
    0.16866622865200043,
    0.16947825253009796,
    0.1692320555448532,
    0.169622540473938,
    0.17051273584365845,
    0.17062395811080933,
    0.16971689462661743,
    0.17141427099704742,
    0.1696164608001709,
    0.1709233969449997,
    0.16967134177684784,
    0.16960623860359192,
    0.16888222098350525,
    0.16964839398860931,
    0.1692788302898407,
    0.16861902177333832,
    0.17085006833076477,
    0.16771864891052246,
    0.17176786065101624,
    0.1704087108373642,
    0.16963879764080048,
    0.17242516577243805,
    0.1700984090566635,
    0.1682538092136383,
    0.17305414378643036,
    0.1712423413991928,
    0.1693025529384613,
    0.16862565279006958,
    0.17129409313201904,
    0.16880159080028534,
    0.168954536318779,
    0.16981714963912964,
    0.16972608864307404,
    0.1690661609172821,
    0.17136752605438232,
    0.17033791542053223,
    0.1693553328514099,
    0.17043966054916382,
    0.17062604427337646,
    0.16832242906093597,
    0.16993394494056702,
    0.170482337474823,
    0.1701420545578003,
    0.16929517686367035,
    0.16848929226398468,
    0.16971895098686218,
    0.17060059309005737,
    0.16998198628425598,
    0.17022812366485596,
    0.17150744795799255,
    0.169942706823349,
    0.16852053999900818,
    0.17038382589817047,
    0.17129965126514435,
    0.16957344114780426,
    0.17087790369987488,
    0.170743927359581,
    0.16961568593978882,
    0.16965848207473755,
    0.1695869117975235,
    0.16906370222568512,
    0.1697910726070404,
    0.169305682182312,
    0.16855165362358093,
    0.1712033748626709,
    0.1697310507297516,
    0.17026400566101074,
    0.16990281641483307,
    0.1700742542743683,
    0.1703691929578781,
    0.17057135701179504,
    0.1696174293756485,
    0.17046037316322327,
    0.16952700912952423,
    0.1704149842262268,
    0.1698060780763626,
    0.17021839320659637,
    0.17043155431747437,
    0.16986191272735596,
    0.17196661233901978,
    0.16967782378196716,
    0.1689000129699707,
    0.1710265874862671,
    0.17068429291248322,
    0.17005985975265503,
    0.16955514252185822,
    0.17159131169319153,
    0.1707228720188141,
    0.17120131850242615,
    0.17016635835170746,
    0.17033927142620087,
    0.1699497550725937
  ],
  "per_episode_costs": [
    0.0,
    0.0,
    0.0,
    0.0,
    0.0,
    0.0,
    0.0,
    0.0,
    0.0,
    0.0,
    0.0,
    0.0,
    0.0,
    0.0,
    0.0,
    0.0,
    0.0,
    0.0,
    0.0,
    0.0,
    0.0,
    0.0,
    0.0,
    0.0,
    0.0,
    0.0,
    0.0,
    0.0,
    0.0,
    0.0,
    0.0,
    0.0,
    0.0,
    0.0,
    0.0,
    0.0,
    0.0,
    0.0,
    0.0,
    0.0,
    0.0,
    0.0,
    0.0,
    0.0,
    0.0,
    0.0,
    0.0,
    0.0,
    0.0,
    0.0,
    0.0,
    0.0,
    0.0,
    0.0,
    0.0,
    0.0,
    0.0,
    0.0,
    0.0,
    0.0,
    0.0,
    0.0,
    0.0,
    0.0,
    0.0,
    0.0,
    0.0,
    0.0,
    0.0,
    0.0,
    0.0,
    0.0,
    0.0,
    0.0,
    0.0,
    0.0,
    0.0,
    0.0,
    0.0,
    0.0,
    0.0,
    0.0,
    0.0,
    0.0,
    0.0,
    0.0,
    0.0,
    0.0,
    0.0,
    0.0,
    0.0,
    0.0,
    0.0,
    0.0,
    0.0,
    0.0,
    0.0,
    0.0,
    0.0,
    0.0
  ]
}