{
  "mean_return": 3393.582569785054,
  "std_return": 2.552219141092041,
  "se_return": 0.25522191410920414,
  "mean_length": 1000.0,
  "mean_action_smoothness": 0.16977848201990128,
  "std_action_smoothness": 0.0010346127166608182,
  "mean_action_magnitude": 0.8644893336296081,
  "mean_cost": 0.0,
  "total_cost": 0.0,
  "feasibility_rate": 1.0,
  "policy_entropy": 2.245602607727051,
  "q_value_variance": null,
  "mean_recovery_ratio": 2.059683187183702,
  "std_recovery_ratio": 0.010605893146895879,
  "n_episodes": 100,
  "per_episode_returns": [
    3390.3288645594794,
    3394.585727192136,
    3388.2632801032223,
    3392.813235683351,
    3387.702202043859,
    3393.774367062933,
    3391.101899802551,
    3392.299505000364,
    3391.587889799739,
    3393.1159678330932,
    3397.2987136384377,
    3395.942858696575,
    3391.079639877354,
    3394.586050678634,
    3393.2653786413275,
    3395.039473806569,
    3394.4707374111968,
    3396.9069588900875,
    3393.856562518044,
    3397.1533604731444,
    3390.418642734054,
    3394.341699423895,
    3393.1283366531197,
    3394.2230294473743,
    3390.493202807567,
    3392.0266379275376,
    3393.714904300387,
    3389.930824717796,
    3393.2367075406946,
    3391.30415093905,
    3398.085851335025,
    3398.473970550366,
    3393.342507258101,
    3391.586729860148,
    3393.958822771297,
    3396.3599241216234,
    3399.105604958674,
    3394.6530984550977,
    3396.1440805822594,
    3395.8788015044797,
    3394.0629799340018,
    3393.774478534985,
    3393.138975414934,
    3394.790545286247,
    3391.46823591272,
    3393.4372620735817,
    3389.8561688225104,
    3389.5093142498695,
    3393.6727541100404,
    3400.2127337797015,
    3393.1818415563234,
    3392.264479816429,
    3392.1174458809373,
    3394.3752290238235,
    3393.105774459423,
    3394.958712257971,
    3397.796537938674,
    3396.124609178579,
    3392.505256215753,
    3393.158111266453,
    3388.5036452240256,
    3390.757342500916,
    3391.81716599804,
    3390.341846162104,
    3398.467572638615,
    3396.5294376127736,
    3395.1935534409413,
    3389.887196698567,
    3398.983963818157,
    3394.231369221529,
    3394.0687043805647,
    3390.6145068702162,
    3392.9854784787626,
    3395.802947355047,
    3392.16803715246,
    3392.317293354055,
    3396.9401602323346,
    3393.4773462380617,
    3392.1131906755045,
    3394.382832778477,
    3394.740472355959,
    3396.0980238849074,
    3394.0014508419636,
    3395.8047296786267,
    3394.1657008520374,
    3396.1143392277877,
    3392.330765797156,
    3393.3384292097994,
    3391.920097560608,
    3391.193062365172,
    3395.9778988110797,
    3389.0845514790303,
    3390.4996469589955,
    3393.7497359171543,
    3394.8046610467845,
    3398.0045351990175,
    3390.984147538613,
    3392.49377098333,
    3392.2273146724924,
    3392.0484059801765
  ],
  "per_episode_smoothness": [
    0.1684313267469406,
    0.1702965945005417,
    0.16857028007507324,
    0.17007414996623993,
    0.16882802546024323,
    0.1697671115398407,
    0.1695767045021057,
    0.1704244762659073,
    0.16985094547271729,
    0.17067033052444458,
    0.17177969217300415,
    0.17006754875183105,
    0.16975060105323792,
    0.1706174910068512,
    0.16872458159923553,
    0.1722789704799652,
    0.1700359731912613,
    0.17128634452819824,
    0.16999299824237823,
    0.1700325459241867,
    0.16741472482681274,
    0.16814641654491425,
    0.17028109729290009,
    0.17044603824615479,
    0.1678047776222229,
    0.16973751783370972,
    0.16924993693828583,
    0.1707623153924942,
    0.1699749082326889,
    0.16817989945411682,
    0.17202863097190857,
    0.1714290827512741,
    0.17025767266750336,
    0.16889850795269012,
    0.17091777920722961,
    0.1709069311618805,
    0.16912966966629028,
    0.1691226065158844,
    0.16999556124210358,
    0.170204296708107,
    0.16874021291732788,
    0.1689179241657257,
    0.17098140716552734,
    0.17032930254936218,
    0.17009727656841278,
    0.1714046448469162,
    0.16893024742603302,
    0.16790544986724854,
    0.16903500258922577,
    0.16909019649028778,
    0.17050690948963165,
    0.16919587552547455,
    0.1691291183233261,
    0.17069165408611298,
    0.1707049012184143,
    0.169553741812706,
    0.17023056745529175,
    0.17025817930698395,
    0.16864511370658875,
    0.16995492577552795,
    0.168582946062088,
    0.16732913255691528,
    0.17081551253795624,
    0.16922716796398163,
    0.1714576780796051,
    0.17007724940776825,
    0.17089387774467468,
    0.16986767947673798,
    0.17043709754943848,
    0.16912122070789337,
    0.16935309767723083,
    0.16962237656116486,
    0.1695661097764969,
    0.16831275820732117,
    0.16896387934684753,
    0.16897159814834595,
    0.16781286895275116,
    0.17094090580940247,
    0.170023113489151,
    0.16945773363113403,
    0.1704515516757965,
    0.17103838920593262,
    0.16843228042125702,
    0.16938111186027527,
    0.1696901023387909,
    0.17037850618362427,
    0.1701238602399826,
    0.16922762989997864,
    0.16843314468860626,
    0.16905812919139862,
    0.17004823684692383,
    0.16932792961597443,
    0.1687312126159668,
    0.1699981987476349,
    0.1713622659444809,
    0.16978636384010315,
    0.1714169681072235,
    0.17024031281471252,
    0.16835856437683105,
    0.17128172516822815
  ],
  "per_episode_costs": [
    0.0,
    0.0,
    0.0,
    0.0,
    0.0,
    0.0,
    0.0,
    0.0,
    0.0,
    0.0,
    0.0,
    0.0,
    0.0,
    0.0,
    0.0,
    0.0,
    0.0,
    0.0,
    0.0,
    0.0,
    0.0,
    0.0,
    0.0,
    0.0,
    0.0,
    0.0,
    0.0,
    0.0,
    0.0,
    0.0,
    0.0,
    0.0,
    0.0,
    0.0,
    0.0,
    0.0,
    0.0,
    0.0,
    0.0,
    0.0,
    0.0,
    0.0,
    0.0,
    0.0,
    0.0,
    0.0,
    0.0,
    0.0,
    0.0,
    0.0,
    0.0,
    0.0,
    0.0,
    0.0,
    0.0,
    0.0,
    0.0,
    0.0,
    0.0,
    0.0,
    0.0,
    0.0,
    0.0,
    0.0,
    0.0,
    0.0,
    0.0,
    0.0,
    0.0,
    0.0,
    0.0,
    0.0,
    0.0,
    0.0,
    0.0,
    0.0,
    0.0,
    0.0,
    0.0,
    0.0,
    0.0,
    0.0,
    0.0,
    0.0,
    0.0,
    0.0,
    0.0,
    0.0,
    0.0,
    0.0,
    0.0,
    0.0,
    0.0,
    0.0,
    0.0,
    0.0,
    0.0,
    0.0,
    0.0,
    0.0
  ]
}