{
  "mean_return": 7264.803889400125,
  "std_return": 91.42084326281322,
  "se_return": 9.142084326281323,
  "mean_length": 1000.0,
  "mean_action_smoothness": 2.350747911930084,
  "std_action_smoothness": 0.013747876030457455,
  "mean_action_magnitude": 2.083118143081665,
  "mean_cost": 0.0,
  "total_cost": 0.0,
  "feasibility_rate": 1.0,
  "policy_entropy": null,
  "q_value_variance": 2.5532453060150146,
  "mean_recovery_ratio": 2.4783067547993274,
  "std_recovery_ratio": 0.15833126882449197,
  "n_episodes": 100,
  "per_episode_returns": [
    7076.617317598197,
    7115.547713510141,
    7103.030682426059,
    7403.3188828065395,
    7340.757485872936,
    7299.5872307402815,
    7179.263298872889,
    7211.607388886062,
    7158.0559879523835,
    7349.875020972489,
    7311.563649143876,
    7301.101971562415,
    7174.554231853144,
    7307.660667806925,
    7196.677645808649,
    7150.307859891765,
    7308.748136800725,
    7419.895528578651,
    7156.415702678856,
    7281.185170990015,
    7283.854117298653,
    7462.928031495027,
    7359.571943530662,
    7148.873557893552,
    7112.781177832421,
    7320.860663951402,
    7378.4051634452535,
    7310.549305585327,
    7291.270204282673,
    7128.495751188494,
    7346.9191653901435,
    7306.931989935827,
    7257.764917617552,
    7063.248469064855,
    7356.82219191914,
    7257.854259761536,
    7243.879935068923,
    7075.920026660953,
    7390.695824447712,
    7136.88274971042,
    7311.537838911249,
    7322.712893303283,
    7181.075836311343,
    7237.3412033388595,
    7168.77370165724,
    7354.021703982367,
    7223.032110032692,
    7306.836761475817,
    7086.839911781858,
    7146.109229720252,
    7276.683732545282,
    7384.442375538447,
    7250.022935144138,
    7300.148249023869,
    7247.047562917622,
    7338.745567041285,
    7197.310325012235,
    7322.794332035801,
    7264.705143125932,
    7210.828497656433,
    7252.5974954974345,
    7332.229156603177,
    7268.860677768848,
    7178.833284095046,
    7337.893725420874,
    7205.154768441852,
    7318.8824230154,
    7304.220553984145,
    7288.7784870720425,
    7255.942821890542,
    7271.097921272986,
    7253.148339183928,
    7330.867605162513,
    7367.257733584856,
    7154.969767445396,
    7327.488334124966,
    7295.979012893399,
    7258.971355381169,
    7171.554320534959,
    7485.427383398968,
    7269.285345356295,
    7321.971104498325,
    7286.260913039405,
    7186.469575503038,
    7214.737243862586,
    7210.479383082969,
    7479.010825838127,
    7294.95829590621,
    7316.579272605078,
    7353.943881099702,
    7219.087521329557,
    7231.084244774018,
    7339.798236738452,
    7372.708127884411,
    7302.111939977033,
    7053.198186934955,
    7292.417288914009,
    7356.518179037172,
    7289.314743899798,
    7219.008531569402
  ],
  "per_episode_smoothness": [
    2.34006929397583,
    2.362701416015625,
    2.324875593185425,
    2.3647348880767822,
    2.3674538135528564,
    2.3629438877105713,
    2.348869562149048,
    2.3565480709075928,
    2.3433516025543213,
    2.348684072494507,
    2.362640142440796,
    2.3444063663482666,
    2.3523499965667725,
    2.3745768070220947,
    2.3297531604766846,
    2.3549838066101074,
    2.343820810317993,
    2.3461406230926514,
    2.347066879272461,
    2.346358299255371,
    2.352339744567871,
    2.3574392795562744,
    2.3474249839782715,
    2.3472251892089844,
    2.355870246887207,
    2.354858875274658,
    2.3592162132263184,
    2.361957550048828,
    2.3539018630981445,
    2.3264431953430176,
    2.3529298305511475,
    2.3420569896698,
    2.3516170978546143,
    2.3447628021240234,
    2.341435194015503,
    2.351423740386963,
    2.3373465538024902,
    2.362330675125122,
    2.3466954231262207,
    2.3521955013275146,
    2.3559272289276123,
    2.3707306385040283,
    2.3440334796905518,
    2.348430633544922,
    2.3628013134002686,
    2.3584144115448,
    2.3584835529327393,
    2.3551833629608154,
    2.3522114753723145,
    2.348259449005127,
    2.379352569580078,
    2.3779408931732178,
    2.349895715713501,
    2.337341070175171,
    2.333815813064575,
    2.3555827140808105,
    2.3533217906951904,
    2.3306467533111572,
    2.369507312774658,
    2.3472015857696533,
    2.3566431999206543,
    2.3781094551086426,
    2.3619332313537598,
    2.3371388912200928,
    2.3544654846191406,
    2.360569953918457,
    2.356231212615967,
    2.325467109680176,
    2.332902193069458,
    2.341167449951172,
    2.3385426998138428,
    2.3671348094940186,
    2.31326961517334,
    2.352019786834717,
    2.376142978668213,
    2.3605260848999023,
    2.330301284790039,
    2.368311643600464,
    2.3485562801361084,
    2.380930185317993,
    2.3484930992126465,
    2.3355743885040283,
    2.3619394302368164,
    2.3447563648223877,
    2.339935064315796,
    2.358710765838623,
    2.341215133666992,
    2.3653433322906494,
    2.3397207260131836,
    2.356369972229004,
    2.3311872482299805,
    2.348924160003662,
    2.3397727012634277,
    2.3648722171783447,
    2.3518402576446533,
    2.3484065532684326,
    2.339332342147827,
    2.3706958293914795,
    2.314929485321045,
    2.3215267658233643
  ],
  "per_episode_costs": [
    0.0,
    0.0,
    0.0,
    0.0,
    0.0,
    0.0,
    0.0,
    0.0,
    0.0,
    0.0,
    0.0,
    0.0,
    0.0,
    0.0,
    0.0,
    0.0,
    0.0,
    0.0,
    0.0,
    0.0,
    0.0,
    0.0,
    0.0,
    0.0,
    0.0,
    0.0,
    0.0,
    0.0,
    0.0,
    0.0,
    0.0,
    0.0,
    0.0,
    0.0,
    0.0,
    0.0,
    0.0,
    0.0,
    0.0,
    0.0,
    0.0,
    0.0,
    0.0,
    0.0,
    0.0,
    0.0,
    0.0,
    0.0,
    0.0,
    0.0,
    0.0,
    0.0,
    0.0,
    0.0,
    0.0,
    0.0,
    0.0,
    0.0,
    0.0,
    0.0,
    0.0,
    0.0,
    0.0,
    0.0,
    0.0,
    0.0,
    0.0,
    0.0,
    0.0,
    0.0,
    0.0,
    0.0,
    0.0,
    0.0,
    0.0,
    0.0,
    0.0,
    0.0,
    0.0,
    0.0,
    0.0,
    0.0,
    0.0,
    0.0,
    0.0,
    0.0,
    0.0,
    0.0,
    0.0,
    0.0,
    0.0,
    0.0,
    0.0,
    0.0,
    0.0,
    0.0,
    0.0,
    0.0,
    0.0,
    0.0
  ]
}