{
  "mean_return": 7275.21312027243,
  "std_return": 107.56527948014123,
  "se_return": 10.756527948014122,
  "mean_length": 1000.0,
  "mean_action_smoothness": 2.3506613969802856,
  "std_action_smoothness": 0.012074081033021631,
  "mean_action_magnitude": 2.0821894884109495,
  "mean_cost": 0.0,
  "total_cost": 0.0,
  "feasibility_rate": 1.0,
  "policy_entropy": null,
  "q_value_variance": 3.673534393310547,
  "mean_recovery_ratio": 2.5188610606851674,
  "std_recovery_ratio": 0.36779210090292175,
  "n_episodes": 100,
  "per_episode_returns": [
    7256.134696287767,
    6922.49245998501,
    7136.63296620801,
    7287.936319363063,
    7145.849378439227,
    7386.019002955297,
    7261.83104350651,
    7327.724756715904,
    7132.750555509633,
    7185.406919389298,
    7377.860429336908,
    7270.469695388553,
    7337.372987598553,
    7215.9037402589665,
    7191.453431003418,
    7364.337019629247,
    7400.595250924073,
    7222.448939996693,
    7131.281480041418,
    7339.521381507663,
    7312.630771835728,
    7241.282138090217,
    7075.675789720855,
    7174.236743643442,
    7323.81065117646,
    7476.494284340093,
    7458.459897542984,
    7399.28354491375,
    7307.52626249528,
    7318.572716110199,
    7223.699229791318,
    7140.867022856971,
    7177.133480554341,
    7183.059729266196,
    7317.438710283466,
    7150.07382232365,
    7254.3436697560255,
    7296.920279514969,
    7258.002880631382,
    7342.150635209213,
    7196.727689118612,
    7294.529104818197,
    7299.544751310461,
    6968.363962146517,
    7333.727531224904,
    7043.96438767466,
    7152.43904054482,
    7493.6624918701755,
    7412.823881847587,
    7362.841047805479,
    7420.978666656006,
    7226.709794373222,
    7219.706575694752,
    7308.281334608138,
    7177.751314284271,
    7317.661101087319,
    7301.823412010198,
    7458.850049535971,
    7500.789951563002,
    7223.7597545832,
    7249.654921652639,
    7350.658199327994,
    7108.871601494925,
    7225.922711814086,
    7282.301368757417,
    7230.20824779567,
    7260.091955783362,
    7225.487826245505,
    7349.549355007937,
    7322.730220577731,
    7361.341098340453,
    7194.819406844398,
    7255.944021869907,
    7327.327324483562,
    7358.680836595974,
    7502.510834501594,
    7239.737715136147,
    7374.860713640594,
    7208.5964379702555,
    7307.132156386517,
    7251.4790782323,
    7113.358639266581,
    7352.686041195964,
    7197.078034191031,
    7081.191161559808,
    7403.773630131927,
    7263.030960301803,
    7299.66087178012,
    7385.732323672606,
    7290.365150202182,
    7230.0565123610995,
    7259.783212801858,
    7302.831079528522,
    7292.404949782019,
    7284.029846249419,
    7266.721048868636,
    7306.376759199797,
    7381.912824398945,
    7425.029387842871,
    7356.76300458971
  ],
  "per_episode_smoothness": [
    2.3420543670654297,
    2.3511228561401367,
    2.337273120880127,
    2.3679773807525635,
    2.3402512073516846,
    2.3588931560516357,
    2.336730480194092,
    2.342935562133789,
    2.3593451976776123,
    2.3329105377197266,
    2.3368875980377197,
    2.3684539794921875,
    2.3247931003570557,
    2.3424031734466553,
    2.361201047897339,
    2.349022150039673,
    2.3554720878601074,
    2.343181848526001,
    2.34580135345459,
    2.343966484069824,
    2.356884717941284,
    2.338892698287964,
    2.340465545654297,
    2.3296878337860107,
    2.3621413707733154,
    2.3542659282684326,
    2.361725091934204,
    2.3733420372009277,
    2.333153009414673,
    2.361907482147217,
    2.367157220840454,
    2.3360908031463623,
    2.325265884399414,
    2.3375778198242188,
    2.3465452194213867,
    2.3531105518341064,
    2.3281826972961426,
    2.3557071685791016,
    2.3505213260650635,
    2.355654001235962,
    2.3513176441192627,
    2.3622231483459473,
    2.347933769226074,
    2.34477162361145,
    2.366138219833374,
    2.3427391052246094,
    2.3546037673950195,
    2.3507449626922607,
    2.3603134155273438,
    2.356370210647583,
    2.3758912086486816,
    2.3435544967651367,
    2.3532791137695312,
    2.3522355556488037,
    2.3465158939361572,
    2.372629165649414,
    2.3681137561798096,
    2.345719575881958,
    2.3731460571289062,
    2.3549933433532715,
    2.3517532348632812,
    2.3635385036468506,
    2.367575168609619,
    2.3500494956970215,
    2.3472893238067627,
    2.347705125808716,
    2.3515126705169678,
    2.3229548931121826,
    2.3332784175872803,
    2.342128276824951,
    2.3441507816314697,
    2.3417584896087646,
    2.361217737197876,
    2.3623809814453125,
    2.337493658065796,
    2.352297067642212,
    2.338296413421631,
    2.353637456893921,
    2.323512554168701,
    2.356032609939575,
    2.3486385345458984,
    2.3462889194488525,
    2.3564774990081787,
    2.3626654148101807,
    2.3544089794158936,
    2.3474295139312744,
    2.366270065307617,
    2.3519461154937744,
    2.347111225128174,
    2.3467226028442383,
    2.3369874954223633,
    2.3615787029266357,
    2.36702036857605,
    2.3485591411590576,
    2.3470659255981445,
    2.3541998863220215,
    2.341277837753296,
    2.3765194416046143,
    2.360917568206787,
    2.36330246925354
  ],
  "per_episode_costs": [
    0.0,
    0.0,
    0.0,
    0.0,
    0.0,
    0.0,
    0.0,
    0.0,
    0.0,
    0.0,
    0.0,
    0.0,
    0.0,
    0.0,
    0.0,
    0.0,
    0.0,
    0.0,
    0.0,
    0.0,
    0.0,
    0.0,
    0.0,
    0.0,
    0.0,
    0.0,
    0.0,
    0.0,
    0.0,
    0.0,
    0.0,
    0.0,
    0.0,
    0.0,
    0.0,
    0.0,
    0.0,
    0.0,
    0.0,
    0.0,
    0.0,
    0.0,
    0.0,
    0.0,
    0.0,
    0.0,
    0.0,
    0.0,
    0.0,
    0.0,
    0.0,
    0.0,
    0.0,
    0.0,
    0.0,
    0.0,
    0.0,
    0.0,
    0.0,
    0.0,
    0.0,
    0.0,
    0.0,
    0.0,
    0.0,
    0.0,
    0.0,
    0.0,
    0.0,
    0.0,
    0.0,
    0.0,
    0.0,
    0.0,
    0.0,
    0.0,
    0.0,
    0.0,
    0.0,
    0.0,
    0.0,
    0.0,
    0.0,
    0.0,
    0.0,
    0.0,
    0.0,
    0.0,
    0.0,
    0.0,
    0.0,
    0.0,
    0.0,
    0.0,
    0.0,
    0.0,
    0.0,
    0.0,
    0.0,
    0.0
  ]
}