{
  "mean_return": 1056.1403086033104,
  "std_return": 75.32190657137642,
  "se_return": 7.532190657137642,
  "mean_length": 1000.0,
  "mean_action_smoothness": 2.291877735853195,
  "std_action_smoothness": 0.06157085476176487,
  "mean_action_magnitude": 1.6341218411922456,
  "mean_cost": 0.0,
  "total_cost": 0.0,
  "feasibility_rate": 1.0,
  "policy_entropy": 4.962040424346924,
  "q_value_variance": null,
  "mean_recovery_ratio": -9.056271227925498,
  "std_recovery_ratio": 56.41754379578904,
  "n_episodes": 100,
  "per_episode_returns": [
    989.3892712394058,
    1109.5109504706975,
    1123.3994189466334,
    1117.8741316028122,
    1085.9388754319612,
    1043.8971846506404,
    1071.2415407638312,
    1125.2288939671937,
    1125.3890508233715,
    1027.4789991153673,
    1137.6583465004794,
    1095.728380147995,
    1061.9211254262427,
    1069.0929176643417,
    606.8702640195369,
    1083.6245762478195,
    1139.6618163164749,
    1099.492215324668,
    836.2082864195679,
    1058.7997660525348,
    1099.046417663976,
    1103.3118488624418,
    1117.5086948439443,
    1160.9068618217423,
    1118.9102843398914,
    1080.5588105956929,
    959.4438611781234,
    1044.632309422811,
    1109.912535753086,
    1039.5875741812315,
    974.0251490941497,
    1090.0512499040622,
    883.2074541974168,
    1129.4190640656377,
    1072.4878095929116,
    1108.486421717909,
    1064.9811617638277,
    1043.7874838481782,
    1053.0612184496115,
    1042.8663037220192,
    946.8538133534533,
    1039.1783937833175,
    1150.6508037657482,
    1062.1971426603413,
    1047.1995932312295,
    1086.7077929058955,
    1091.1937697118515,
    1024.3249348774898,
    1007.4492406766133,
    1045.5620648380946,
    1043.5443498876975,
    1118.4810337330246,
    1082.195639851111,
    1071.6800172722071,
    1079.1536597224508,
    1103.7565770737274,
    980.90732441002,
    984.9908094764223,
    1028.0505342571307,
    957.7692764147482,
    1039.321622518701,
    1036.7362986686937,
    1031.1915913354806,
    1064.56446830825,
    1160.1013173401006,
    1073.9278640838752,
    1120.304866988851,
    1050.6724668541194,
    1008.533521823704,
    1030.9169176731564,
    939.7220033222009,
    1073.5708485854675,
    1044.776692292136,
    1117.789070872207,
    1106.2255983788493,
    1109.5055160573802,
    1070.2971412639165,
    1001.8423506693874,
    1131.028200581982,
    1002.9465547501374,
    1088.686667533198,
    1070.2046428672083,
    1033.2837422826906,
    1052.8473525987254,
    1036.967221373632,
    1001.921750299252,
    1052.2962963615191,
    1098.9422783562513,
    1171.3545459794752,
    1051.25969009877,
    1000.8262232252073,
    1008.3601662095778,
    1091.2297555376447,
    1168.004197960226,
    1033.8371382448113,
    884.5126456513526,
    1001.9411794711907,
    1122.2669878598022,
    1071.3550054615807,
    1103.5131625375193
  ],
  "per_episode_smoothness": [
    2.276566982269287,
    2.292226791381836,
    2.3262126445770264,
    2.32678484916687,
    2.3027799129486084,
    2.2941272258758545,
    2.2888035774230957,
    2.3125014305114746,
    2.3110029697418213,
    2.2883434295654297,
    2.295339822769165,
    2.2797889709472656,
    2.3133738040924072,
    2.319546699523926,
    1.7108153104782104,
    2.300593614578247,
    2.3103089332580566,
    2.3066225051879883,
    2.208839178085327,
    2.29229998588562,
    2.2914743423461914,
    2.2957630157470703,
    2.309523344039917,
    2.307819366455078,
    2.3051090240478516,
    2.3114540576934814,
    2.2863521575927734,
    2.312908172607422,
    2.3230504989624023,
    2.2905895709991455,
    2.2975480556488037,
    2.315736770629883,
    2.230285167694092,
    2.326345920562744,
    2.321929931640625,
    2.307361602783203,
    2.28747820854187,
    2.304628372192383,
    2.3079187870025635,
    2.2951674461364746,
    2.2715694904327393,
    2.309046506881714,
    2.3050501346588135,
    2.2957141399383545,
    2.3022758960723877,
    2.3047921657562256,
    2.3150293827056885,
    2.299103260040283,
    2.2981224060058594,
    2.3166868686676025,
    2.274064064025879,
    2.2839548587799072,
    2.3077988624572754,
    2.3214268684387207,
    2.308854341506958,
    2.294347047805786,
    2.2794768810272217,
    2.2761359214782715,
    2.3094334602355957,
    2.2573609352111816,
    2.309906482696533,
    2.2943637371063232,
    2.2861905097961426,
    2.3213613033294678,
    2.3129537105560303,
    2.309285879135132,
    2.3168952465057373,
    2.3196892738342285,
    2.280909538269043,
    2.2523033618927,
    2.2740862369537354,
    2.317521572113037,
    2.313660144805908,
    2.3218932151794434,
    2.285600423812866,
    2.2996408939361572,
    2.310300588607788,
    2.2897393703460693,
    2.289806842803955,
    2.256734609603882,
    2.300759792327881,
    2.288142204284668,
    2.2925620079040527,
    2.2983007431030273,
    2.310045003890991,
    2.272942304611206,
    2.301684856414795,
    2.299955368041992,
    2.3071796894073486,
    2.3161447048187256,
    2.284060001373291,
    2.275519847869873,
    2.2983436584472656,
    2.297004461288452,
    2.3046698570251465,
    2.2656869888305664,
    2.287925958633423,
    2.321927785873413,
    2.297044038772583,
    2.2894654273986816
  ],
  "per_episode_costs": [
    0.0,
    0.0,
    0.0,
    0.0,
    0.0,
    0.0,
    0.0,
    0.0,
    0.0,
    0.0,
    0.0,
    0.0,
    0.0,
    0.0,
    0.0,
    0.0,
    0.0,
    0.0,
    0.0,
    0.0,
    0.0,
    0.0,
    0.0,
    0.0,
    0.0,
    0.0,
    0.0,
    0.0,
    0.0,
    0.0,
    0.0,
    0.0,
    0.0,
    0.0,
    0.0,
    0.0,
    0.0,
    0.0,
    0.0,
    0.0,
    0.0,
    0.0,
    0.0,
    0.0,
    0.0,
    0.0,
    0.0,
    0.0,
    0.0,
    0.0,
    0.0,
    0.0,
    0.0,
    0.0,
    0.0,
    0.0,
    0.0,
    0.0,
    0.0,
    0.0,
    0.0,
    0.0,
    0.0,
    0.0,
    0.0,
    0.0,
    0.0,
    0.0,
    0.0,
    0.0,
    0.0,
    0.0,
    0.0,
    0.0,
    0.0,
    0.0,
    0.0,
    0.0,
    0.0,
    0.0,
    0.0,
    0.0,
    0.0,
    0.0,
    0.0,
    0.0,
    0.0,
    0.0,
    0.0,
    0.0,
    0.0,
    0.0,
    0.0,
    0.0,
    0.0,
    0.0,
    0.0,
    0.0,
    0.0,
    0.0
  ]
}