{
  "mean_return": 1050.2750145923223,
  "std_return": 71.7726150707793,
  "se_return": 7.1772615070779295,
  "mean_length": 1000.0,
  "mean_action_smoothness": 2.2886484599113466,
  "std_action_smoothness": 0.05550764332234434,
  "mean_action_magnitude": 1.6328730368614197,
  "mean_cost": 0.0,
  "total_cost": 0.0,
  "feasibility_rate": 1.0,
  "policy_entropy": 4.962040424346924,
  "q_value_variance": null,
  "mean_recovery_ratio": 2.9635589675427423,
  "std_recovery_ratio": 15.137149215972027,
  "n_episodes": 100,
  "per_episode_returns": [
    1048.9859906137094,
    1064.513730411541,
    1026.2440296528603,
    1068.6975592256133,
    1104.1354782727142,
    1072.0670605776058,
    1135.4382866915244,
    962.1106703050525,
    1017.3735869610443,
    1055.5448647075118,
    1079.4914812574236,
    1004.8392628857747,
    1052.381145749535,
    1009.8034774615264,
    1077.374658160173,
    1071.5339484262142,
    972.4351774656539,
    1076.4467778646144,
    977.1259692938186,
    1074.9876832911277,
    868.4929141355564,
    1027.4820935228863,
    942.8115298499805,
    1091.1294251247125,
    1084.5333671239157,
    1009.4281067740994,
    1079.6284776466537,
    966.2760217642355,
    1152.1352512759386,
    1084.2251936677512,
    1054.8148265419513,
    1030.3252521890724,
    1105.5569011297448,
    636.4395442003348,
    866.6435835876267,
    1048.5431860408107,
    1005.5308773979169,
    1052.722706384997,
    968.4330956158935,
    1152.4369136112964,
    1092.1347759553805,
    1059.0443008168045,
    1137.7037025047327,
    1050.5638758325385,
    1087.703936886876,
    997.4175049814748,
    1036.047110026276,
    1137.1905713587616,
    1020.3150347805961,
    1056.0561056345598,
    1143.5568220755476,
    995.5556522331283,
    1037.6210907364211,
    1105.0251277120879,
    1111.1909218033352,
    1105.2421880650236,
    1087.8071055202288,
    1078.7880192191212,
    1111.8963811850774,
    1085.225698980596,
    1055.3050896411503,
    1138.1375487159642,
    964.728221902218,
    1063.9024833189983,
    1161.761949521791,
    1087.0403131995233,
    1105.8734374916535,
    1127.647148385914,
    1065.5673848689835,
    1042.417239736223,
    1030.0827035598663,
    1013.63066422457,
    966.2668458858734,
    1044.133370350139,
    1118.9104140049553,
    1040.3447858158083,
    1088.7815614332656,
    1060.5281889800406,
    1034.6709396033802,
    1069.0982715815608,
    1030.9980879288448,
    1062.4921888343176,
    1019.3307080559264,
    1114.5586784705913,
    1081.5183330924428,
    872.3359122583787,
    1134.5984218299316,
    1094.2683541777146,
    1000.2648380329452,
    1067.556577703769,
    1042.155726066653,
    1062.4170911263504,
    1123.5363948700026,
    1056.014862915075,
    1021.7134431081007,
    1001.6417488768143,
    1042.745227286981,
    1140.0723973288223,
    1088.8226598993174,
    976.4252119783802
  ],
  "per_episode_smoothness": [
    2.272923231124878,
    2.29427433013916,
    2.306809663772583,
    2.3382019996643066,
    2.295361280441284,
    2.3296546936035156,
    2.3080172538757324,
    2.2777459621429443,
    2.295027256011963,
    2.300715684890747,
    2.3279385566711426,
    2.273035764694214,
    2.2931666374206543,
    2.2856905460357666,
    2.316539764404297,
    2.269857168197632,
    2.2854578495025635,
    2.314318895339966,
    2.274909019470215,
    2.292233943939209,
    2.2722530364990234,
    2.2893073558807373,
    2.2326338291168213,
    2.2923896312713623,
    2.305440664291382,
    2.261364459991455,
    2.3365719318389893,
    2.309638738632202,
    2.3070309162139893,
    2.2729084491729736,
    2.261033535003662,
    2.3048346042633057,
    2.2951080799102783,
    1.7771780490875244,
    2.2553913593292236,
    2.276402473449707,
    2.270962715148926,
    2.297337770462036,
    2.2923572063446045,
    2.296250104904175,
    2.3090076446533203,
    2.301215648651123,
    2.2767722606658936,
    2.299795150756836,
    2.28853178024292,
    2.2820889949798584,
    2.2883822917938232,
    2.279283285140991,
    2.304922580718994,
    2.3008267879486084,
    2.2857189178466797,
    2.2812466621398926,
    2.286485195159912,
    2.2895689010620117,
    2.300192356109619,
    2.311488389968872,
    2.3237862586975098,
    2.311084032058716,
    2.287245273590088,
    2.3239426612854004,
    2.28555965423584,
    2.325361967086792,
    2.246290445327759,
    2.3290374279022217,
    2.3159124851226807,
    2.3012897968292236,
    2.318840742111206,
    2.299899101257324,
    2.314332962036133,
    2.293276786804199,
    2.312917470932007,
    2.2782294750213623,
    2.24430251121521,
    2.312777519226074,
    2.3101322650909424,
    2.2598817348480225,
    2.316410541534424,
    2.3022103309631348,
    2.2751550674438477,
    2.2861874103546143,
    2.283400535583496,
    2.272336959838867,
    2.274405002593994,
    2.2963342666625977,
    2.3047266006469727,
    2.24389386177063,
    2.3166518211364746,
    2.3109140396118164,
    2.268876552581787,
    2.3150837421417236,
    2.303832530975342,
    2.308802843093872,
    2.3169596195220947,
    2.264724016189575,
    2.300414800643921,
    2.312073230743408,
    2.2997844219207764,
    2.2818410396575928,
    2.3004865646362305,
    2.2714383602142334
  ],
  "per_episode_costs": [
    0.0,
    0.0,
    0.0,
    0.0,
    0.0,
    0.0,
    0.0,
    0.0,
    0.0,
    0.0,
    0.0,
    0.0,
    0.0,
    0.0,
    0.0,
    0.0,
    0.0,
    0.0,
    0.0,
    0.0,
    0.0,
    0.0,
    0.0,
    0.0,
    0.0,
    0.0,
    0.0,
    0.0,
    0.0,
    0.0,
    0.0,
    0.0,
    0.0,
    0.0,
    0.0,
    0.0,
    0.0,
    0.0,
    0.0,
    0.0,
    0.0,
    0.0,
    0.0,
    0.0,
    0.0,
    0.0,
    0.0,
    0.0,
    0.0,
    0.0,
    0.0,
    0.0,
    0.0,
    0.0,
    0.0,
    0.0,
    0.0,
    0.0,
    0.0,
    0.0,
    0.0,
    0.0,
    0.0,
    0.0,
    0.0,
    0.0,
    0.0,
    0.0,
    0.0,
    0.0,
    0.0,
    0.0,
    0.0,
    0.0,
    0.0,
    0.0,
    0.0,
    0.0,
    0.0,
    0.0,
    0.0,
    0.0,
    0.0,
    0.0,
    0.0,
    0.0,
    0.0,
    0.0,
    0.0,
    0.0,
    0.0,
    0.0,
    0.0,
    0.0,
    0.0,
    0.0,
    0.0,
    0.0,
    0.0,
    0.0
  ]
}