{
  "mean_return": 3217.6383430661103,
  "std_return": 13.99080827403804,
  "se_return": 1.399080827403804,
  "mean_length": 1000.0,
  "mean_action_smoothness": 0.30009200394153596,
  "std_action_smoothness": 0.0041188976389787205,
  "mean_action_magnitude": 0.9153980612754822,
  "mean_cost": 0.0,
  "total_cost": 0.0,
  "feasibility_rate": 1.0,
  "policy_entropy": null,
  "q_value_variance": 0.7578719854354858,
  "mean_recovery_ratio": 1.9088579611818866,
  "std_recovery_ratio": 0.014042646030350239,
  "n_episodes": 100,
  "per_episode_returns": [
    3218.6660499986783,
    3208.447074815368,
    3250.595272928918,
    3214.794324223508,
    3219.7094427176557,
    3210.052915495791,
    3226.3607200025103,
    3207.827501576411,
    3209.0585560768686,
    3228.8699781538444,
    3208.947540230111,
    3211.671764534618,
    3228.152324667066,
    3224.126020758484,
    3212.057747262137,
    3251.483590437448,
    3207.0310304275667,
    3203.718394491899,
    3208.5243997939406,
    3227.555554451937,
    3215.611997824231,
    3211.096397752835,
    3221.3682901541365,
    3212.0821274111763,
    3207.522778330203,
    3218.262085794063,
    3247.1244671745735,
    3203.7118129419046,
    3218.224319362619,
    3217.0829827058474,
    3268.9496721113833,
    3245.834560187385,
    3200.4858143936863,
    3210.4195465190323,
    3224.8685468312074,
    3210.3512063514736,
    3210.714776787973,
    3226.6630018219885,
    3226.7397320953974,
    3209.453131046579,
    3207.118442197806,
    3208.3176567619,
    3212.528361892762,
    3213.167466199073,
    3243.93615079125,
    3215.4406456415,
    3209.4226738939196,
    3206.026089168585,
    3219.7311638826045,
    3212.180747022061,
    3214.9244545352335,
    3209.454319742257,
    3206.219735009571,
    3201.0236178281275,
    3214.424879800525,
    3205.923960993341,
    3211.4975657575837,
    3219.676276769212,
    3201.0760503320316,
    3207.032153402388,
    3221.45565278537,
    3203.366450036459,
    3210.0247056416215,
    3217.702290912348,
    3259.2474017196655,
    3221.7839601061287,
    3201.688505727321,
    3205.6827644254117,
    3208.452077394962,
    3206.1947588045036,
    3213.4771692871045,
    3242.9233333315033,
    3208.2453335061637,
    3218.753955702145,
    3216.4233112279617,
    3206.336652193981,
    3222.488163793208,
    3205.6518175473548,
    3223.6566698170623,
    3221.695669238249,
    3204.870466939249,
    3222.3846732467778,
    3217.4579280097055,
    3225.4756855532773,
    3219.6776343180245,
    3243.719694314124,
    3257.4893867745145,
    3220.9311953166275,
    3206.185860157518,
    3219.965744311762,
    3250.8080145873105,
    3208.404177766185,
    3218.0264306814443,
    3216.033855201159,
    3204.3269461461196,
    3204.7472900202474,
    3207.0352555447325,
    3207.292214166719,
    3217.5713486285667,
    3232.839999464256
  ],
  "per_episode_smoothness": [
    0.29985982179641724,
    0.3023192882537842,
    0.29857009649276733,
    0.3045981228351593,
    0.2967686057090759,
    0.3092764914035797,
    0.3093206584453583,
    0.2938743233680725,
    0.30073726177215576,
    0.30643099546432495,
    0.29751792550086975,
    0.2993626892566681,
    0.29979801177978516,
    0.30131205916404724,
    0.2966485023498535,
    0.29505765438079834,
    0.294348806142807,
    0.30410125851631165,
    0.3058132529258728,
    0.30219587683677673,
    0.2920992970466614,
    0.297233521938324,
    0.2988404929637909,
    0.3033371865749359,
    0.29736918210983276,
    0.3022410273551941,
    0.296657919883728,
    0.30495283007621765,
    0.298298716545105,
    0.30007582902908325,
    0.2989911735057831,
    0.2993709146976471,
    0.3039429783821106,
    0.2988567054271698,
    0.3052445650100708,
    0.30081456899642944,
    0.3028116524219513,
    0.30080458521842957,
    0.30071958899497986,
    0.29963356256484985,
    0.29604002833366394,
    0.2928912937641144,
    0.3045057952404022,
    0.3019729256629944,
    0.3021872639656067,
    0.2966906428337097,
    0.30472707748413086,
    0.3060237467288971,
    0.2995365858078003,
    0.30260324478149414,
    0.29761791229248047,
    0.3037141263484955,
    0.3052719235420227,
    0.3015329837799072,
    0.3026926517486572,
    0.3006083071231842,
    0.2920271158218384,
    0.3014442026615143,
    0.30626872181892395,
    0.2958514094352722,
    0.30190685391426086,
    0.29768863320350647,
    0.29898321628570557,
    0.3003547191619873,
    0.2990456521511078,
    0.3044506013393402,
    0.29683366417884827,
    0.2947736084461212,
    0.2928115427494049,
    0.29157206416130066,
    0.3084632456302643,
    0.3047303855419159,
    0.29123300313949585,
    0.30309513211250305,
    0.2929452955722809,
    0.29732152819633484,
    0.29758450388908386,
    0.29423895478248596,
    0.30190205574035645,
    0.3034105896949768,
    0.2945482134819031,
    0.29993483424186707,
    0.2942066788673401,
    0.3003569543361664,
    0.3044114112854004,
    0.30003687739372253,
    0.3014337718486786,
    0.29639363288879395,
    0.30055171251296997,
    0.29871782660484314,
    0.294920414686203,
    0.2981313169002533,
    0.30605000257492065,
    0.3000839054584503,
    0.2998920679092407,
    0.3062940537929535,
    0.3051679730415344,
    0.30251944065093994,
    0.2965221107006073,
    0.30126598477363586
  ],
  "per_episode_costs": [
    0.0,
    0.0,
    0.0,
    0.0,
    0.0,
    0.0,
    0.0,
    0.0,
    0.0,
    0.0,
    0.0,
    0.0,
    0.0,
    0.0,
    0.0,
    0.0,
    0.0,
    0.0,
    0.0,
    0.0,
    0.0,
    0.0,
    0.0,
    0.0,
    0.0,
    0.0,
    0.0,
    0.0,
    0.0,
    0.0,
    0.0,
    0.0,
    0.0,
    0.0,
    0.0,
    0.0,
    0.0,
    0.0,
    0.0,
    0.0,
    0.0,
    0.0,
    0.0,
    0.0,
    0.0,
    0.0,
    0.0,
    0.0,
    0.0,
    0.0,
    0.0,
    0.0,
    0.0,
    0.0,
    0.0,
    0.0,
    0.0,
    0.0,
    0.0,
    0.0,
    0.0,
    0.0,
    0.0,
    0.0,
    0.0,
    0.0,
    0.0,
    0.0,
    0.0,
    0.0,
    0.0,
    0.0,
    0.0,
    0.0,
    0.0,
    0.0,
    0.0,
    0.0,
    0.0,
    0.0,
    0.0,
    0.0,
    0.0,
    0.0,
    0.0,
    0.0,
    0.0,
    0.0,
    0.0,
    0.0,
    0.0,
    0.0,
    0.0,
    0.0,
    0.0,
    0.0,
    0.0,
    0.0,
    0.0,
    0.0
  ]
}