{
  "mean_return": 3220.9132959040353,
  "std_return": 14.438075563960355,
  "se_return": 1.4438075563960355,
  "mean_length": 1000.0,
  "mean_action_smoothness": 0.30090135425329206,
  "std_action_smoothness": 0.0037362684180895977,
  "mean_action_magnitude": 0.9132157164812088,
  "mean_cost": 0.0,
  "total_cost": 0.0,
  "feasibility_rate": 1.0,
  "policy_entropy": null,
  "q_value_variance": 0.8018221855163574,
  "mean_recovery_ratio": 1.9014002742522522,
  "std_recovery_ratio": 0.013022939763150868,
  "n_episodes": 100,
  "per_episode_returns": [
    3211.7492877044783,
    3227.1290672822006,
    3229.084913589133,
    3217.496172665659,
    3212.929533157405,
    3214.0119895704515,
    3217.524230324859,
    3214.643937326445,
    3212.6957498591646,
    3250.0207695025306,
    3201.890292725673,
    3217.6774168701713,
    3206.0525838774306,
    3201.919429806663,
    3222.3475571321187,
    3223.576369275732,
    3208.1078778023507,
    3245.6022876099646,
    3214.3438488004613,
    3223.541109609375,
    3203.05534169738,
    3230.802864756793,
    3234.9973931475483,
    3202.6916154191003,
    3217.301707210271,
    3211.0102977240444,
    3224.4313719297234,
    3225.2831677583113,
    3221.836950691049,
    3210.70902095359,
    3213.126791436422,
    3219.000468401009,
    3213.9268753940605,
    3211.884640376474,
    3243.148719122913,
    3216.402761553826,
    3264.428496962551,
    3203.3424109810626,
    3219.3832049532816,
    3207.5533192548937,
    3214.0000499508687,
    3232.3384625972976,
    3227.638695844987,
    3208.15634781622,
    3206.9632797440504,
    3214.084834212791,
    3223.2279182974585,
    3235.114056310302,
    3234.7275288817686,
    3212.4197303145042,
    3242.6966233814396,
    3211.294321640614,
    3228.3581699913457,
    3249.0827390659315,
    3202.9518014335904,
    3240.3932849502758,
    3220.215047761531,
    3213.2443161978463,
    3209.9378943680117,
    3242.6289743279476,
    3219.530571609955,
    3204.1643442697723,
    3210.646140599904,
    3225.3497642043526,
    3207.695228472285,
    3211.7303737792217,
    3219.198991373095,
    3209.9432251498774,
    3207.517873715408,
    3243.2302445869987,
    3244.8980111226565,
    3214.236771612176,
    3210.1418229985115,
    3224.1936624083764,
    3224.5250837477784,
    3225.4266722162088,
    3215.286210229553,
    3255.4603035616447,
    3217.889004133961,
    3220.502438453512,
    3212.05537246465,
    3203.2629404282147,
    3212.0963453879262,
    3211.9086800219316,
    3208.870769410853,
    3212.7325073306006,
    3228.26911276139,
    3207.2660971233167,
    3225.9959096031057,
    3216.9345996368897,
    3226.3099443405686,
    3208.8687625796433,
    3219.7630017617766,
    3254.0970877431696,
    3251.7393556298184,
    3210.8792835254094,
    3241.773206731119,
    3266.8969160954503,
    3206.2714366530163,
    3217.635601624041
  ],
  "per_episode_smoothness": [
    0.29987460374832153,
    0.3053816854953766,
    0.3014580309391022,
    0.30093276500701904,
    0.29688751697540283,
    0.30030757188796997,
    0.3014233112335205,
    0.3040449917316437,
    0.29343900084495544,
    0.29965946078300476,
    0.3052477538585663,
    0.30881205201148987,
    0.3021402657032013,
    0.30342063307762146,
    0.30048254132270813,
    0.2977970242500305,
    0.30770790576934814,
    0.3044244945049286,
    0.3051169514656067,
    0.2986984848976135,
    0.3003198504447937,
    0.30377405881881714,
    0.29320207238197327,
    0.30403652787208557,
    0.3042110800743103,
    0.29716941714286804,
    0.30158093571662903,
    0.303629606962204,
    0.3050151467323303,
    0.29680559039115906,
    0.3033628463745117,
    0.30251774191856384,
    0.29669418931007385,
    0.3059443235397339,
    0.3018297851085663,
    0.3050942122936249,
    0.2977834939956665,
    0.3026673495769501,
    0.3022761642932892,
    0.3010614514350891,
    0.2986223101615906,
    0.30263552069664,
    0.303859144449234,
    0.29293617606163025,
    0.2991933524608612,
    0.2976647913455963,
    0.3001615107059479,
    0.29761171340942383,
    0.3039058446884155,
    0.3051454722881317,
    0.2992599606513977,
    0.3058807849884033,
    0.3048303425312042,
    0.29797986149787903,
    0.3008425235748291,
    0.29855120182037354,
    0.2968406081199646,
    0.29691264033317566,
    0.3036300539970398,
    0.304372638463974,
    0.29655715823173523,
    0.3046375513076782,
    0.29624828696250916,
    0.3014579117298126,
    0.305850088596344,
    0.30039340257644653,
    0.30062437057495117,
    0.3073219060897827,
    0.3020026981830597,
    0.2944364845752716,
    0.30231592059135437,
    0.2948542535305023,
    0.2985459864139557,
    0.2979402244091034,
    0.30120256543159485,
    0.301845908164978,
    0.2989864945411682,
    0.29531604051589966,
    0.298707515001297,
    0.3045050799846649,
    0.3084757626056671,
    0.2995482087135315,
    0.30371448397636414,
    0.3047104477882385,
    0.3044869303703308,
    0.30245283246040344,
    0.30138251185417175,
    0.30315154790878296,
    0.30113914608955383,
    0.2917836904525757,
    0.30367380380630493,
    0.30235275626182556,
    0.2903951406478882,
    0.3000952899456024,
    0.3006056547164917,
    0.2983208894729614,
    0.30138880014419556,
    0.30032339692115784,
    0.294948935508728,
    0.29636600613594055
  ],
  "per_episode_costs": [
    0.0,
    0.0,
    0.0,
    0.0,
    0.0,
    0.0,
    0.0,
    0.0,
    0.0,
    0.0,
    0.0,
    0.0,
    0.0,
    0.0,
    0.0,
    0.0,
    0.0,
    0.0,
    0.0,
    0.0,
    0.0,
    0.0,
    0.0,
    0.0,
    0.0,
    0.0,
    0.0,
    0.0,
    0.0,
    0.0,
    0.0,
    0.0,
    0.0,
    0.0,
    0.0,
    0.0,
    0.0,
    0.0,
    0.0,
    0.0,
    0.0,
    0.0,
    0.0,
    0.0,
    0.0,
    0.0,
    0.0,
    0.0,
    0.0,
    0.0,
    0.0,
    0.0,
    0.0,
    0.0,
    0.0,
    0.0,
    0.0,
    0.0,
    0.0,
    0.0,
    0.0,
    0.0,
    0.0,
    0.0,
    0.0,
    0.0,
    0.0,
    0.0,
    0.0,
    0.0,
    0.0,
    0.0,
    0.0,
    0.0,
    0.0,
    0.0,
    0.0,
    0.0,
    0.0,
    0.0,
    0.0,
    0.0,
    0.0,
    0.0,
    0.0,
    0.0,
    0.0,
    0.0,
    0.0,
    0.0,
    0.0,
    0.0,
    0.0,
    0.0,
    0.0,
    0.0,
    0.0,
    0.0,
    0.0,
    0.0
  ]
}