{
  "mean_return": 1028.3441862433317,
  "std_return": 50.16426703286138,
  "se_return": 5.016426703286138,
  "mean_length": 1000.0,
  "mean_action_smoothness": 1.9738824903964995,
  "std_action_smoothness": 0.02832520523718688,
  "mean_action_magnitude": 1.5472584760189056,
  "mean_cost": 0.0,
  "total_cost": 0.0,
  "feasibility_rate": 1.0,
  "policy_entropy": 5.2697625160217285,
  "q_value_variance": null,
  "mean_recovery_ratio": 0.8049441118805689,
  "std_recovery_ratio": 6.284535924807206,
  "n_episodes": 100,
  "per_episode_returns": [
    1014.8525528695628,
    1028.7346898202081,
    1001.5810312246964,
    989.7374955049925,
    1023.7298076839951,
    1009.7844882061061,
    1035.2894675064058,
    964.0299760006802,
    928.3924978998023,
    1024.370002436908,
    1014.7973088844398,
    1062.0733818407973,
    1110.788363285665,
    1075.1544378448432,
    1071.291059152119,
    1047.2086634400882,
    1056.528944575526,
    994.4293931443351,
    1017.0139200888261,
    1077.523807011183,
    1001.2067186196463,
    764.4879682909763,
    1013.1260038245346,
    947.6010786540763,
    1015.2480447644409,
    1001.8934742523572,
    1069.0384781379312,
    953.8181224670778,
    1054.035755610695,
    1010.411227312818,
    992.8286912953502,
    1076.8134401014945,
    1060.5753467824486,
    1134.0950966523112,
    964.7410446715458,
    1026.7038095233645,
    1068.001793031942,
    976.2826848225016,
    1087.2148979986769,
    1061.2502919882686,
    1038.9956259287662,
    1001.0417940093668,
    998.4215304439505,
    976.972557787078,
    1073.8532978943392,
    992.97007475401,
    1025.925752775587,
    1046.758652204675,
    1044.624918566966,
    1020.0494769358112,
    1035.276771766804,
    1068.2723414158056,
    960.3987919307114,
    1076.5158101928298,
    1033.4566210648818,
    1031.1521960123348,
    1047.8286894165417,
    992.8716396120429,
    1048.6071017794704,
    956.6062364559151,
    1129.6246109856518,
    985.3653901222692,
    1065.9519672222477,
    1103.411728075834,
    1010.1310249186678,
    1086.491793557932,
    1113.7879019004604,
    987.7981086537263,
    1055.742373724249,
    1035.45823609553,
    1010.9814690773477,
    1065.8677981091848,
    987.6691435500253,
    1051.2180344270068,
    1034.896755953469,
    1099.6038185707714,
    1018.9526045417105,
    950.5996950368382,
    1025.583488773508,
    1038.5882761090618,
    1058.1926864556297,
    1026.410172961071,
    1037.4850560074074,
    1012.8349101517601,
    973.8329489884459,
    1008.0618993103901,
    1049.382600482499,
    1048.8423282948806,
    1060.1957511410992,
    960.7740298520471,
    1036.131203260687,
    959.0493981960346,
    1064.1965653104648,
    985.4531259768279,
    1057.8616374172225,
    1102.198882036405,
    1069.8877651491157,
    1063.8078073950933,
    1077.3798172347138,
    1027.4306811343738
  ],
  "per_episode_smoothness": [
    1.9824477434158325,
    1.989323616027832,
    1.9658455848693848,
    1.9595760107040405,
    1.9565818309783936,
    1.988213300704956,
    1.995803713798523,
    1.9909647703170776,
    1.983676791191101,
    1.9834903478622437,
    1.9456466436386108,
    1.9730987548828125,
    1.9576103687286377,
    1.996911883354187,
    1.999138593673706,
    1.959954857826233,
    1.9806642532348633,
    2.004547119140625,
    1.9654334783554077,
    1.9887025356292725,
    1.987419843673706,
    1.7511045932769775,
    1.9829766750335693,
    1.9722447395324707,
    1.961082935333252,
    1.985580325126648,
    1.9837913513183594,
    1.9457155466079712,
    1.963805913925171,
    1.9558913707733154,
    1.9708231687545776,
    1.9489922523498535,
    1.9861971139907837,
    1.938741683959961,
    1.9536104202270508,
    1.9774459600448608,
    1.9881876707077026,
    1.9499841928482056,
    1.9542796611785889,
    2.000702142715454,
    2.0034141540527344,
    1.9774318933486938,
    1.973774790763855,
    1.9879264831542969,
    1.988328456878662,
    1.9966742992401123,
    1.982495665550232,
    1.9864829778671265,
    1.9762839078903198,
    1.9905246496200562,
    1.9972041845321655,
    1.9647434949874878,
    1.942063331604004,
    1.9789469242095947,
    1.975777268409729,
    1.979684591293335,
    2.0056850910186768,
    1.9818172454833984,
    1.9782805442810059,
    1.9595633745193481,
    2.000530481338501,
    1.9647178649902344,
    1.9780257940292358,
    2.004822015762329,
    2.01285457611084,
    1.959670066833496,
    1.9901869297027588,
    1.9832152128219604,
    1.9768394231796265,
    1.9949030876159668,
    1.961478352546692,
    1.9950792789459229,
    1.9611603021621704,
    2.0202934741973877,
    1.960782766342163,
    1.9797956943511963,
    1.9674392938613892,
    1.954784870147705,
    1.9606856107711792,
    1.9751912355422974,
    1.9812893867492676,
    1.9700287580490112,
    1.989755630493164,
    2.0067522525787354,
    1.9832509756088257,
    1.943839430809021,
    1.9981547594070435,
    1.9652137756347656,
    1.9615758657455444,
    1.945101022720337,
    1.9815534353256226,
    1.9704973697662354,
    1.9686331748962402,
    1.9790486097335815,
    1.9591468572616577,
    1.962205410003662,
    1.9631503820419312,
    1.9500049352645874,
    1.9693683385849,
    1.983909249305725
  ],
  "per_episode_costs": [
    0.0,
    0.0,
    0.0,
    0.0,
    0.0,
    0.0,
    0.0,
    0.0,
    0.0,
    0.0,
    0.0,
    0.0,
    0.0,
    0.0,
    0.0,
    0.0,
    0.0,
    0.0,
    0.0,
    0.0,
    0.0,
    0.0,
    0.0,
    0.0,
    0.0,
    0.0,
    0.0,
    0.0,
    0.0,
    0.0,
    0.0,
    0.0,
    0.0,
    0.0,
    0.0,
    0.0,
    0.0,
    0.0,
    0.0,
    0.0,
    0.0,
    0.0,
    0.0,
    0.0,
    0.0,
    0.0,
    0.0,
    0.0,
    0.0,
    0.0,
    0.0,
    0.0,
    0.0,
    0.0,
    0.0,
    0.0,
    0.0,
    0.0,
    0.0,
    0.0,
    0.0,
    0.0,
    0.0,
    0.0,
    0.0,
    0.0,
    0.0,
    0.0,
    0.0,
    0.0,
    0.0,
    0.0,
    0.0,
    0.0,
    0.0,
    0.0,
    0.0,
    0.0,
    0.0,
    0.0,
    0.0,
    0.0,
    0.0,
    0.0,
    0.0,
    0.0,
    0.0,
    0.0,
    0.0,
    0.0,
    0.0,
    0.0,
    0.0,
    0.0,
    0.0,
    0.0,
    0.0,
    0.0,
    0.0,
    0.0
  ]
}