{
  "mean_return": 1012.8823052421258,
  "std_return": 59.02265711656724,
  "se_return": 5.902265711656724,
  "mean_length": 1000.0,
  "mean_action_smoothness": 1.9682166504859924,
  "std_action_smoothness": 0.0369924131805883,
  "mean_action_magnitude": 1.546403433084488,
  "mean_cost": 0.0,
  "total_cost": 0.0,
  "feasibility_rate": 1.0,
  "policy_entropy": 5.2697625160217285,
  "q_value_variance": null,
  "mean_recovery_ratio": 1.7149843387508272,
  "std_recovery_ratio": 3.2072107910365597,
  "n_episodes": 100,
  "per_episode_returns": [
    956.2074538373607,
    1040.6200276325376,
    997.0293266330134,
    934.1398131027153,
    1057.924569461568,
    976.7579644733518,
    765.8365744520022,
    1024.1668375002175,
    962.9018916588034,
    976.3744852998863,
    1029.2659793770315,
    1004.9429809399837,
    1011.7827680692727,
    977.8883011942515,
    1102.2622518066482,
    1073.7668329295284,
    1022.409906666778,
    1036.2800715960834,
    972.0062792850297,
    1037.6330939216045,
    950.2793534142913,
    984.8305507668098,
    939.1467780075643,
    1016.5361122373665,
    1065.43990070124,
    1049.7089051640853,
    1069.7155524431448,
    1015.4774860169895,
    959.1287058509727,
    853.2899960895187,
    1043.8936725442009,
    1057.4395697283333,
    1010.3347207916916,
    961.0342287037487,
    1072.97289420413,
    1028.6638786429635,
    1072.0716826945672,
    1005.5323764225028,
    964.2112363325242,
    1078.659787491533,
    1098.6893193107599,
    1006.6026127777817,
    1043.4008136873372,
    1101.796099882491,
    1024.1316866201596,
    804.2857781666495,
    1055.7342993490583,
    1003.364687680873,
    1025.919224550475,
    1033.3843973100754,
    1013.4242719459071,
    998.2083464539601,
    975.3269462574027,
    997.3460482120721,
    1060.9842088352586,
    958.4454595621579,
    1011.227854484365,
    1135.4514157400959,
    950.9279219436911,
    942.4541652267473,
    1068.5751731983644,
    1105.7419381247553,
    1063.4683438816603,
    1013.6776776290609,
    1025.0401434868686,
    1066.3808413220756,
    1072.150540235258,
    938.5321946247242,
    1029.0534532417084,
    1022.8944097673175,
    1037.6912844949281,
    955.4723076826987,
    1012.7368937258369,
    1059.7550968023413,
    1036.1463002840853,
    1001.0888604824821,
    1042.0796984523347,
    1028.9729780916066,
    1029.9017582973654,
    1015.8830511890154,
    869.152752201472,
    1082.1883777952446,
    1049.0264458257234,
    1112.0168544697794,
    1060.7437865164954,
    1017.3499313723398,
    983.7492187667249,
    1020.9592454462171,
    1006.9823509265844,
    1076.3641694926614,
    968.6719568779047,
    980.1752189788825,
    1040.539603101214,
    995.5514229950189,
    1015.1491177988721,
    963.6718972871371,
    1023.1241183728413,
    1069.6002450434553,
    940.9334771793289,
    987.3670326670201
  ],
  "per_episode_smoothness": [
    1.9743890762329102,
    1.9470694065093994,
    1.9563062191009521,
    1.9924230575561523,
    1.9733161926269531,
    1.9587068557739258,
    1.7298872470855713,
    1.9960163831710815,
    1.958726167678833,
    1.9290151596069336,
    1.9752464294433594,
    1.9761946201324463,
    1.973449468612671,
    1.9584916830062866,
    1.9904788732528687,
    1.9624998569488525,
    2.0011258125305176,
    1.979583740234375,
    1.9464589357376099,
    1.9878681898117065,
    1.9624600410461426,
    2.0020945072174072,
    2.000119924545288,
    1.970853567123413,
    1.965450406074524,
    1.976645827293396,
    1.9833537340164185,
    1.9639558792114258,
    1.9605259895324707,
    1.9556641578674316,
    1.9515100717544556,
    1.9727035760879517,
    1.9982378482818604,
    1.9647477865219116,
    1.9694777727127075,
    1.9502569437026978,
    1.9784812927246094,
    1.9768720865249634,
    1.9620637893676758,
    1.9716743230819702,
    1.9487450122833252,
    1.9921151399612427,
    1.9928127527236938,
    1.9758222103118896,
    1.9956470727920532,
    1.754035472869873,
    1.9420989751815796,
    1.9654887914657593,
    1.9941401481628418,
    1.9796881675720215,
    1.9316920042037964,
    1.9795652627944946,
    1.9735004901885986,
    1.9776439666748047,
    1.9376884698867798,
    1.9513657093048096,
    1.9492247104644775,
    1.999527931213379,
    1.938315749168396,
    1.94260573387146,
    1.9896320104599,
    1.9790575504302979,
    1.9872859716415405,
    1.97677743434906,
    1.9968464374542236,
    1.9715138673782349,
    1.9723178148269653,
    1.9883233308792114,
    1.9896918535232544,
    1.9832683801651,
    1.9977760314941406,
    1.9842441082000732,
    1.9808404445648193,
    1.9761165380477905,
    1.9767054319381714,
    1.9656226634979248,
    1.9533041715621948,
    1.980289101600647,
    1.9618510007858276,
    1.993241786956787,
    1.924912452697754,
    1.9709193706512451,
    1.9957106113433838,
    1.9662572145462036,
    1.9470446109771729,
    1.965612530708313,
    1.9824168682098389,
    2.0073394775390625,
    1.9577614068984985,
    1.9795706272125244,
    1.9985214471817017,
    1.9521522521972656,
    1.9857597351074219,
    1.9624656438827515,
    1.9745423793792725,
    1.9945001602172852,
    1.9780573844909668,
    1.988520860671997,
    1.984464168548584,
    1.9743032455444336
  ],
  "per_episode_costs": [
    0.0,
    0.0,
    0.0,
    0.0,
    0.0,
    0.0,
    0.0,
    0.0,
    0.0,
    0.0,
    0.0,
    0.0,
    0.0,
    0.0,
    0.0,
    0.0,
    0.0,
    0.0,
    0.0,
    0.0,
    0.0,
    0.0,
    0.0,
    0.0,
    0.0,
    0.0,
    0.0,
    0.0,
    0.0,
    0.0,
    0.0,
    0.0,
    0.0,
    0.0,
    0.0,
    0.0,
    0.0,
    0.0,
    0.0,
    0.0,
    0.0,
    0.0,
    0.0,
    0.0,
    0.0,
    0.0,
    0.0,
    0.0,
    0.0,
    0.0,
    0.0,
    0.0,
    0.0,
    0.0,
    0.0,
    0.0,
    0.0,
    0.0,
    0.0,
    0.0,
    0.0,
    0.0,
    0.0,
    0.0,
    0.0,
    0.0,
    0.0,
    0.0,
    0.0,
    0.0,
    0.0,
    0.0,
    0.0,
    0.0,
    0.0,
    0.0,
    0.0,
    0.0,
    0.0,
    0.0,
    0.0,
    0.0,
    0.0,
    0.0,
    0.0,
    0.0,
    0.0,
    0.0,
    0.0,
    0.0,
    0.0,
    0.0,
    0.0,
    0.0,
    0.0,
    0.0,
    0.0,
    0.0,
    0.0,
    0.0
  ]
}