{
  "mean_return": 27.285772481847694,
  "std_return": 1.1332794390359955,
  "se_return": 0.11332794390359954,
  "mean_length": 1000.0,
  "mean_action_smoothness": 0.1718643321465655,
  "std_action_smoothness": 0.022594703180452688,
  "mean_action_magnitude": 0.9596806024699782,
  "mean_cost": 55.5,
  "total_cost": 5550.0,
  "feasibility_rate": 0.13,
  "policy_entropy": null,
  "q_value_variance": 5.901950135012157e-05,
  "mean_recovery_ratio": 1.6407853664013907,
  "std_recovery_ratio": 0.6133568796705496,
  "n_episodes": 100,
  "per_episode_returns": [
    26.729783176077525,
    27.179318058472372,
    27.84129316451368,
    27.127634063251783,
    27.086680380492677,
    28.540192685960218,
    28.272162361627462,
    25.974233173717355,
    26.503213684304036,
    27.683027014070838,
    26.782082474129943,
    26.11903799662389,
    26.816150591151825,
    26.355883694866556,
    25.655208458573707,
    25.549940322722676,
    26.835119116511077,
    26.43785577225068,
    25.740644913495366,
    24.94473455191614,
    27.679250081482646,
    28.290173389130327,
    28.75674681022066,
    25.410435845311014,
    25.39974071065288,
    27.183872552454815,
    28.417157628353,
    26.538981576576333,
    27.430875723706755,
    26.79106958119378,
    26.47468025016932,
    27.793465967381216,
    26.561056106598343,
    27.11525941382381,
    27.674630786198062,
    29.517553389962718,
    29.413027125612903,
    25.57020610485984,
    24.856497645070295,
    27.29815101705156,
    26.92021851929811,
    27.266604528502675,
    26.544230717309205,
    26.820016029574305,
    27.459597555580707,
    28.47293593782938,
    24.562927120276896,
    26.76152425329103,
    29.065981021651602,
    27.483848783201026,
    26.43089059172084,
    28.79484757133468,
    27.956995771127094,
    27.087637556854386,
    27.509452546692426,
    26.31621866326163,
    26.17571140413115,
    27.837491941670518,
    27.910236005702295,
    27.78432213878467,
    26.505260613401653,
    27.524839562783082,
    28.531222351037805,
    25.245283251644732,
    28.316142081987685,
    26.96896139240295,
    29.727290174595883,
    28.18597206522501,
    29.015558881415142,
    27.817066514984514,
    26.667322187698694,
    26.72084386411125,
    26.6929684602124,
    27.17216221165299,
    28.395536028874208,
    25.804730891063286,
    27.973352666941217,
    27.402050692512937,
    28.66708127838233,
    28.04336005856414,
    25.546575272208177,
    28.686123315453887,
    27.564091741672172,
    28.10411154660628,
    29.94163985846646,
    29.070910738410493,
    28.077267182087223,
    26.82839984521066,
    29.405688578223323,
    28.235923339790332,
    26.603446089161878,
    26.239530703444295,
    26.896360400966113,
    27.102293106532827,
    26.777796856455513,
    27.421821780334767,
    29.136648508476245,
    27.635703658483642,
    27.60593415316784,
    26.811260261790867
  ],
  "per_episode_smoothness": [
    0.17825475084353823,
    0.1617223440695607,
    0.1947809651650464,
    0.17090632837030217,
    0.20835049627024957,
    0.1693983628782544,
    0.14232677327690516,
    0.15810125630908353,
    0.14966659720343348,
    0.19115730652760293,
    0.19865531508064577,
    0.183516906524057,
    0.17383080003761237,
    0.19892524535884676,
    0.1745167038292899,
    0.2126086523582191,
    0.14886545902821274,
    0.19181578750103567,
    0.16572777934215288,
    0.22129961660264888,
    0.13910516759726027,
    0.16669857021423798,
    0.18374464572507457,
    0.22088820841548903,
    0.20261642386202433,
    0.1915633354578896,
    0.1907620366460205,
    0.1848463303846034,
    0.13394906136892284,
    0.23131403269912998,
    0.16409763789666337,
    0.16786111955017574,
    0.18145039490428777,
    0.14301661729615442,
    0.1484440237171183,
    0.17830481522634395,
    0.17989633840588418,
    0.16536778132118898,
    0.168834670917585,
    0.17284515744957554,
    0.18858073320902968,
    0.1628098003819661,
    0.2059322394679844,
    0.15612992618761465,
    0.15535845024198774,
    0.15574469024925258,
    0.1784332161567672,
    0.1462293297146527,
    0.1185087084771324,
    0.15897507488632961,
    0.18448420116559575,
    0.20711896315349218,
    0.1771724760784018,
    0.1822172831101439,
    0.17703374052488363,
    0.15811334110610653,
    0.21651164497537898,
    0.19887784796023336,
    0.14422026847978925,
    0.15414160928977116,
    0.13596120350938376,
    0.14693476825199084,
    0.15979692425039066,
    0.2016480203479581,
    0.16975396667775242,
    0.21753873766463847,
    0.16074327953235631,
    0.2044791162229682,
    0.14930257583394557,
    0.14331146366557246,
    0.19580962805968619,
    0.16292295599686343,
    0.1431920874515785,
    0.14512866559356416,
    0.1456714168474429,
    0.18493834598737383,
    0.1971570785362691,
    0.16632441288162148,
    0.16304717177922326,
    0.17223586048094586,
    0.152893703223147,
    0.15501991112321614,
    0.1662303480003856,
    0.1667647822163403,
    0.1337955721537997,
    0.17754783139165872,
    0.15701723009541954,
    0.1921295502317435,
    0.1897276694327864,
    0.15313768405502362,
    0.17206890470213293,
    0.16578115138183794,
    0.17990636666332593,
    0.16427481047068382,
    0.17520341265207168,
    0.14036983699063174,
    0.15133000224121562,
    0.16233481476490028,
    0.15776536796017224,
    0.1706092248856869
  ],
  "per_episode_costs": [
    75.0,
    87.0,
    28.0,
    84.0,
    24.0,
    0.0,
    24.0,
    66.0,
    100.0,
    76.0,
    149.0,
    56.0,
    0.0,
    52.0,
    63.0,
    82.0,
    87.0,
    122.0,
    65.0,
    72.0,
    63.0,
    79.0,
    73.0,
    0.0,
    98.0,
    78.0,
    88.0,
    147.0,
    22.0,
    0.0,
    98.0,
    95.0,
    77.0,
    87.0,
    8.0,
    46.0,
    22.0,
    77.0,
    33.0,
    34.0,
    86.0,
    0.0,
    77.0,
    76.0,
    34.0,
    36.0,
    41.0,
    0.0,
    84.0,
    0.0,
    21.0,
    20.0,
    82.0,
    79.0,
    0.0,
    86.0,
    70.0,
    80.0,
    58.0,
    79.0,
    58.0,
    109.0,
    152.0,
    99.0,
    64.0,
    0.0,
    38.0,
    22.0,
    0.0,
    62.0,
    46.0,
    16.0,
    45.0,
    41.0,
    16.0,
    104.0,
    10.0,
    87.0,
    101.0,
    30.0,
    26.0,
    30.0,
    25.0,
    44.0,
    49.0,
    53.0,
    0.0,
    64.0,
    83.0,
    59.0,
    96.0,
    86.0,
    48.0,
    0.0,
    0.0,
    41.0,
    37.0,
    100.0,
    49.0,
    14.0
  ]
}