{
  "mean_return": -292.175658820483,
  "std_return": 77.37012175148655,
  "se_return": 7.737012175148655,
  "mean_length": 1000.0,
  "mean_action_smoothness": 1.9391861629486085,
  "mean_cost": 0.0,
  "feasibility_rate": 1.0,
  "per_episode_returns": [
    -202.29380025079593,
    -341.9102682988708,
    -304.06151283692,
    -279.7016485051319,
    -301.22011813748895,
    -319.40462635890964,
    -274.0925455713256,
    -209.3628117678075,
    -199.79411116866547,
    -347.7994097628506,
    -270.2273728397346,
    -314.02680278652184,
    -225.42956176578173,
    -307.1633426390222,
    -279.19986306704743,
    -305.4528683391329,
    -342.4948927327573,
    -272.9321972183556,
    -387.3852850074357,
    -206.70329418457715,
    -164.66016162256838,
    -405.47413689263834,
    -332.2678996346434,
    -264.21411508670064,
    -290.29316363311057,
    -359.42112435078735,
    -247.16405061542562,
    -248.8492996272451,
    -267.23771255180395,
    -312.92378986152795,
    -195.0485677491633,
    -319.37301332928405,
    -194.9545916154973,
    -166.85517983668439,
    -325.01579401574014,
    -314.3665278925295,
    -305.1020447490496,
    -320.26377351886356,
    -186.76162641075118,
    -221.50029163614224,
    -343.04222280621275,
    -261.9315809211467,
    -404.26231874524206,
    -264.93391196045985,
    -166.68430645946566,
    -194.86459041070904,
    -306.32437495755397,
    -380.285280558592,
    -205.3757323270733,
    -240.80731156990637,
    -380.56791093294805,
    -150.9635896027538,
    -215.99281829742253,
    -280.6085564706499,
    -487.08459495688555,
    -176.28478351710115,
    -317.1645343773132,
    -308.31678566763424,
    -228.80627022758378,
    -269.5600490419338,
    -282.1740788933432,
    -500.1904209922202,
    -237.74240126037267,
    -248.49212025435753,
    -287.6275219467461,
    -301.8672990601093,
    -574.4885796242841,
    -294.53984828402827,
    -364.79911739713805,
    -232.30615472775528,
    -434.7042612143423,
    -404.54227354872256,
    -412.02241571269536,
    -300.47836519384555,
    -340.6515501788954,
    -194.80589190391157,
    -347.41006049292395,
    -313.6246981803908,
    -147.35627880696242,
    -239.03472469484706,
    -422.43185779652435,
    -260.24644222193325,
    -324.582644633111,
    -311.32710689866224,
    -349.6525869389273,
    -313.05169505316906,
    -243.33651529721448,
    -369.5339306485283,
    -308.82378444402553,
    -270.46873721752263,
    -251.33778215233008,
    -259.9345042606412,
    -336.3432637531189,
    -337.34234973426345,
    -304.8979427662891,
    -189.8830709527889,
    -325.0759767118759,
    -198.11854413071833,
    -407.09313861240497,
    -258.96122377848525
  ],
  "per_episode_costs": [
    0.0,
    0.0,
    0.0,
    0.0,
    0.0,
    0.0,
    0.0,
    0.0,
    0.0,
    0.0,
    0.0,
    0.0,
    0.0,
    0.0,
    0.0,
    0.0,
    0.0,
    0.0,
    0.0,
    0.0,
    0.0,
    0.0,
    0.0,
    0.0,
    0.0,
    0.0,
    0.0,
    0.0,
    0.0,
    0.0,
    0.0,
    0.0,
    0.0,
    0.0,
    0.0,
    0.0,
    0.0,
    0.0,
    0.0,
    0.0,
    0.0,
    0.0,
    0.0,
    0.0,
    0.0,
    0.0,
    0.0,
    0.0,
    0.0,
    0.0,
    0.0,
    0.0,
    0.0,
    0.0,
    0.0,
    0.0,
    0.0,
    0.0,
    0.0,
    0.0,
    0.0,
    0.0,
    0.0,
    0.0,
    0.0,
    0.0,
    0.0,
    0.0,
    0.0,
    0.0,
    0.0,
    0.0,
    0.0,
    0.0,
    0.0,
    0.0,
    0.0,
    0.0,
    0.0,
    0.0,
    0.0,
    0.0,
    0.0,
    0.0,
    0.0,
    0.0,
    0.0,
    0.0,
    0.0,
    0.0,
    0.0,
    0.0,
    0.0,
    0.0,
    0.0,
    0.0,
    0.0,
    0.0,
    0.0,
    0.0
  ],
  "n_episodes": 100
}