{
  "mean_return": -282.68660299459646,
  "std_return": 80.45359511446269,
  "se_return": 8.045359511446268,
  "mean_length": 1000.0,
  "mean_action_smoothness": 1.9366608703136443,
  "mean_cost": 0.0,
  "feasibility_rate": 1.0,
  "per_episode_returns": [
    -298.518698538709,
    -265.9934204353166,
    -249.89743001592723,
    -349.30647347619646,
    -359.7051599810338,
    -413.13301605696205,
    -373.5544574054569,
    -266.3862854745954,
    -183.64418498258945,
    -329.3489137890717,
    -288.88597888693255,
    -403.23687810400855,
    -233.68389411202085,
    -290.3751509643195,
    -227.61703757543327,
    -269.54586108842193,
    -293.91572457159697,
    -315.5302397409782,
    -365.6737733272871,
    -260.9733340752965,
    -314.21946962178333,
    -376.6620470003977,
    -331.8124954218686,
    -429.58141485002653,
    -409.406518199135,
    -263.6465800110618,
    -353.47961595197916,
    -299.519230378742,
    -366.253338589669,
    -363.8118708555966,
    -466.67228104329655,
    -308.20535644727516,
    -351.88941994464153,
    -203.7691993614803,
    -208.69626915376557,
    -302.59949313620865,
    -223.08690310181427,
    -380.32560783760596,
    -128.22972545750676,
    -330.2291235673602,
    -342.98037271687804,
    -355.36440764691986,
    -194.15926098338986,
    -258.0268694887557,
    -334.94379469632895,
    -387.0897371132312,
    -194.13410937675405,
    -356.72861826677325,
    -182.96790511287074,
    -422.3907074274302,
    -268.83353052640825,
    -241.01606507227586,
    -264.0013442993936,
    -343.19904195836034,
    -239.9613938387081,
    -129.96923040283218,
    -279.48033362120515,
    -317.25034333347236,
    -305.2902504275524,
    -170.72772742771778,
    -286.16928501969295,
    -389.13103065404755,
    -289.0160709142989,
    -71.82475746014964,
    -221.82721236159747,
    -204.4835454936735,
    -318.1572065312241,
    -263.16266734729476,
    -201.74081044098867,
    -335.9001794498405,
    -249.9935081699525,
    -99.06598304937965,
    -169.73168532310612,
    -452.6779588932273,
    -241.5391194556077,
    -262.50212026419223,
    -216.12022599635455,
    -222.89277799583837,
    -292.4760260645843,
    -447.5609826762138,
    -313.22041114033556,
    -182.8154889576261,
    -383.76885347655826,
    -340.70309397916947,
    -143.36709261073878,
    -158.16428450487666,
    -275.8531966027836,
    -241.90708892241437,
    -272.9977978978533,
    -280.51758484149985,
    -126.74707590591346,
    -250.37362216453732,
    -255.85576702888218,
    -209.13023546846088,
    -238.4879599691617,
    -311.1647471608986,
    -258.13066719936137,
    -265.75606812053184,
    -242.79093622626132,
    -241.3982574498931
  ],
  "per_episode_costs": [
    0.0,
    0.0,
    0.0,
    0.0,
    0.0,
    0.0,
    0.0,
    0.0,
    0.0,
    0.0,
    0.0,
    0.0,
    0.0,
    0.0,
    0.0,
    0.0,
    0.0,
    0.0,
    0.0,
    0.0,
    0.0,
    0.0,
    0.0,
    0.0,
    0.0,
    0.0,
    0.0,
    0.0,
    0.0,
    0.0,
    0.0,
    0.0,
    0.0,
    0.0,
    0.0,
    0.0,
    0.0,
    0.0,
    0.0,
    0.0,
    0.0,
    0.0,
    0.0,
    0.0,
    0.0,
    0.0,
    0.0,
    0.0,
    0.0,
    0.0,
    0.0,
    0.0,
    0.0,
    0.0,
    0.0,
    0.0,
    0.0,
    0.0,
    0.0,
    0.0,
    0.0,
    0.0,
    0.0,
    0.0,
    0.0,
    0.0,
    0.0,
    0.0,
    0.0,
    0.0,
    0.0,
    0.0,
    0.0,
    0.0,
    0.0,
    0.0,
    0.0,
    0.0,
    0.0,
    0.0,
    0.0,
    0.0,
    0.0,
    0.0,
    0.0,
    0.0,
    0.0,
    0.0,
    0.0,
    0.0,
    0.0,
    0.0,
    0.0,
    0.0,
    0.0,
    0.0,
    0.0,
    0.0,
    0.0,
    0.0
  ],
  "n_episodes": 100
}