{
  "mean_return": 3495.17914140282,
  "std_return": 2.4526264569880434,
  "se_return": 0.24526264569880435,
  "mean_length": 1000.0,
  "mean_action_smoothness": 0.13489838242530822,
  "std_action_smoothness": 0.00041379952053832226,
  "mean_action_magnitude": 0.8423360949754715,
  "mean_cost": 0.0,
  "total_cost": 0.0,
  "feasibility_rate": 1.0,
  "policy_entropy": 2.495448350906372,
  "q_value_variance": null,
  "mean_recovery_ratio": 2.1139750067106027,
  "std_recovery_ratio": 0.009825563019956891,
  "n_episodes": 100,
  "per_episode_returns": [
    3494.6054539834795,
    3494.559121539704,
    3496.453387901955,
    3495.2557059204055,
    3492.2936428411663,
    3492.0051346809637,
    3493.359017846795,
    3498.4641057756617,
    3493.108477601559,
    3493.149304358659,
    3498.47014494921,
    3497.0227670586087,
    3494.184853537569,
    3492.050687865733,
    3496.901046051541,
    3494.673859843753,
    3497.654215715155,
    3492.3825124382797,
    3495.2205253800385,
    3492.5684007955115,
    3494.749993228505,
    3492.9456657398237,
    3491.6301892666997,
    3497.217313407392,
    3491.2331215869835,
    3494.9478108056,
    3494.5301828115207,
    3494.991920204805,
    3495.272212835868,
    3493.9518415296825,
    3494.065555484767,
    3493.424277218828,
    3497.0851411125363,
    3494.1509975175977,
    3492.745539000856,
    3493.2234658237444,
    3495.9197446497196,
    3495.683530275359,
    3495.5773007376124,
    3498.265941806074,
    3498.814611436858,
    3491.913248899971,
    3495.35752173319,
    3498.959547668155,
    3496.1577751689288,
    3495.9373273082924,
    3489.468782327337,
    3496.213164944825,
    3495.9735997043417,
    3498.040966339465,
    3503.583426877627,
    3497.983167563342,
    3493.6093452045093,
    3493.7091604039324,
    3495.6766762662355,
    3495.688673838807,
    3493.2928524942026,
    3494.5106057728185,
    3496.4565382415235,
    3498.1868503466826,
    3494.9432062803285,
    3496.6906370105607,
    3494.553287737296,
    3490.5536180527643,
    3497.5646155138484,
    3499.1432493556536,
    3491.6106690788115,
    3491.619493060051,
    3496.0805667209015,
    3497.751859134088,
    3494.0739854086046,
    3498.816701060981,
    3495.463065262426,
    3496.125083702421,
    3495.2083317106235,
    3496.2286397658822,
    3491.3417813979395,
    3492.9077376307087,
    3499.267661521346,
    3493.914619593053,
    3493.78729102474,
    3496.7702689634734,
    3495.9161335401163,
    3499.189790020473,
    3493.909737076924,
    3496.805407059464,
    3490.2892868139434,
    3494.430845977017,
    3493.3161303652023,
    3499.6073295809542,
    3500.573759954901,
    3495.751869725532,
    3495.572088648141,
    3496.567575177938,
    3492.249828868006,
    3493.826658790968,
    3495.7258134537337,
    3497.476953276463,
    3493.328848864105,
    3493.431760430725
  ],
  "per_episode_smoothness": [
    0.13455802202224731,
    0.13486719131469727,
    0.13488911092281342,
    0.13499346375465393,
    0.13513357937335968,
    0.13495489954948425,
    0.1346496045589447,
    0.13462664186954498,
    0.13438525795936584,
    0.1343744844198227,
    0.1343759000301361,
    0.13513492047786713,
    0.13525040447711945,
    0.13465696573257446,
    0.13503246009349823,
    0.1350049376487732,
    0.1349155157804489,
    0.13521024584770203,
    0.13445277512073517,
    0.1348181664943695,
    0.13503484427928925,
    0.13512468338012695,
    0.13461850583553314,
    0.13464194536209106,
    0.1347425878047943,
    0.13556839525699615,
    0.13497209548950195,
    0.1344192624092102,
    0.13470284640789032,
    0.13452769815921783,
    0.13464879989624023,
    0.135297954082489,
    0.13531215488910675,
    0.13518723845481873,
    0.134950652718544,
    0.1360931396484375,
    0.13459718227386475,
    0.13495506346225739,
    0.13449706137180328,
    0.13580314815044403,
    0.13535620272159576,
    0.13486339151859283,
    0.13579706847667694,
    0.13520219922065735,
    0.1343385875225067,
    0.13466762006282806,
    0.13494686782360077,
    0.13534417748451233,
    0.13461200892925262,
    0.1353263109922409,
    0.13556848466396332,
    0.13493314385414124,
    0.13536348938941956,
    0.1345546394586563,
    0.13469016551971436,
    0.13491731882095337,
    0.13423000276088715,
    0.13435080647468567,
    0.13587455451488495,
    0.13440284132957458,
    0.13426797091960907,
    0.1355195790529251,
    0.1343047320842743,
    0.1351887732744217,
    0.1345050036907196,
    0.13544175028800964,
    0.13417914509773254,
    0.13440756499767303,
    0.13540059328079224,
    0.13480226695537567,
    0.13522464036941528,
    0.13482031226158142,
    0.13535334169864655,
    0.13515450060367584,
    0.13524886965751648,
    0.13420738279819489,
    0.1347179263830185,
    0.1342899054288864,
    0.1349891722202301,
    0.13502173125743866,
    0.13475003838539124,
    0.1348429173231125,
    0.13445119559764862,
    0.13477040827274323,
    0.13452503085136414,
    0.1350567489862442,
    0.13465841114521027,
    0.13483774662017822,
    0.13458286225795746,
    0.135148823261261,
    0.1350858211517334,
    0.1357998549938202,
    0.13501544296741486,
    0.1353410929441452,
    0.13467800617218018,
    0.13503819704055786,
    0.1340654045343399,
    0.13505467772483826,
    0.13504621386528015,
    0.13472449779510498
  ],
  "per_episode_costs": [
    0.0,
    0.0,
    0.0,
    0.0,
    0.0,
    0.0,
    0.0,
    0.0,
    0.0,
    0.0,
    0.0,
    0.0,
    0.0,
    0.0,
    0.0,
    0.0,
    0.0,
    0.0,
    0.0,
    0.0,
    0.0,
    0.0,
    0.0,
    0.0,
    0.0,
    0.0,
    0.0,
    0.0,
    0.0,
    0.0,
    0.0,
    0.0,
    0.0,
    0.0,
    0.0,
    0.0,
    0.0,
    0.0,
    0.0,
    0.0,
    0.0,
    0.0,
    0.0,
    0.0,
    0.0,
    0.0,
    0.0,
    0.0,
    0.0,
    0.0,
    0.0,
    0.0,
    0.0,
    0.0,
    0.0,
    0.0,
    0.0,
    0.0,
    0.0,
    0.0,
    0.0,
    0.0,
    0.0,
    0.0,
    0.0,
    0.0,
    0.0,
    0.0,
    0.0,
    0.0,
    0.0,
    0.0,
    0.0,
    0.0,
    0.0,
    0.0,
    0.0,
    0.0,
    0.0,
    0.0,
    0.0,
    0.0,
    0.0,
    0.0,
    0.0,
    0.0,
    0.0,
    0.0,
    0.0,
    0.0,
    0.0,
    0.0,
    0.0,
    0.0,
    0.0,
    0.0,
    0.0,
    0.0,
    0.0,
    0.0
  ]
}