{
  "mean_return": 3494.8992269639157,
  "std_return": 2.2712610428187245,
  "se_return": 0.22712610428187247,
  "mean_length": 1000.0,
  "mean_action_smoothness": 0.13482651129364967,
  "std_action_smoothness": 0.0004531559252119838,
  "mean_action_magnitude": 0.8422109055519104,
  "mean_cost": 0.0,
  "total_cost": 0.0,
  "feasibility_rate": 1.0,
  "policy_entropy": 2.495448350906372,
  "q_value_variance": null,
  "mean_recovery_ratio": 2.113159624180582,
  "std_recovery_ratio": 0.012159764188304573,
  "n_episodes": 100,
  "per_episode_returns": [
    3493.7745968830964,
    3498.516446014576,
    3497.5816262546045,
    3496.087227745552,
    3495.6638273581566,
    3495.497112281031,
    3496.2451642340884,
    3495.7716957849784,
    3496.7721417024986,
    3491.6117397938015,
    3494.629181039355,
    3491.9354532302837,
    3494.650195847259,
    3496.902760590696,
    3496.3041147705767,
    3492.4145726555894,
    3496.066214217985,
    3496.110314480936,
    3495.347495900453,
    3500.0809239243777,
    3498.0530576843184,
    3494.579349496373,
    3497.4380219617724,
    3496.925903330728,
    3492.870725965498,
    3493.958408373478,
    3492.290719721598,
    3491.4532101973186,
    3494.183365778455,
    3497.7617003066302,
    3494.554416095384,
    3495.153182850272,
    3495.765244799047,
    3493.589607970606,
    3495.946518372272,
    3496.2700899600754,
    3495.173076385083,
    3491.428515216257,
    3491.2688613227524,
    3497.2023759038734,
    3497.1479216328985,
    3497.5739003241647,
    3493.285493636386,
    3496.907443354871,
    3493.1683299281226,
    3497.2606589063066,
    3496.058614792917,
    3491.430100895388,
    3494.2750901891372,
    3491.693084498227,
    3494.072954586299,
    3497.1545145153996,
    3500.8604377215884,
    3494.8242602504765,
    3493.0684595723346,
    3496.1952715340026,
    3493.197736151329,
    3497.4661912002725,
    3492.9591886508156,
    3494.825929458722,
    3492.6408286081664,
    3491.991247292995,
    3493.6209666579853,
    3489.7896749517467,
    3494.2343137745406,
    3493.020022665844,
    3492.1167039315433,
    3491.517223054527,
    3495.9758339225964,
    3495.4929141406456,
    3491.4334992522063,
    3494.749816050169,
    3494.148743214176,
    3493.353136618802,
    3496.371159993592,
    3495.4222443747403,
    3498.969368138409,
    3498.622845294931,
    3494.441128453413,
    3493.5423416497615,
    3496.2039103080797,
    3495.7256325930475,
    3494.0383453476024,
    3493.116761308063,
    3489.2130598703598,
    3499.4136606546585,
    3493.4162789807783,
    3497.0395997352343,
    3496.348359375802,
    3492.8282376279835,
    3492.5666416370314,
    3497.532634646782,
    3494.311280606967,
    3493.005093337768,
    3493.4859689224754,
    3496.4531981037426,
    3498.236695355804,
    3493.5041288175476,
    3494.522547893557,
    3496.251911026222
  ],
  "per_episode_smoothness": [
    0.13472820818424225,
    0.13516555726528168,
    0.13546660542488098,
    0.13537469506263733,
    0.1345580518245697,
    0.1339077651500702,
    0.1346483826637268,
    0.13554872572422028,
    0.13496233522891998,
    0.13500313460826874,
    0.1345134973526001,
    0.13454556465148926,
    0.1340743452310562,
    0.13469094038009644,
    0.1346319019794464,
    0.1345151960849762,
    0.13453097641468048,
    0.13441072404384613,
    0.1348128467798233,
    0.1360025554895401,
    0.13520057499408722,
    0.13487988710403442,
    0.13584794104099274,
    0.1352606862783432,
    0.1353946179151535,
    0.1354619264602661,
    0.13420608639717102,
    0.13437095284461975,
    0.13425059616565704,
    0.13489684462547302,
    0.135057732462883,
    0.13481388986110687,
    0.13527651131153107,
    0.13534702360630035,
    0.13523392379283905,
    0.13433825969696045,
    0.1346912384033203,
    0.1347545087337494,
    0.13526062667369843,
    0.13476033508777618,
    0.13588573038578033,
    0.13545091450214386,
    0.1342896968126297,
    0.13526934385299683,
    0.13454338908195496,
    0.1347144991159439,
    0.13441942632198334,
    0.13537755608558655,
    0.13452588021755219,
    0.13495111465454102,
    0.1345377117395401,
    0.13536106050014496,
    0.13458655774593353,
    0.1345520317554474,
    0.13535386323928833,
    0.1339624673128128,
    0.13443313539028168,
    0.13493049144744873,
    0.1348869949579239,
    0.13405583798885345,
    0.13456590473651886,
    0.13408678770065308,
    0.13435952365398407,
    0.13435836136341095,
    0.13500341773033142,
    0.1347782462835312,
    0.1349456012248993,
    0.13486148416996002,
    0.13541904091835022,
    0.134351909160614,
    0.13512544333934784,
    0.13565701246261597,
    0.13443177938461304,
    0.1346207857131958,
    0.13516537845134735,
    0.13490913808345795,
    0.13415281474590302,
    0.13541275262832642,
    0.1343107670545578,
    0.13432170450687408,
    0.1354200392961502,
    0.13447336852550507,
    0.1344941109418869,
    0.13436627388000488,
    0.13500897586345673,
    0.1349012702703476,
    0.13479213416576385,
    0.1353549361228943,
    0.134637251496315,
    0.13447381556034088,
    0.1343565285205841,
    0.1346133053302765,
    0.1350456327199936,
    0.13491515815258026,
    0.134431391954422,
    0.13461972773075104,
    0.13501301407814026,
    0.13554055988788605,
    0.13478368520736694,
    0.1350882202386856
  ],
  "per_episode_costs": [
    0.0,
    0.0,
    0.0,
    0.0,
    0.0,
    0.0,
    0.0,
    0.0,
    0.0,
    0.0,
    0.0,
    0.0,
    0.0,
    0.0,
    0.0,
    0.0,
    0.0,
    0.0,
    0.0,
    0.0,
    0.0,
    0.0,
    0.0,
    0.0,
    0.0,
    0.0,
    0.0,
    0.0,
    0.0,
    0.0,
    0.0,
    0.0,
    0.0,
    0.0,
    0.0,
    0.0,
    0.0,
    0.0,
    0.0,
    0.0,
    0.0,
    0.0,
    0.0,
    0.0,
    0.0,
    0.0,
    0.0,
    0.0,
    0.0,
    0.0,
    0.0,
    0.0,
    0.0,
    0.0,
    0.0,
    0.0,
    0.0,
    0.0,
    0.0,
    0.0,
    0.0,
    0.0,
    0.0,
    0.0,
    0.0,
    0.0,
    0.0,
    0.0,
    0.0,
    0.0,
    0.0,
    0.0,
    0.0,
    0.0,
    0.0,
    0.0,
    0.0,
    0.0,
    0.0,
    0.0,
    0.0,
    0.0,
    0.0,
    0.0,
    0.0,
    0.0,
    0.0,
    0.0,
    0.0,
    0.0,
    0.0,
    0.0,
    0.0,
    0.0,
    0.0,
    0.0,
    0.0,
    0.0,
    0.0,
    0.0
  ]
}