#{"t_start": 1774967432.999145, "env_id": "SafetyPointGoal1-v0"}
r,l,t
-28.499688,1000,32.131701
-28.093389,1000,34.385593
-29.183872,1000,36.6312
-24.451489,1000,38.881718
-26.839938,1000,41.139935
-27.587959,1000,43.40528
-29.196722,1000,45.672185
-27.987418,1000,47.92426
-28.908836,1000,50.173756
-27.253515,1000,52.426583
-28.088615,1000,54.678708
-29.12105,1000,56.936771
-27.50731,1000,59.192525
