{
  "mean_return": 3007.858218962985,
  "std_return": 108.51015808858783,
  "se_return": 10.851015808858783,
  "mean_length": 993.58,
  "mean_action_smoothness": 0.274570272564888,
  "std_action_smoothness": 0.011128105780685356,
  "mean_action_magnitude": 0.9787726259231567,
  "mean_cost": 0.0,
  "total_cost": 0.0,
  "feasibility_rate": 1.0,
  "policy_entropy": null,
  "q_value_variance": 5.368308067321777,
  "mean_recovery_ratio": 1.7959983186001118,
  "std_recovery_ratio": 0.061387216424599156,
  "n_episodes": 100,
  "per_episode_returns": [
    2985.382483723707,
    3024.845867860758,
    2948.204668188962,
    3045.965569760758,
    3029.8313419754118,
    2970.250732064513,
    2565.5791609380135,
    2907.3590838501054,
    2996.281324862175,
    3243.797987331979,
    3048.754693952937,
    2998.4312530285333,
    3039.544877982934,
    3038.0878679679245,
    3007.5885206925072,
    3101.188998515704,
    3030.8885627781447,
    3274.914478373471,
    2976.172075889273,
    2994.2606933159236,
    3026.31058088573,
    3003.2167701033773,
    3050.9969260528956,
    2981.0849226109194,
    2973.101639660372,
    2983.437465547471,
    2974.78426550327,
    3056.8561522912246,
    3130.858861767084,
    3101.2202942590834,
    3057.0972684421067,
    3079.0362357649665,
    3045.6086853906945,
    3044.726889654788,
    2967.5632837026646,
    3014.411336130416,
    3034.8448907153916,
    2984.463406141315,
    3053.7024597596574,
    3046.1908957797427,
    3015.2735412143697,
    2989.1916185088967,
    2951.6966800054406,
    3039.177979060229,
    3071.643686188794,
    2961.4608076811946,
    3050.4618865470434,
    3037.9937892748953,
    3037.6021181773817,
    3135.281731627265,
    2985.7734253992844,
    3049.332278797255,
    3028.4039537353387,
    2979.9024078221046,
    3029.309832890175,
    2977.8499998499724,
    2909.8809704722453,
    3001.5663285172095,
    3102.2764797044442,
    2930.1010764662374,
    3070.5533513535856,
    3045.1354817747833,
    2999.0366521962073,
    2968.81896195396,
    3042.6337322244776,
    3015.28847789681,
    2209.3067758619463,
    2977.8382410189993,
    2981.100295950869,
    3021.4146082964303,
    2996.4098545691595,
    3091.1473394901877,
    3072.9395991516626,
    2992.5443202669385,
    3009.5095211334774,
    3034.506340859502,
    3089.736261376241,
    3012.1285351588003,
    2963.5612779172757,
    2957.567987810775,
    3024.407531687523,
    3022.118247612634,
    2995.7963933455467,
    2954.988131483672,
    3006.493951020188,
    2956.7822152050107,
    2960.6544628780903,
    3077.710832196493,
    2979.9550726767548,
    2954.1100327740023,
    2980.351882557987,
    3033.3967210901237,
    2932.011061202703,
    3033.3957481669304,
    3103.4999940234866,
    3005.114671706863,
    2989.4254787365353,
    3049.75660185171,
    3082.6359504291777,
    2971.015234234355
  ],
  "per_episode_smoothness": [
    0.27146875858306885,
    0.2664739489555359,
    0.2759108543395996,
    0.26484423875808716,
    0.2777274549007416,
    0.2913905680179596,
    0.31169593334198,
    0.2875364422798157,
    0.2832723557949066,
    0.27877575159072876,
    0.27892252802848816,
    0.2744467258453369,
    0.2775386571884155,
    0.27994585037231445,
    0.27222907543182373,
    0.26480963826179504,
    0.26309555768966675,
    0.29206252098083496,
    0.28346264362335205,
    0.27748653292655945,
    0.2738487422466278,
    0.27612850069999695,
    0.27044954895973206,
    0.2812257409095764,
    0.27296432852745056,
    0.27869126200675964,
    0.27498945593833923,
    0.2750374674797058,
    0.26168036460876465,
    0.26656025648117065,
    0.2651408612728119,
    0.2634938955307007,
    0.2719710171222687,
    0.2655828297138214,
    0.2755507528781891,
    0.2687230706214905,
    0.2670319080352783,
    0.2832089364528656,
    0.2807263433933258,
    0.2687952518463135,
    0.2686608135700226,
    0.27472832798957825,
    0.273745059967041,
    0.2670913636684418,
    0.2604517936706543,
    0.2768048346042633,
    0.2656170427799225,
    0.2622246742248535,
    0.2717280983924866,
    0.2634313702583313,
    0.2774122953414917,
    0.26759254932403564,
    0.2705782949924469,
    0.2780097723007202,
    0.26978886127471924,
    0.29336199164390564,
    0.280607134103775,
    0.2797268033027649,
    0.259174644947052,
    0.2723042070865631,
    0.26309964060783386,
    0.26195695996284485,
    0.27805668115615845,
    0.2764299809932709,
    0.3105076849460602,
    0.27052098512649536,
    0.341573029756546,
    0.2691745162010193,
    0.28159573674201965,
    0.2729890048503876,
    0.2662046253681183,
    0.2714574933052063,
    0.2717345654964447,
    0.27027618885040283,
    0.2742401957511902,
    0.2685578167438507,
    0.2594369947910309,
    0.2656573951244354,
    0.2792814075946808,
    0.28172898292541504,
    0.27064675092697144,
    0.2746257185935974,
    0.27411824464797974,
    0.28493979573249817,
    0.272081583738327,
    0.2765564024448395,
    0.27269503474235535,
    0.2618406414985657,
    0.2751123607158661,
    0.27911004424095154,
    0.28136783838272095,
    0.2741547226905823,
    0.2710520923137665,
    0.26235103607177734,
    0.26973122358322144,
    0.2719050645828247,
    0.27160900831222534,
    0.27296650409698486,
    0.27760758996009827,
    0.2801392078399658
  ],
  "per_episode_costs": [
    0.0,
    0.0,
    0.0,
    0.0,
    0.0,
    0.0,
    0.0,
    0.0,
    0.0,
    0.0,
    0.0,
    0.0,
    0.0,
    0.0,
    0.0,
    0.0,
    0.0,
    0.0,
    0.0,
    0.0,
    0.0,
    0.0,
    0.0,
    0.0,
    0.0,
    0.0,
    0.0,
    0.0,
    0.0,
    0.0,
    0.0,
    0.0,
    0.0,
    0.0,
    0.0,
    0.0,
    0.0,
    0.0,
    0.0,
    0.0,
    0.0,
    0.0,
    0.0,
    0.0,
    0.0,
    0.0,
    0.0,
    0.0,
    0.0,
    0.0,
    0.0,
    0.0,
    0.0,
    0.0,
    0.0,
    0.0,
    0.0,
    0.0,
    0.0,
    0.0,
    0.0,
    0.0,
    0.0,
    0.0,
    0.0,
    0.0,
    0.0,
    0.0,
    0.0,
    0.0,
    0.0,
    0.0,
    0.0,
    0.0,
    0.0,
    0.0,
    0.0,
    0.0,
    0.0,
    0.0,
    0.0,
    0.0,
    0.0,
    0.0,
    0.0,
    0.0,
    0.0,
    0.0,
    0.0,
    0.0,
    0.0,
    0.0,
    0.0,
    0.0,
    0.0,
    0.0,
    0.0,
    0.0,
    0.0,
    0.0
  ]
}