{
  "mean_return": 3014.330310188461,
  "std_return": 88.36326138002141,
  "se_return": 8.836326138002141,
  "mean_length": 996.72,
  "mean_action_smoothness": 0.272186883687973,
  "std_action_smoothness": 0.009316134979571873,
  "mean_action_magnitude": 0.9786547410488129,
  "mean_cost": 0.0,
  "total_cost": 0.0,
  "feasibility_rate": 1.0,
  "policy_entropy": null,
  "q_value_variance": 5.109167098999023,
  "mean_recovery_ratio": 1.7770453315469799,
  "std_recovery_ratio": 0.028774845800627242,
  "n_episodes": 100,
  "per_episode_returns": [
    3098.331198292338,
    3039.208914669861,
    3007.3204485996735,
    2983.5626324844416,
    2978.0278809929023,
    3052.528612538549,
    2274.3664346224455,
    3047.9234098586116,
    3075.7335178010853,
    3017.53230670904,
    2977.9782214573897,
    3027.0633669662984,
    3007.4640768791564,
    2977.6800939278282,
    2944.0049608460477,
    3009.138086054921,
    3019.443783261514,
    2996.179521350336,
    3033.103491540542,
    3026.338809451271,
    2977.453686962318,
    3132.299685849502,
    2983.2106047561706,
    3037.2717402353887,
    3001.023919589076,
    3044.873261631514,
    3047.9493170417722,
    3075.552301142849,
    2979.568468409147,
    2978.962605180669,
    3040.8341550361174,
    3031.418261759421,
    3007.4663057279668,
    2957.8317938033033,
    3050.080028430633,
    2946.1333759839226,
    2970.518562177794,
    3071.7441765250946,
    3054.9983683631,
    3005.166448621496,
    2978.845653792393,
    3118.4754691578737,
    3071.8370313665664,
    2951.51847607218,
    2998.3651962507433,
    3101.6671746077222,
    2990.4785125984745,
    3050.8495615854176,
    3009.1309090618593,
    3080.8450173312735,
    2943.9301520104955,
    3021.38374581815,
    3027.903405249513,
    3003.3635645719805,
    3020.7444257072298,
    2994.601707294241,
    2992.589169651096,
    3060.439885796242,
    3032.100324829434,
    2998.3884935499377,
    2941.627587619729,
    3062.2116125191237,
    3065.650306304277,
    3032.6210589236284,
    3005.0539406011835,
    2974.668314832683,
    2961.760190285103,
    3024.9066639749753,
    3039.8532660443216,
    3101.9923179252924,
    3054.985858900189,
    3023.43707567019,
    3012.3587981255923,
    3064.0088817240867,
    3258.730397718691,
    3045.785132902663,
    2944.9197287495485,
    2989.250606136113,
    3049.3100846375073,
    2997.8247770965595,
    2994.925542792431,
    3002.798892412376,
    3055.061134285809,
    3004.9891044748492,
    2985.6030058731435,
    2969.2393805179577,
    2954.9310283149107,
    2980.4269234326634,
    3078.2956280580465,
    2990.8547565993904,
    3051.772148813179,
    3014.317677119044,
    3050.299801985861,
    3038.9720879192123,
    3025.0920781092445,
    3090.7874728777338,
    2981.719662998053,
    2982.9322993287738,
    3037.8385180756704,
    3056.472562331973
  ],
  "per_episode_smoothness": [
    0.2599886953830719,
    0.2685452997684479,
    0.2653305232524872,
    0.27554917335510254,
    0.26993149518966675,
    0.2752041220664978,
    0.3177245557308197,
    0.27038198709487915,
    0.2770828604698181,
    0.26604706048965454,
    0.282323956489563,
    0.2693709135055542,
    0.273967444896698,
    0.27629554271698,
    0.2751055359840393,
    0.2707103490829468,
    0.26783883571624756,
    0.2784552276134491,
    0.2639583945274353,
    0.2756240665912628,
    0.27782270312309265,
    0.2631930410861969,
    0.2823646366596222,
    0.26652300357818604,
    0.27582189440727234,
    0.2525714933872223,
    0.26003122329711914,
    0.2649858593940735,
    0.2862447202205658,
    0.27687111496925354,
    0.2654654085636139,
    0.27198126912117004,
    0.2705923616886139,
    0.2804962694644928,
    0.2733800709247589,
    0.277155339717865,
    0.28255200386047363,
    0.2719036042690277,
    0.2659186124801636,
    0.26696011424064636,
    0.27567583322525024,
    0.2592514753341675,
    0.2581004202365875,
    0.2743260860443115,
    0.2636106610298157,
    0.25993895530700684,
    0.27407974004745483,
    0.2654494047164917,
    0.2772354483604431,
    0.2744360566139221,
    0.27229586243629456,
    0.264339804649353,
    0.2731500566005707,
    0.26541867852211,
    0.26629289984703064,
    0.2751273512840271,
    0.2799436151981354,
    0.26761287450790405,
    0.27088096737861633,
    0.27704331278800964,
    0.2692869305610657,
    0.27001678943634033,
    0.2678000330924988,
    0.27032679319381714,
    0.27984878420829773,
    0.2796407639980316,
    0.2824758291244507,
    0.2662194073200226,
    0.2615778148174286,
    0.26055389642715454,
    0.2653045952320099,
    0.2736481726169586,
    0.2745330035686493,
    0.2632196843624115,
    0.319522887468338,
    0.27017971873283386,
    0.27498018741607666,
    0.27779844403266907,
    0.26986175775527954,
    0.27145546674728394,
    0.2682308256626129,
    0.28424081206321716,
    0.27474698424339294,
    0.2718527019023895,
    0.27693212032318115,
    0.25999388098716736,
    0.27450695633888245,
    0.27207326889038086,
    0.27722620964050293,
    0.27821022272109985,
    0.2674475908279419,
    0.26626908779144287,
    0.2626280188560486,
    0.27108731865882874,
    0.265258252620697,
    0.2673872709274292,
    0.27427539229393005,
    0.28152555227279663,
    0.27572375535964966,
    0.2743408977985382
  ],
  "per_episode_costs": [
    0.0,
    0.0,
    0.0,
    0.0,
    0.0,
    0.0,
    0.0,
    0.0,
    0.0,
    0.0,
    0.0,
    0.0,
    0.0,
    0.0,
    0.0,
    0.0,
    0.0,
    0.0,
    0.0,
    0.0,
    0.0,
    0.0,
    0.0,
    0.0,
    0.0,
    0.0,
    0.0,
    0.0,
    0.0,
    0.0,
    0.0,
    0.0,
    0.0,
    0.0,
    0.0,
    0.0,
    0.0,
    0.0,
    0.0,
    0.0,
    0.0,
    0.0,
    0.0,
    0.0,
    0.0,
    0.0,
    0.0,
    0.0,
    0.0,
    0.0,
    0.0,
    0.0,
    0.0,
    0.0,
    0.0,
    0.0,
    0.0,
    0.0,
    0.0,
    0.0,
    0.0,
    0.0,
    0.0,
    0.0,
    0.0,
    0.0,
    0.0,
    0.0,
    0.0,
    0.0,
    0.0,
    0.0,
    0.0,
    0.0,
    0.0,
    0.0,
    0.0,
    0.0,
    0.0,
    0.0,
    0.0,
    0.0,
    0.0,
    0.0,
    0.0,
    0.0,
    0.0,
    0.0,
    0.0,
    0.0,
    0.0,
    0.0,
    0.0,
    0.0,
    0.0,
    0.0,
    0.0,
    0.0,
    0.0,
    0.0
  ]
}