{
  "mean_return": 6445.885037859105,
  "std_return": 89.12182473486516,
  "se_return": 8.912182473486515,
  "mean_length": 1000.0,
  "mean_action_smoothness": 2.253413212299347,
  "std_action_smoothness": 0.011226222482273271,
  "mean_action_magnitude": 2.020316865444183,
  "mean_cost": 0.0,
  "total_cost": 0.0,
  "feasibility_rate": 1.0,
  "policy_entropy": null,
  "q_value_variance": 1.8671669960021973,
  "mean_recovery_ratio": 2.292825570098179,
  "std_recovery_ratio": 0.1816600411973398,
  "n_episodes": 100,
  "per_episode_returns": [
    6412.256745753968,
    6417.320340625851,
    6495.890308056357,
    6335.194135135561,
    6491.811676205293,
    6610.244285070761,
    6516.278699190583,
    6369.265698607629,
    6452.096008343732,
    6488.499420173812,
    6670.67436438151,
    6566.999403018325,
    6347.444445698593,
    6437.080055021444,
    6560.773581983104,
    6353.319543567502,
    6415.880135821393,
    6351.493318160605,
    6443.195418998165,
    6531.323226071169,
    6312.119424540465,
    6489.061048665085,
    6200.445761060542,
    6436.519464303418,
    6580.206478165208,
    6347.936887538902,
    6472.040088256147,
    6395.235482351363,
    6423.111868249473,
    6249.618622359138,
    6276.062446519657,
    6458.9095682426205,
    6583.6727157901105,
    6492.290062594832,
    6308.52770091707,
    6359.097027210459,
    6386.208169747105,
    6522.010925008204,
    6436.43893703936,
    6433.276001246161,
    6403.643992966979,
    6642.212324287878,
    6362.1191308442885,
    6480.575069606582,
    6459.042932473139,
    6434.244708923884,
    6422.258477802591,
    6462.550354292861,
    6250.463072906932,
    6586.873890892524,
    6472.28994005822,
    6451.2023074423805,
    6475.594705395271,
    6501.994497898768,
    6472.871156711734,
    6465.004711180635,
    6467.67161385805,
    6533.989964869591,
    6481.922265258073,
    6632.6223247597645,
    6472.934641162853,
    6461.322668285977,
    6436.653938372773,
    6371.259633753736,
    6522.494956018184,
    6398.552943510456,
    6340.9092972647995,
    6366.648818165679,
    6466.7148316919665,
    6437.468312862118,
    6404.997071791053,
    6458.999974760567,
    6509.802420686605,
    6433.329619649475,
    6449.344148027326,
    6467.781199190723,
    6438.436064235916,
    6363.991809267545,
    6448.804338357006,
    6324.169476341769,
    6413.785819664843,
    6309.2070489635435,
    6495.88784859325,
    6534.073597664541,
    6440.376366749261,
    6504.401204520062,
    6439.456308484167,
    6679.079672885497,
    6501.263847009012,
    6310.883286683702,
    6394.43031609918,
    6436.748058075294,
    6509.63387352763,
    6599.675957451093,
    6445.1305230440985,
    6414.591613074458,
    6401.951334616783,
    6464.552348530557,
    6309.412062291188,
    6520.369602465176
  ],
  "per_episode_smoothness": [
    2.2545559406280518,
    2.2440061569213867,
    2.2488489151000977,
    2.244844436645508,
    2.2650740146636963,
    2.2680342197418213,
    2.256735324859619,
    2.2580668926239014,
    2.2590105533599854,
    2.2660272121429443,
    2.266906976699829,
    2.2602269649505615,
    2.2409934997558594,
    2.259568691253662,
    2.2623541355133057,
    2.2301151752471924,
    2.2444727420806885,
    2.257810115814209,
    2.2690210342407227,
    2.258226156234741,
    2.250664234161377,
    2.246948003768921,
    2.24904727935791,
    2.2569258213043213,
    2.2574350833892822,
    2.247074604034424,
    2.2622599601745605,
    2.246849298477173,
    2.243309259414673,
    2.248425006866455,
    2.2377376556396484,
    2.2486841678619385,
    2.2662477493286133,
    2.243130922317505,
    2.254265785217285,
    2.245818614959717,
    2.245798110961914,
    2.2485761642456055,
    2.2470123767852783,
    2.2540180683135986,
    2.252664566040039,
    2.290070056915283,
    2.2533066272735596,
    2.275679588317871,
    2.266813278198242,
    2.2420217990875244,
    2.253831386566162,
    2.263249635696411,
    2.231186866760254,
    2.26921010017395,
    2.252769708633423,
    2.254997968673706,
    2.250103712081909,
    2.249521017074585,
    2.2701797485351562,
    2.268320083618164,
    2.254220724105835,
    2.264747381210327,
    2.2631657123565674,
    2.2705650329589844,
    2.258110761642456,
    2.2632882595062256,
    2.2448043823242188,
    2.25551438331604,
    2.266648054122925,
    2.256683826446533,
    2.2447071075439453,
    2.2391018867492676,
    2.2571280002593994,
    2.2596824169158936,
    2.2416434288024902,
    2.242427349090576,
    2.267241954803467,
    2.251389503479004,
    2.2541191577911377,
    2.2376978397369385,
    2.255405902862549,
    2.234609365463257,
    2.235948324203491,
    2.238522529602051,
    2.253911256790161,
    2.242720603942871,
    2.2581968307495117,
    2.2680160999298096,
    2.2490286827087402,
    2.250183343887329,
    2.2350337505340576,
    2.2862601280212402,
    2.2569072246551514,
    2.2470452785491943,
    2.2546355724334717,
    2.246551513671875,
    2.260166645050049,
    2.2577357292175293,
    2.239267110824585,
    2.2563552856445312,
    2.2401654720306396,
    2.243396282196045,
    2.230687141418457,
    2.2486305236816406
  ],
  "per_episode_costs": [
    0.0,
    0.0,
    0.0,
    0.0,
    0.0,
    0.0,
    0.0,
    0.0,
    0.0,
    0.0,
    0.0,
    0.0,
    0.0,
    0.0,
    0.0,
    0.0,
    0.0,
    0.0,
    0.0,
    0.0,
    0.0,
    0.0,
    0.0,
    0.0,
    0.0,
    0.0,
    0.0,
    0.0,
    0.0,
    0.0,
    0.0,
    0.0,
    0.0,
    0.0,
    0.0,
    0.0,
    0.0,
    0.0,
    0.0,
    0.0,
    0.0,
    0.0,
    0.0,
    0.0,
    0.0,
    0.0,
    0.0,
    0.0,
    0.0,
    0.0,
    0.0,
    0.0,
    0.0,
    0.0,
    0.0,
    0.0,
    0.0,
    0.0,
    0.0,
    0.0,
    0.0,
    0.0,
    0.0,
    0.0,
    0.0,
    0.0,
    0.0,
    0.0,
    0.0,
    0.0,
    0.0,
    0.0,
    0.0,
    0.0,
    0.0,
    0.0,
    0.0,
    0.0,
    0.0,
    0.0,
    0.0,
    0.0,
    0.0,
    0.0,
    0.0,
    0.0,
    0.0,
    0.0,
    0.0,
    0.0,
    0.0,
    0.0,
    0.0,
    0.0,
    0.0,
    0.0,
    0.0,
    0.0,
    0.0,
    0.0
  ]
}