{
  "mean_return": 6448.740198983338,
  "std_return": 73.97880079549496,
  "se_return": 7.397880079549497,
  "mean_length": 1000.0,
  "mean_action_smoothness": 2.2537975406646726,
  "std_action_smoothness": 0.011002114724397574,
  "mean_action_magnitude": 2.0206735825538633,
  "mean_cost": 0.0,
  "total_cost": 0.0,
  "feasibility_rate": 1.0,
  "policy_entropy": null,
  "q_value_variance": 1.756174921989441,
  "mean_recovery_ratio": 2.285594231342911,
  "std_recovery_ratio": 0.2229302499134472,
  "n_episodes": 100,
  "per_episode_returns": [
    6389.944020267318,
    6505.723072042538,
    6545.948397313255,
    6507.9611996332,
    6440.927438148647,
    6316.098356300974,
    6569.754964551891,
    6287.598459363628,
    6355.040474385301,
    6450.735164382462,
    6566.4917033623715,
    6476.816543716117,
    6465.130148555767,
    6416.934464021947,
    6510.327496395432,
    6533.155140750759,
    6434.042073146447,
    6404.188797836172,
    6519.582156253534,
    6508.793437674725,
    6540.563047552755,
    6355.834153926547,
    6472.40339538545,
    6421.087906300887,
    6360.573690608282,
    6557.290380723608,
    6535.549962856925,
    6468.5290603419535,
    6451.649389472421,
    6421.069697335149,
    6319.090976663054,
    6463.111723231676,
    6455.393884561845,
    6397.0653435007525,
    6457.814585932587,
    6459.0956522666975,
    6483.298873440572,
    6358.571660508358,
    6529.544623107018,
    6390.30688845741,
    6537.623198056155,
    6478.169609123884,
    6426.082486473018,
    6452.856871617196,
    6438.944290916175,
    6426.65780841008,
    6529.0541230509025,
    6425.082277107846,
    6448.290502545236,
    6691.549795251315,
    6422.933022653778,
    6433.539959139643,
    6364.556732784714,
    6395.174031870382,
    6361.074229838952,
    6507.330593688977,
    6498.438872845494,
    6488.6803677066,
    6685.484089636282,
    6492.588424522733,
    6490.69240059407,
    6511.889196468477,
    6373.415559754254,
    6487.10380946342,
    6313.138863457694,
    6288.670880527399,
    6469.7241224576,
    6511.3908106797535,
    6390.941013222811,
    6384.548458489441,
    6412.315323614077,
    6391.924900808081,
    6481.690722818729,
    6450.252983890246,
    6456.183254939536,
    6464.1434518581145,
    6257.1301430373405,
    6582.760539051368,
    6357.1706171069645,
    6441.325358940655,
    6447.096981653901,
    6459.930096032352,
    6433.78613991709,
    6486.713631816308,
    6466.1642134511985,
    6385.174218681135,
    6462.838506647565,
    6441.812955102005,
    6429.88829573866,
    6434.39015601852,
    6439.164596553491,
    6320.218010468718,
    6493.957242616106,
    6476.077190086155,
    6464.992820824576,
    6402.3440663455685,
    6436.931310964036,
    6498.001938264405,
    6378.545268258698,
    6392.430156197501
  ],
  "per_episode_smoothness": [
    2.2447588443756104,
    2.2631473541259766,
    2.2614660263061523,
    2.252782106399536,
    2.2586212158203125,
    2.2456188201904297,
    2.2548062801361084,
    2.2338931560516357,
    2.2567555904388428,
    2.250199317932129,
    2.2584609985351562,
    2.25004243850708,
    2.2557597160339355,
    2.2657687664031982,
    2.262129306793213,
    2.2627451419830322,
    2.25593900680542,
    2.25242280960083,
    2.2709503173828125,
    2.2589659690856934,
    2.272844076156616,
    2.256465435028076,
    2.2548680305480957,
    2.254025459289551,
    2.2338979244232178,
    2.254199981689453,
    2.2658164501190186,
    2.2556095123291016,
    2.2463486194610596,
    2.2613325119018555,
    2.247868776321411,
    2.2571473121643066,
    2.2619943618774414,
    2.259368419647217,
    2.2595272064208984,
    2.2374913692474365,
    2.258007287979126,
    2.262991428375244,
    2.2508647441864014,
    2.241472005844116,
    2.2699241638183594,
    2.246311664581299,
    2.2581894397735596,
    2.254800319671631,
    2.239091157913208,
    2.2689528465270996,
    2.2790913581848145,
    2.2523562908172607,
    2.248073101043701,
    2.269644021987915,
    2.256086587905884,
    2.259812355041504,
    2.240307092666626,
    2.240729570388794,
    2.2380099296569824,
    2.266244649887085,
    2.256382942199707,
    2.2498695850372314,
    2.2642877101898193,
    2.255737781524658,
    2.2717645168304443,
    2.2628517150878906,
    2.255225896835327,
    2.246305227279663,
    2.23246169090271,
    2.241912603378296,
    2.2555665969848633,
    2.2536139488220215,
    2.232959508895874,
    2.250361204147339,
    2.2525298595428467,
    2.2421162128448486,
    2.2767884731292725,
    2.256183385848999,
    2.240468978881836,
    2.255453109741211,
    2.2433316707611084,
    2.2758262157440186,
    2.233605146408081,
    2.2538580894470215,
    2.2503790855407715,
    2.256897449493408,
    2.244878053665161,
    2.2522430419921875,
    2.2775301933288574,
    2.2705018520355225,
    2.25766921043396,
    2.2409112453460693,
    2.2525668144226074,
    2.237308979034424,
    2.251981019973755,
    2.2288997173309326,
    2.270601987838745,
    2.2449724674224854,
    2.2542107105255127,
    2.2382476329803467,
    2.262246608734131,
    2.24273419380188,
    2.244243860244751,
    2.2462692260742188
  ],
  "per_episode_costs": [
    0.0,
    0.0,
    0.0,
    0.0,
    0.0,
    0.0,
    0.0,
    0.0,
    0.0,
    0.0,
    0.0,
    0.0,
    0.0,
    0.0,
    0.0,
    0.0,
    0.0,
    0.0,
    0.0,
    0.0,
    0.0,
    0.0,
    0.0,
    0.0,
    0.0,
    0.0,
    0.0,
    0.0,
    0.0,
    0.0,
    0.0,
    0.0,
    0.0,
    0.0,
    0.0,
    0.0,
    0.0,
    0.0,
    0.0,
    0.0,
    0.0,
    0.0,
    0.0,
    0.0,
    0.0,
    0.0,
    0.0,
    0.0,
    0.0,
    0.0,
    0.0,
    0.0,
    0.0,
    0.0,
    0.0,
    0.0,
    0.0,
    0.0,
    0.0,
    0.0,
    0.0,
    0.0,
    0.0,
    0.0,
    0.0,
    0.0,
    0.0,
    0.0,
    0.0,
    0.0,
    0.0,
    0.0,
    0.0,
    0.0,
    0.0,
    0.0,
    0.0,
    0.0,
    0.0,
    0.0,
    0.0,
    0.0,
    0.0,
    0.0,
    0.0,
    0.0,
    0.0,
    0.0,
    0.0,
    0.0,
    0.0,
    0.0,
    0.0,
    0.0,
    0.0,
    0.0,
    0.0,
    0.0,
    0.0,
    0.0
  ]
}