{
  "mean_return": 5651.455869048264,
  "std_return": 59.18201101872376,
  "se_return": 5.918201101872376,
  "mean_length": 1000.0,
  "mean_action_smoothness": 2.648611135482788,
  "std_action_smoothness": 0.009689946909674984,
  "mean_action_magnitude": 2.04574449300766,
  "mean_cost": 0.0,
  "total_cost": 0.0,
  "feasibility_rate": 1.0,
  "policy_entropy": null,
  "q_value_variance": 1.9527146816253662,
  "mean_recovery_ratio": 2.3167532862790385,
  "std_recovery_ratio": 0.1702385501788769,
  "n_episodes": 100,
  "per_episode_returns": [
    5684.858870311741,
    5656.964087408258,
    5674.987014873549,
    5583.708101734273,
    5632.129128110449,
    5548.209116952394,
    5537.985844168445,
    5668.468105169968,
    5691.4033946589025,
    5704.162479140115,
    5654.684430944383,
    5772.4342791293375,
    5638.837803923688,
    5649.4335056475975,
    5628.511302162048,
    5585.500672815228,
    5686.454660266257,
    5671.723264242783,
    5667.44120890455,
    5560.475577978082,
    5639.747381846604,
    5627.3976527644145,
    5493.453601492886,
    5789.700253847196,
    5705.537453302111,
    5700.191658898129,
    5592.357350361471,
    5688.011418583812,
    5708.509903317059,
    5663.255513904794,
    5589.313750085544,
    5732.651153157903,
    5661.556224343349,
    5701.242124579438,
    5581.167784840395,
    5672.634680014207,
    5691.990999877086,
    5654.883332061596,
    5529.507010879807,
    5614.815028282721,
    5683.053809627827,
    5608.3883424729,
    5619.49933544542,
    5621.399981738987,
    5594.880541953245,
    5608.622602013817,
    5693.0512715574105,
    5643.299029732423,
    5655.802731504991,
    5758.376065830359,
    5706.787352636552,
    5637.3324649951055,
    5655.650832521511,
    5548.055135006656,
    5612.698439353098,
    5628.723885532048,
    5660.121108380306,
    5662.599817903194,
    5631.9702832215635,
    5650.371751889051,
    5697.72469195421,
    5745.8454063756335,
    5650.386606403608,
    5672.712222758708,
    5685.343144870542,
    5674.902382757915,
    5719.736964509025,
    5693.287705788911,
    5751.612737986932,
    5692.102186747685,
    5719.583631515719,
    5737.157523440696,
    5643.118318065403,
    5558.684797339227,
    5724.946241248682,
    5604.6476337852655,
    5707.008942287968,
    5767.132003357137,
    5616.590789204876,
    5620.77294095549,
    5626.54291969396,
    5591.4453622079645,
    5680.238561404112,
    5682.448419090772,
    5537.52979058541,
    5674.636901604491,
    5654.31934620846,
    5662.877603697267,
    5666.358866734898,
    5618.328149310984,
    5659.692369552248,
    5632.621393897922,
    5536.423868689152,
    5596.037891724521,
    5550.712139441882,
    5692.888812852372,
    5525.20031354006,
    5643.660358520991,
    5679.798520383252,
    5733.546536032786
  ],
  "per_episode_smoothness": [
    2.641777992248535,
    2.661952495574951,
    2.6456055641174316,
    2.642324447631836,
    2.6340789794921875,
    2.6438255310058594,
    2.6448895931243896,
    2.6550488471984863,
    2.664937734603882,
    2.651827096939087,
    2.6485753059387207,
    2.64563250541687,
    2.6296305656433105,
    2.6487720012664795,
    2.6451823711395264,
    2.6370465755462646,
    2.647331476211548,
    2.665646553039551,
    2.644078493118286,
    2.6278436183929443,
    2.657933235168457,
    2.643540620803833,
    2.639652967453003,
    2.6704819202423096,
    2.6531336307525635,
    2.6582906246185303,
    2.644935369491577,
    2.6576356887817383,
    2.6491353511810303,
    2.6593692302703857,
    2.6350319385528564,
    2.6627399921417236,
    2.6447551250457764,
    2.653254747390747,
    2.648918390274048,
    2.658604383468628,
    2.636054515838623,
    2.660665988922119,
    2.6264424324035645,
    2.6540207862854004,
    2.657144546508789,
    2.6401212215423584,
    2.640514850616455,
    2.643326997756958,
    2.643228769302368,
    2.6441128253936768,
    2.643573045730591,
    2.651785135269165,
    2.647005319595337,
    2.659480571746826,
    2.6681113243103027,
    2.629887819290161,
    2.645599365234375,
    2.6365721225738525,
    2.63702130317688,
    2.648212194442749,
    2.657829761505127,
    2.6415462493896484,
    2.6579341888427734,
    2.637329339981079,
    2.658113479614258,
    2.6494503021240234,
    2.641979932785034,
    2.643066644668579,
    2.643821954727173,
    2.654893636703491,
    2.6590540409088135,
    2.6575372219085693,
    2.659400224685669,
    2.6537210941314697,
    2.646284580230713,
    2.651602268218994,
    2.636698007583618,
    2.6377134323120117,
    2.6675355434417725,
    2.636692762374878,
    2.6518168449401855,
    2.6642603874206543,
    2.6501810550689697,
    2.650202989578247,
    2.654557466506958,
    2.6500039100646973,
    2.656852960586548,
    2.64446759223938,
    2.6363658905029297,
    2.6355717182159424,
    2.6392619609832764,
    2.651336193084717,
    2.660161256790161,
    2.636127233505249,
    2.656052589416504,
    2.6494271755218506,
    2.649801254272461,
    2.6473007202148438,
    2.641893148422241,
    2.6446235179901123,
    2.639505624771118,
    2.6595540046691895,
    2.65637469291687,
    2.6669065952301025
  ],
  "per_episode_costs": [
    0.0,
    0.0,
    0.0,
    0.0,
    0.0,
    0.0,
    0.0,
    0.0,
    0.0,
    0.0,
    0.0,
    0.0,
    0.0,
    0.0,
    0.0,
    0.0,
    0.0,
    0.0,
    0.0,
    0.0,
    0.0,
    0.0,
    0.0,
    0.0,
    0.0,
    0.0,
    0.0,
    0.0,
    0.0,
    0.0,
    0.0,
    0.0,
    0.0,
    0.0,
    0.0,
    0.0,
    0.0,
    0.0,
    0.0,
    0.0,
    0.0,
    0.0,
    0.0,
    0.0,
    0.0,
    0.0,
    0.0,
    0.0,
    0.0,
    0.0,
    0.0,
    0.0,
    0.0,
    0.0,
    0.0,
    0.0,
    0.0,
    0.0,
    0.0,
    0.0,
    0.0,
    0.0,
    0.0,
    0.0,
    0.0,
    0.0,
    0.0,
    0.0,
    0.0,
    0.0,
    0.0,
    0.0,
    0.0,
    0.0,
    0.0,
    0.0,
    0.0,
    0.0,
    0.0,
    0.0,
    0.0,
    0.0,
    0.0,
    0.0,
    0.0,
    0.0,
    0.0,
    0.0,
    0.0,
    0.0,
    0.0,
    0.0,
    0.0,
    0.0,
    0.0,
    0.0,
    0.0,
    0.0,
    0.0,
    0.0
  ]
}