{
  "mean_return": 5668.198504585132,
  "std_return": 73.7060020632671,
  "se_return": 7.370600206326711,
  "mean_length": 1000.0,
  "mean_action_smoothness": 2.6498960518836974,
  "std_action_smoothness": 0.009372513072938815,
  "mean_action_magnitude": 2.048279671669006,
  "mean_cost": 0.0,
  "total_cost": 0.0,
  "feasibility_rate": 1.0,
  "policy_entropy": null,
  "q_value_variance": 1.657608985900879,
  "mean_recovery_ratio": 2.293360741234557,
  "std_recovery_ratio": 0.1635620293874894,
  "n_episodes": 100,
  "per_episode_returns": [
    5613.646936012569,
    5646.874250245228,
    5609.573497347576,
    5681.83943621608,
    5660.563222748246,
    5610.343622843672,
    5540.111981242679,
    5724.060038649446,
    5793.146338014598,
    5688.488585778232,
    5572.7149960436645,
    5806.410451001695,
    5690.085245527649,
    5523.8856162806105,
    5745.977646272856,
    5797.435964125431,
    5704.441603549118,
    5575.3532539901735,
    5635.8113456149795,
    5660.304992642304,
    5678.293762422622,
    5726.288702432693,
    5720.279390004613,
    5593.934371692429,
    5621.3329188043535,
    5587.674998185165,
    5623.199698631339,
    5589.054037627481,
    5734.652872514674,
    5809.948007523547,
    5587.335299523141,
    5690.0527596910815,
    5559.19445701995,
    5752.411123537325,
    5673.587022994087,
    5667.806001806075,
    5710.040915199343,
    5674.683119316539,
    5705.194964363081,
    5723.098033925626,
    5545.525086416253,
    5681.4152811629165,
    5663.1732341029365,
    5668.887262535769,
    5672.482891844666,
    5646.061240086553,
    5755.917522502671,
    5548.1005594946455,
    5559.77468598156,
    5741.220673485946,
    5608.070926261304,
    5812.1652154726635,
    5752.800735118668,
    5757.214313219725,
    5635.3063080948705,
    5614.9914894581925,
    5602.322633654371,
    5620.580700342786,
    5641.4447555386005,
    5628.666676094971,
    5704.171241777499,
    5640.4311634188325,
    5670.883529126381,
    5568.211737713686,
    5651.133665641594,
    5547.57593013895,
    5766.684091641107,
    5731.00430386072,
    5810.062469393962,
    5788.680928938715,
    5633.488812690539,
    5628.867888171917,
    5633.820833091791,
    5627.7758303517985,
    5522.614706444093,
    5727.8221449390185,
    5688.859502105099,
    5747.882197197219,
    5690.438223611054,
    5729.537047008903,
    5815.292528904516,
    5751.863971565031,
    5736.876002849754,
    5600.294219359694,
    5600.587514611522,
    5579.472740637227,
    5608.010819027403,
    5706.494709233696,
    5660.882007483088,
    5713.428185483457,
    5687.428859084025,
    5698.962674285671,
    5656.812705920942,
    5501.823268476748,
    5701.123644906105,
    5629.781041089017,
    5672.8788897276345,
    5779.040649860861,
    5711.804178985996,
    5631.7919275259155
  ],
  "per_episode_smoothness": [
    2.655749797821045,
    2.6539554595947266,
    2.6431620121002197,
    2.639431953430176,
    2.6574792861938477,
    2.6367034912109375,
    2.6387946605682373,
    2.6568071842193604,
    2.6641392707824707,
    2.65682053565979,
    2.6404662132263184,
    2.657288074493408,
    2.649578332901001,
    2.640998125076294,
    2.651230573654175,
    2.6596405506134033,
    2.6665234565734863,
    2.6371994018554688,
    2.645895481109619,
    2.6649727821350098,
    2.6407790184020996,
    2.64961838722229,
    2.6515002250671387,
    2.6392197608947754,
    2.647977828979492,
    2.653635025024414,
    2.6515045166015625,
    2.6408298015594482,
    2.6624698638916016,
    2.6455342769622803,
    2.6502416133880615,
    2.651299238204956,
    2.640104055404663,
    2.662386417388916,
    2.644618272781372,
    2.6559042930603027,
    2.666689395904541,
    2.6553544998168945,
    2.6597201824188232,
    2.658299446105957,
    2.632246732711792,
    2.649681568145752,
    2.628418207168579,
    2.6552634239196777,
    2.65515398979187,
    2.64552903175354,
    2.661112070083618,
    2.6441876888275146,
    2.6406900882720947,
    2.6678733825683594,
    2.6470584869384766,
    2.6603400707244873,
    2.649226427078247,
    2.6461563110351562,
    2.656790018081665,
    2.649886131286621,
    2.6475090980529785,
    2.634223222732544,
    2.642426013946533,
    2.6569690704345703,
    2.652050018310547,
    2.6467549800872803,
    2.6537675857543945,
    2.6397793292999268,
    2.644871473312378,
    2.625150442123413,
    2.6535489559173584,
    2.6572959423065186,
    2.6612014770507812,
    2.657667398452759,
    2.662147045135498,
    2.6442129611968994,
    2.6441946029663086,
    2.639000177383423,
    2.64974045753479,
    2.6521053314208984,
    2.654383659362793,
    2.660475015640259,
    2.6635560989379883,
    2.6445682048797607,
    2.6560702323913574,
    2.651789903640747,
    2.6536452770233154,
    2.6469545364379883,
    2.6265294551849365,
    2.6362545490264893,
    2.6336557865142822,
    2.653404951095581,
    2.642958402633667,
    2.6456363201141357,
    2.657719135284424,
    2.6603024005889893,
    2.658848285675049,
    2.6365976333618164,
    2.668323040008545,
    2.6494133472442627,
    2.6419801712036133,
    2.6522581577301025,
    2.6463496685028076,
    2.649178981781006
  ],
  "per_episode_costs": [
    0.0,
    0.0,
    0.0,
    0.0,
    0.0,
    0.0,
    0.0,
    0.0,
    0.0,
    0.0,
    0.0,
    0.0,
    0.0,
    0.0,
    0.0,
    0.0,
    0.0,
    0.0,
    0.0,
    0.0,
    0.0,
    0.0,
    0.0,
    0.0,
    0.0,
    0.0,
    0.0,
    0.0,
    0.0,
    0.0,
    0.0,
    0.0,
    0.0,
    0.0,
    0.0,
    0.0,
    0.0,
    0.0,
    0.0,
    0.0,
    0.0,
    0.0,
    0.0,
    0.0,
    0.0,
    0.0,
    0.0,
    0.0,
    0.0,
    0.0,
    0.0,
    0.0,
    0.0,
    0.0,
    0.0,
    0.0,
    0.0,
    0.0,
    0.0,
    0.0,
    0.0,
    0.0,
    0.0,
    0.0,
    0.0,
    0.0,
    0.0,
    0.0,
    0.0,
    0.0,
    0.0,
    0.0,
    0.0,
    0.0,
    0.0,
    0.0,
    0.0,
    0.0,
    0.0,
    0.0,
    0.0,
    0.0,
    0.0,
    0.0,
    0.0,
    0.0,
    0.0,
    0.0,
    0.0,
    0.0,
    0.0,
    0.0,
    0.0,
    0.0,
    0.0,
    0.0,
    0.0,
    0.0,
    0.0,
    0.0
  ]
}