{
  "mean_return": 27.037496784447203,
  "std_return": 1.1512509475944166,
  "se_return": 0.11512509475944166,
  "mean_length": 1000.0,
  "mean_action_smoothness": 0.17452676412389334,
  "std_action_smoothness": 0.029050860120011075,
  "mean_action_magnitude": 1.0802871676251162,
  "mean_cost": 52.6,
  "total_cost": 5260.0,
  "feasibility_rate": 0.06,
  "policy_entropy": 1.8415703773498535,
  "q_value_variance": null,
  "mean_recovery_ratio": 1.7262003130969301,
  "std_recovery_ratio": 0.5774549298918094,
  "n_episodes": 100,
  "per_episode_returns": [
    24.98231143825323,
    27.083336928470846,
    26.263414859998495,
    27.159543237277436,
    27.35480864233216,
    25.6540895439299,
    28.099885908904433,
    25.71236048034283,
    25.646058587763708,
    30.51612776038482,
    27.143067717316235,
    27.74061184389615,
    29.451236745906655,
    25.85513943979748,
    25.21399829831114,
    25.761478763758138,
    27.35109253123612,
    26.726502861276625,
    27.43329516802172,
    26.665959188404216,
    26.198372741393328,
    26.993242896645928,
    27.314987553282844,
    26.06331039162388,
    26.28047573730833,
    27.579014755687076,
    25.639574796883615,
    25.72905914929438,
    27.702106724751644,
    27.361858594400232,
    26.960780197670296,
    25.255889192865393,
    27.729263852090856,
    25.85990028679077,
    28.096940290825053,
    28.120806835765745,
    28.946150563537845,
    27.65284355521949,
    27.411719335048193,
    25.619183358567675,
    27.807938473537497,
    27.201031221907634,
    26.131674724870297,
    28.239003315963352,
    25.51486728619272,
    24.713678355914105,
    26.65930774394215,
    26.23262414758833,
    27.19776996669003,
    28.66977830878783,
    27.79537232981426,
    26.157304157911963,
    27.565902913438563,
    27.391897921471916,
    29.130814888588386,
    27.755049209656754,
    25.691768098889856,
    26.044792176963742,
    26.796025211864603,
    27.918904109153555,
    27.328395764870844,
    25.755617138900647,
    26.882460619197293,
    25.137701894405104,
    28.4592591626479,
    25.942743906157425,
    28.66004969492781,
    26.950759214131686,
    26.38688948104597,
    29.051274375763164,
    28.182561064201415,
    27.384199750800192,
    28.922450416074234,
    26.972491812854866,
    25.993613080885133,
    25.49806998738561,
    28.45934855174267,
    26.689751826699517,
    27.56422113997654,
    27.633757843664586,
    29.45102212650436,
    26.38785212778753,
    26.753189424866058,
    26.13935101943762,
    28.40399168368221,
    26.296973273773236,
    26.137556936618804,
    27.517447009258284,
    26.29165232724725,
    25.523188882748283,
    27.695803167983556,
    28.74846271161209,
    27.07315787472777,
    26.74145698599839,
    28.57071949808091,
    27.62294823861132,
    27.267790860324137,
    28.33634494232845,
    25.50709197144307,
    26.482755336971294
  ],
  "per_episode_smoothness": [
    0.11852567035949071,
    0.13709418728812856,
    0.18952721553480417,
    0.22531252136539737,
    0.1579137813369157,
    0.13855581050313262,
    0.16526170655225553,
    0.1497202418872958,
    0.19674446077281696,
    0.19221103974208043,
    0.18505943430434682,
    0.22604242226994645,
    0.17530583672022995,
    0.14637161399762316,
    0.1439130781176286,
    0.18755967418600655,
    0.172239218784658,
    0.15240845517727739,
    0.15021708292321784,
    0.193363654212151,
    0.1489995391222449,
    0.22372073480042487,
    0.18777257227219998,
    0.1568151079324457,
    0.16792876059734946,
    0.23072435709288242,
    0.14467542410576598,
    0.16524093500849196,
    0.18061040800116854,
    0.1718808539349969,
    0.2318233149754366,
    0.13352136892023558,
    0.16477951892738685,
    0.1616837495835776,
    0.20181998228322587,
    0.1982736067345006,
    0.19306365654645194,
    0.19000616643237844,
    0.23385676802064653,
    0.1612524428542335,
    0.21188892807872964,
    0.16545412454341918,
    0.14978221600055874,
    0.126442082295833,
    0.13703933205836388,
    0.15819784960021882,
    0.19092951451917292,
    0.20130428762705427,
    0.12349564480098703,
    0.21936815203958987,
    0.17544689330526558,
    0.1713782446320324,
    0.15740500207431016,
    0.191556044516191,
    0.1447470970132213,
    0.1581485242989818,
    0.1479207997874364,
    0.14697460317996122,
    0.2412624146415067,
    0.22635940751492425,
    0.21457190199976917,
    0.18031435436491097,
    0.22855896261025357,
    0.1369130757020858,
    0.1781184894998195,
    0.17702314968947977,
    0.17067792419554448,
    0.16045546953154435,
    0.17373196703051857,
    0.18040562895523457,
    0.20468360437785918,
    0.1762238173255379,
    0.22767306565586873,
    0.16359927725483214,
    0.1724533139319154,
    0.15443786368324075,
    0.14681125288737762,
    0.16025398228921228,
    0.15736184256330826,
    0.1824620128187368,
    0.21006851611984795,
    0.17957312383434224,
    0.20009690219967108,
    0.16468519569728998,
    0.1793991187516942,
    0.1362319237065273,
    0.18481597923750753,
    0.17541442928351664,
    0.16890178984986579,
    0.1696015718556633,
    0.21781068906278805,
    0.14738191550735297,
    0.14937349359665764,
    0.1585055009927114,
    0.19093533673844473,
    0.19969953431005238,
    0.16497131612902682,
    0.17914786587406553,
    0.10202459982176487,
    0.13040911674428984
  ],
  "per_episode_costs": [
    33.0,
    0.0,
    31.0,
    45.0,
    40.0,
    49.0,
    91.0,
    82.0,
    111.0,
    83.0,
    37.0,
    46.0,
    10.0,
    50.0,
    67.0,
    0.0,
    114.0,
    27.0,
    96.0,
    92.0,
    51.0,
    34.0,
    67.0,
    57.0,
    52.0,
    66.0,
    111.0,
    106.0,
    76.0,
    126.0,
    42.0,
    45.0,
    16.0,
    43.0,
    27.0,
    95.0,
    26.0,
    26.0,
    0.0,
    76.0,
    123.0,
    16.0,
    79.0,
    49.0,
    108.0,
    24.0,
    52.0,
    67.0,
    11.0,
    65.0,
    50.0,
    16.0,
    66.0,
    110.0,
    96.0,
    47.0,
    28.0,
    57.0,
    75.0,
    65.0,
    53.0,
    90.0,
    13.0,
    0.0,
    31.0,
    40.0,
    31.0,
    0.0,
    53.0,
    34.0,
    27.0,
    25.0,
    61.0,
    46.0,
    13.0,
    117.0,
    7.0,
    48.0,
    15.0,
    91.0,
    18.0,
    113.0,
    60.0,
    127.0,
    96.0,
    75.0,
    0.0,
    12.0,
    36.0,
    62.0,
    36.0,
    45.0,
    96.0,
    22.0,
    18.0,
    16.0,
    31.0,
    27.0,
    104.0,
    21.0
  ]
}