{
  "mean_return": 26.997407546495552,
  "std_return": 1.0411115560062085,
  "se_return": 0.10411115560062086,
  "mean_length": 1000.0,
  "mean_action_smoothness": 0.3908929220315018,
  "std_action_smoothness": 0.03260198260407598,
  "mean_action_magnitude": 1.103525404927577,
  "mean_cost": 60.25,
  "total_cost": 6025.0,
  "feasibility_rate": 0.08,
  "policy_entropy": 1.605153203010559,
  "q_value_variance": null,
  "mean_recovery_ratio": 2.086904353197376,
  "std_recovery_ratio": 0.5748796470061476,
  "n_episodes": 100,
  "per_episode_returns": [
    28.23633602963034,
    28.725658602903966,
    29.244774140272675,
    26.68194707947717,
    26.26585549723011,
    27.99397926571484,
    28.3278252482463,
    27.493725597543566,
    26.19972029272035,
    25.676227147674755,
    27.314817636962893,
    26.055057258284663,
    24.834741497376573,
    25.85410292070441,
    27.079366473178798,
    26.121287032570777,
    27.855042798341856,
    28.097845558912883,
    26.611379720033376,
    26.251708961523526,
    26.40650113133962,
    27.570105296372063,
    26.84620072812293,
    27.705499250938438,
    25.11538034505541,
    29.02066409815791,
    26.40247889543886,
    26.440975137730703,
    26.92141658754936,
    26.279821378565583,
    27.34970214737233,
    26.162151167624014,
    26.661418565894337,
    26.317487263750614,
    29.24445506355748,
    26.938407310074528,
    28.445564780933633,
    25.725481412334197,
    27.668764993512454,
    26.992620433480695,
    29.516514824076268,
    24.511991565582626,
    27.5520565224813,
    28.873090003283775,
    26.61684014479076,
    27.739754910563768,
    26.354765797155533,
    26.248459605586135,
    26.621854373584224,
    26.49478881906188,
    27.76830279871814,
    26.931552844782303,
    25.54028058987243,
    25.723025496247626,
    27.332386415113486,
    27.140489853973378,
    25.592777461203152,
    26.06819676004754,
    26.617196060902206,
    25.308133200907548,
    27.901216862841213,
    27.771393761194567,
    27.34013372156712,
    28.491041621179765,
    26.93212021462956,
    27.12270739397383,
    27.117554478585323,
    26.210034764627007,
    25.987563060950805,
    26.323337757434413,
    26.171596769776894,
    26.563420089555798,
    27.659753982792193,
    27.195709942348223,
    28.343323588455142,
    29.015395072243436,
    26.772272675856087,
    25.721663582341094,
    25.756514292929495,
    28.005373734468858,
    26.828823031569932,
    27.671368986495516,
    27.33134981931847,
    26.133136158402287,
    26.012507091421956,
    26.86786060147416,
    26.099114600091326,
    27.04001795406609,
    27.028424937273286,
    28.125593078090464,
    28.472353969095316,
    29.005220075128264,
    26.902005264089812,
    26.582522542343966,
    27.13090255719583,
    25.5176804388174,
    27.61414033078145,
    26.24600443099325,
    26.753856420771093,
    28.286792199341534
  ],
  "per_episode_smoothness": [
    0.29937411766304894,
    0.35782578714867613,
    0.3740872090182439,
    0.38773203397869804,
    0.39923143832808466,
    0.39992169972882247,
    0.3689097753468354,
    0.41321399489492805,
    0.44365587404416457,
    0.3801654970776863,
    0.3554936795873967,
    0.39705964340695704,
    0.44139389587169064,
    0.4357563163118971,
    0.41057189718697057,
    0.3512645853250223,
    0.4040345127138514,
    0.370269576940664,
    0.35373300935134033,
    0.3645792558836984,
    0.43371424837712186,
    0.40964277191464743,
    0.40664830199774066,
    0.3829048556961415,
    0.37758436036581355,
    0.41760387577892155,
    0.4181320904796332,
    0.35348597423829,
    0.3610274907944868,
    0.402173070620634,
    0.4223510103380962,
    0.4331305229719578,
    0.40240846606425545,
    0.32319052751754956,
    0.3857338386842792,
    0.4204837222080141,
    0.33583985503952696,
    0.38802894209991845,
    0.35381046421410334,
    0.3645360603895805,
    0.3968398495298443,
    0.41996366450086964,
    0.44195167091800897,
    0.3468237596717443,
    0.43976707148992134,
    0.39942350658107234,
    0.35482334095079393,
    0.3618060728831249,
    0.3668681982869688,
    0.44167303804052693,
    0.3701487183960903,
    0.37071925096806235,
    0.3652446000793478,
    0.3837992405345113,
    0.39076066113197605,
    0.37187285756784516,
    0.4021450596118074,
    0.436789137336027,
    0.4216331842996168,
    0.45429849114305254,
    0.38789001279563384,
    0.3863198156409791,
    0.34331859604863085,
    0.39844114355009486,
    0.4318731472416242,
    0.42018887379915654,
    0.42175498932719774,
    0.36478306239835406,
    0.36909021747016635,
    0.402039039661334,
    0.46228080515893066,
    0.42304380902092653,
    0.3639900322787549,
    0.41016298435505283,
    0.4006117186507024,
    0.40333800418352506,
    0.36907443120255756,
    0.3960645936208248,
    0.394167350004998,
    0.4202547772142822,
    0.4379878280491663,
    0.3679286504842582,
    0.3850968876835221,
    0.4210423261457406,
    0.3317356131881007,
    0.3751139389938952,
    0.366084851089488,
    0.40011668817347873,
    0.33241657449230333,
    0.39957194095105714,
    0.41059163213145494,
    0.3711709805289648,
    0.398493925968262,
    0.44213769278531445,
    0.3948457169300659,
    0.3358051518272671,
    0.36641577951467624,
    0.43722748960721264,
    0.3626763223962878,
    0.3460891850653357
  ],
  "per_episode_costs": [
    92.0,
    57.0,
    36.0,
    66.0,
    62.0,
    114.0,
    50.0,
    99.0,
    0.0,
    97.0,
    142.0,
    69.0,
    0.0,
    0.0,
    30.0,
    31.0,
    57.0,
    95.0,
    82.0,
    60.0,
    46.0,
    33.0,
    109.0,
    51.0,
    98.0,
    93.0,
    88.0,
    69.0,
    37.0,
    90.0,
    0.0,
    14.0,
    30.0,
    71.0,
    26.0,
    10.0,
    0.0,
    17.0,
    103.0,
    62.0,
    41.0,
    31.0,
    73.0,
    0.0,
    21.0,
    132.0,
    97.0,
    86.0,
    56.0,
    30.0,
    9.0,
    58.0,
    118.0,
    113.0,
    124.0,
    76.0,
    125.0,
    46.0,
    108.0,
    62.0,
    77.0,
    53.0,
    20.0,
    47.0,
    43.0,
    107.0,
    0.0,
    120.0,
    115.0,
    62.0,
    30.0,
    13.0,
    128.0,
    35.0,
    75.0,
    100.0,
    116.0,
    51.0,
    86.0,
    48.0,
    27.0,
    14.0,
    23.0,
    108.0,
    0.0,
    25.0,
    67.0,
    31.0,
    84.0,
    20.0,
    77.0,
    88.0,
    33.0,
    72.0,
    92.0,
    71.0,
    30.0,
    59.0,
    61.0,
    25.0
  ]
}