{
  "mean_return": 26.717659811635908,
  "std_return": 2.9350987280929712,
  "se_return": 0.29350987280929713,
  "mean_length": 1000.0,
  "mean_action_smoothness": 0.14540723958364926,
  "std_action_smoothness": 0.019296295969713564,
  "mean_action_magnitude": 0.9692484550430852,
  "mean_cost": 49.5,
  "total_cost": 4950.0,
  "feasibility_rate": 0.11,
  "policy_entropy": null,
  "q_value_variance": 6.813335494371131e-05,
  "mean_recovery_ratio": 1.7991283286819648,
  "std_recovery_ratio": 0.5660695335104424,
  "n_episodes": 100,
  "per_episode_returns": [
    26.304615181615084,
    25.75148716024832,
    27.368787093617158,
    28.49062657042323,
    26.712556330516897,
    29.087703531105387,
    27.167162339485536,
    27.29528244893397,
    26.912275602473166,
    27.170448270369302,
    27.364788391846986,
    26.21819127929795,
    26.868287691709657,
    26.703694781092505,
    27.412458226592307,
    27.512032836485382,
    28.519944621939235,
    26.718653585356098,
    25.759080310465123,
    27.448918915364416,
    25.394907406711916,
    25.502080980975812,
    26.83724754582705,
    25.764246017266295,
    27.104495462512602,
    29.403667545571693,
    28.880623726204583,
    26.048064274417893,
    28.42432362767718,
    27.708682248224157,
    27.73001850197691,
    26.151934381771554,
    26.07825376815214,
    25.06825064942725,
    25.599479223885908,
    26.685567749964168,
    26.96224500266089,
    25.62967002776978,
    26.750981496692884,
    25.220617415477054,
    8.453718030451721,
    28.89086961853103,
    25.612280210304846,
    28.220071098799888,
    28.884354264109827,
    28.23257066405223,
    27.395645636528627,
    27.126695628119418,
    27.693311540536335,
    25.867031845613383,
    27.27282537599712,
    28.005045527550205,
    27.70607925990104,
    25.872593539444072,
    27.278348243880448,
    27.8278668132984,
    27.31305021634534,
    28.081325608724498,
    27.785726461434983,
    27.95195035623643,
    26.57863155351044,
    27.543891223764334,
    26.485258491597097,
    25.717054173850194,
    26.2264937711392,
    26.042038806874228,
    26.950943666213057,
    26.285315277794673,
    29.094106329094558,
    7.204625221169921,
    26.624285222416088,
    26.457488523398855,
    27.09907801013115,
    30.488121995336137,
    26.901340911367072,
    31.82319047610701,
    27.715094037956074,
    28.755879542000994,
    26.42615905686744,
    26.137190405841086,
    27.1114970460741,
    27.54331808732944,
    26.415655701566642,
    26.374503105619638,
    27.146979973512757,
    28.27280815551624,
    28.694671722294245,
    25.65341431084301,
    26.254137686827494,
    26.58338569120977,
    27.114299362116334,
    26.492208086422423,
    28.250157081287906,
    26.18392728685322,
    27.70687388176926,
    25.843967192078697,
    25.13578266334549,
    27.160839766898185,
    27.8688504903053,
    26.19880501332526
  ],
  "per_episode_smoothness": [
    0.1560983161787512,
    0.15369336180737572,
    0.17531898517667024,
    0.11743767086530174,
    0.1478956453116904,
    0.1320759432572348,
    0.13346915134921014,
    0.16145831733223875,
    0.15115551139586067,
    0.13359174218763192,
    0.1575232737625205,
    0.12696882366018,
    0.13222122850078627,
    0.14590720383650263,
    0.1519546345904923,
    0.12514555562429808,
    0.1568892217575842,
    0.14157572261756424,
    0.14866967654874985,
    0.13650321321083728,
    0.1499525472877063,
    0.15100247333928363,
    0.12238971043455532,
    0.14581647879514617,
    0.15005795870976565,
    0.1393662618285843,
    0.1506468783069161,
    0.1479864688533524,
    0.12856636835603036,
    0.139581472916847,
    0.14272967287008673,
    0.16565501338853217,
    0.12889393266615198,
    0.15488271395950665,
    0.16817834542695162,
    0.13052488701125028,
    0.17956883557747108,
    0.13473152708441843,
    0.1457587223029179,
    0.167084168418016,
    0.08401798423556106,
    0.13954781416620327,
    0.13509607304836022,
    0.17749069732680564,
    0.17463041074767316,
    0.12891026377065684,
    0.15207324185882656,
    0.13233316769750963,
    0.13992013034622863,
    0.14238589510630215,
    0.14366658818871952,
    0.12561878209581478,
    0.15116641402595096,
    0.15821092153882732,
    0.13476875511433994,
    0.1383049774542044,
    0.16262776032716864,
    0.11378276655338847,
    0.15019073063349517,
    0.11168750878723853,
    0.1333927827952735,
    0.15509972212126386,
    0.15478933122831265,
    0.11622292051016907,
    0.14377686508088727,
    0.1311827370231372,
    0.12724888537180581,
    0.15558943022356667,
    0.14126613027069274,
    0.0666083518978244,
    0.16159722777682045,
    0.13527685597604255,
    0.1714980317463179,
    0.12749916398881744,
    0.17365243817505696,
    0.13758971706279532,
    0.11862443049880839,
    0.1432629659660612,
    0.17364258799423057,
    0.13948192003943935,
    0.15957516480385325,
    0.12539911219900896,
    0.13229313724927036,
    0.15717643130474512,
    0.1637776952682695,
    0.11326720480116209,
    0.14491592437540296,
    0.16010632484532628,
    0.17191708655195484,
    0.16838323048478593,
    0.15272030374910833,
    0.14804417008774978,
    0.16439530592172535,
    0.16705732105581556,
    0.17814625174822743,
    0.15461157567990827,
    0.16736193129197685,
    0.1814692615784496,
    0.14273296287111278,
    0.15471254722150535
  ],
  "per_episode_costs": [
    52.0,
    131.0,
    27.0,
    52.0,
    19.0,
    14.0,
    43.0,
    58.0,
    133.0,
    69.0,
    106.0,
    26.0,
    0.0,
    36.0,
    57.0,
    0.0,
    121.0,
    50.0,
    0.0,
    88.0,
    65.0,
    83.0,
    16.0,
    58.0,
    99.0,
    66.0,
    0.0,
    64.0,
    24.0,
    32.0,
    113.0,
    48.0,
    11.0,
    44.0,
    0.0,
    15.0,
    21.0,
    54.0,
    119.0,
    118.0,
    45.0,
    15.0,
    17.0,
    68.0,
    82.0,
    27.0,
    0.0,
    0.0,
    46.0,
    23.0,
    67.0,
    112.0,
    85.0,
    36.0,
    13.0,
    54.0,
    89.0,
    0.0,
    57.0,
    0.0,
    13.0,
    74.0,
    16.0,
    13.0,
    11.0,
    85.0,
    22.0,
    29.0,
    89.0,
    30.0,
    129.0,
    35.0,
    100.0,
    10.0,
    117.0,
    31.0,
    0.0,
    96.0,
    0.0,
    15.0,
    67.0,
    74.0,
    54.0,
    76.0,
    18.0,
    16.0,
    2.0,
    8.0,
    106.0,
    17.0,
    77.0,
    103.0,
    35.0,
    144.0,
    51.0,
    18.0,
    7.0,
    85.0,
    88.0,
    21.0
  ]
}