{
  "mean_return": 3377.2698007563686,
  "std_return": 116.6831667056148,
  "se_return": 11.66831667056148,
  "mean_length": 990.0,
  "mean_action_smoothness": 0.3836367481946945,
  "std_action_smoothness": 0.008737233034308324,
  "mean_action_magnitude": 0.84325328707695,
  "mean_cost": 0.0,
  "total_cost": 0.0,
  "feasibility_rate": 1.0,
  "policy_entropy": null,
  "q_value_variance": 0.26586049795150757,
  "mean_recovery_ratio": 2.2285532506425687,
  "std_recovery_ratio": 0.03405749217888001,
  "n_episodes": 100,
  "per_episode_returns": [
    3424.215839766895,
    3436.0128464421027,
    3399.3863482939864,
    3440.2428218060727,
    3387.47623192269,
    3442.1208981261043,
    2975.2653836717773,
    3386.789551666349,
    3392.939921504315,
    3383.5194584360434,
    3423.687675494151,
    3262.674789781141,
    3383.394284214048,
    3415.453112723768,
    3467.3222110059596,
    3397.5816379661865,
    3438.068129875048,
    3390.8367217850396,
    3457.4818839900013,
    3364.9682711865025,
    3370.92331603804,
    3396.619338900823,
    3393.2636611805856,
    3435.7267196972575,
    3438.91125313782,
    3405.0453113192725,
    3393.086478218558,
    3417.2185468419298,
    3462.066814144856,
    3366.6349109903294,
    3448.168181422675,
    3379.218385066374,
    3417.104391569378,
    3435.7176475731153,
    3395.2309629953156,
    3400.5493984835875,
    3268.221623759485,
    3407.57829813664,
    3367.3924710465667,
    3381.961225086531,
    3382.698779736885,
    3457.7654427689286,
    3390.5997355751556,
    3432.1953648851018,
    3368.071418846199,
    3389.5791876339026,
    3358.4834572078985,
    3399.360414097519,
    3391.990769191873,
    3446.17250448075,
    3217.852666718109,
    3380.119496147291,
    3411.278464707054,
    3373.7877192729343,
    3393.468670148611,
    2976.9145344635945,
    2588.908703006615,
    3429.392562145882,
    3364.2135366790953,
    3412.299330974021,
    3397.5726189743923,
    3411.0305251240516,
    3403.23048322685,
    3424.6364518217283,
    3374.100360451463,
    3449.7686229831224,
    3399.6257096837403,
    3370.432408741521,
    3386.4317443349946,
    3383.025810905802,
    3397.2183902191523,
    3381.0419912003936,
    3386.266577737508,
    3421.558467399393,
    3378.54183582469,
    3383.3727069828697,
    3398.1337721114,
    3396.088163205469,
    3388.4884956314454,
    3391.0049301293225,
    3447.5344072506127,
    3424.8592902525106,
    3370.0010439172884,
    3384.7806663127285,
    3390.9130169723367,
    3422.3527936912387,
    3460.473200485749,
    3373.3208977932745,
    2901.939541428662,
    3402.8335337122994,
    3380.927477894515,
    3457.520428619298,
    3383.2002144857943,
    3380.1288945094757,
    3499.701685295272,
    3386.79282081354,
    3380.8141985551106,
    3398.2959993797804,
    3375.8637157572916,
    3367.926467866068
  ],
  "per_episode_smoothness": [
    0.37961387634277344,
    0.374794602394104,
    0.38472554087638855,
    0.3753623068332672,
    0.3925233781337738,
    0.37302902340888977,
    0.3834986090660095,
    0.3790971040725708,
    0.38514891266822815,
    0.38311824202537537,
    0.38241755962371826,
    0.3927590548992157,
    0.3813075125217438,
    0.3822016716003418,
    0.3929254710674286,
    0.3789474070072174,
    0.37336739897727966,
    0.3804835379123688,
    0.37037593126296997,
    0.3880630135536194,
    0.38950780034065247,
    0.37587472796440125,
    0.3800259828567505,
    0.37529686093330383,
    0.38610178232192993,
    0.3802199363708496,
    0.38279399275779724,
    0.38185009360313416,
    0.3851570785045624,
    0.37879255414009094,
    0.38902339339256287,
    0.3896768093109131,
    0.3813558518886566,
    0.4124905467033386,
    0.3804066777229309,
    0.3732922077178955,
    0.38379162549972534,
    0.374946266412735,
    0.3857077360153198,
    0.3835989832878113,
    0.3806789517402649,
    0.36833512783050537,
    0.3823385536670685,
    0.3823222517967224,
    0.3870548903942108,
    0.38416698575019836,
    0.38708990812301636,
    0.3920220732688904,
    0.37732309103012085,
    0.3755030632019043,
    0.41108083724975586,
    0.3905155658721924,
    0.3725707530975342,
    0.38079386949539185,
    0.377059668302536,
    0.39579999446868896,
    0.4138813018798828,
    0.37761804461479187,
    0.387277752161026,
    0.38713425397872925,
    0.3786545991897583,
    0.37596189975738525,
    0.38794517517089844,
    0.36777377128601074,
    0.3796762526035309,
    0.37870946526527405,
    0.3901425302028656,
    0.3744547963142395,
    0.38781970739364624,
    0.38704028725624084,
    0.38353583216667175,
    0.38000524044036865,
    0.3843485116958618,
    0.3886059522628784,
    0.3823775351047516,
    0.3885713219642639,
    0.3834162652492523,
    0.3879960775375366,
    0.38348034024238586,
    0.3851932883262634,
    0.3727053701877594,
    0.37464824318885803,
    0.3941061794757843,
    0.3882468044757843,
    0.37671133875846863,
    0.37601107358932495,
    0.38262665271759033,
    0.38890546560287476,
    0.4207514822483063,
    0.3781978487968445,
    0.38354626297950745,
    0.3831495940685272,
    0.3828973174095154,
    0.37455955147743225,
    0.3971305191516876,
    0.3865959048271179,
    0.3825554847717285,
    0.37746211886405945,
    0.3906809091567993,
    0.38223984837532043
  ],
  "per_episode_costs": [
    0.0,
    0.0,
    0.0,
    0.0,
    0.0,
    0.0,
    0.0,
    0.0,
    0.0,
    0.0,
    0.0,
    0.0,
    0.0,
    0.0,
    0.0,
    0.0,
    0.0,
    0.0,
    0.0,
    0.0,
    0.0,
    0.0,
    0.0,
    0.0,
    0.0,
    0.0,
    0.0,
    0.0,
    0.0,
    0.0,
    0.0,
    0.0,
    0.0,
    0.0,
    0.0,
    0.0,
    0.0,
    0.0,
    0.0,
    0.0,
    0.0,
    0.0,
    0.0,
    0.0,
    0.0,
    0.0,
    0.0,
    0.0,
    0.0,
    0.0,
    0.0,
    0.0,
    0.0,
    0.0,
    0.0,
    0.0,
    0.0,
    0.0,
    0.0,
    0.0,
    0.0,
    0.0,
    0.0,
    0.0,
    0.0,
    0.0,
    0.0,
    0.0,
    0.0,
    0.0,
    0.0,
    0.0,
    0.0,
    0.0,
    0.0,
    0.0,
    0.0,
    0.0,
    0.0,
    0.0,
    0.0,
    0.0,
    0.0,
    0.0,
    0.0,
    0.0,
    0.0,
    0.0,
    0.0,
    0.0,
    0.0,
    0.0,
    0.0,
    0.0,
    0.0,
    0.0,
    0.0,
    0.0,
    0.0,
    0.0
  ]
}