{
  "mean_return": 3358.3480554106445,
  "std_return": 148.49382001759977,
  "se_return": 14.849382001759977,
  "mean_length": 982.5,
  "mean_action_smoothness": 0.38680015116930005,
  "std_action_smoothness": 0.011584932099092575,
  "mean_action_magnitude": 0.846224879026413,
  "mean_cost": 0.0,
  "total_cost": 0.0,
  "feasibility_rate": 1.0,
  "policy_entropy": null,
  "q_value_variance": 0.2356366366147995,
  "mean_recovery_ratio": 2.224229988969552,
  "std_recovery_ratio": 0.03136385357176268,
  "n_episodes": 100,
  "per_episode_returns": [
    3447.168304943263,
    3267.706782844726,
    3366.6045785848714,
    3386.2663430507882,
    3463.295293130665,
    3409.4079684337653,
    3430.186872765766,
    3187.5991221751315,
    3406.915962937942,
    3413.0870749555866,
    3451.3727658936577,
    3379.495988298335,
    3397.429662304222,
    3423.3290437297337,
    3400.325649581566,
    3420.478576045393,
    3371.386402569747,
    3372.8242390419155,
    3371.805158854743,
    3366.287368613487,
    3435.6700875290335,
    3511.8559330004664,
    2888.8437379959278,
    3387.6193532575153,
    3386.132955395116,
    3390.2242389429634,
    3415.784468121592,
    3384.2462317115774,
    3386.662913278185,
    3391.6746725317594,
    3417.8832832474545,
    2535.540089630948,
    3374.532997619585,
    3373.7899572370725,
    3385.59314375269,
    3382.2468762822887,
    3381.157572209127,
    2720.518589824479,
    3490.8533500299154,
    3141.468014791882,
    3432.4649952398336,
    3390.510240860114,
    3366.624271499818,
    3433.187658034702,
    3429.650673376207,
    3389.1980587062467,
    3445.536388126656,
    3159.3713361833247,
    3454.829990476987,
    3394.6917511788247,
    3346.68462886963,
    3350.576182258449,
    3266.7378829561108,
    3393.168564379837,
    2715.124651060347,
    3256.162957435197,
    3378.8354666614136,
    3470.5390465285923,
    3413.66678680405,
    3375.3787131616914,
    3417.6748899247973,
    3386.6297566388303,
    3390.90889343849,
    3377.953783734407,
    3387.6301695639795,
    3392.1076208790973,
    3374.8980933758903,
    3385.754802399731,
    3493.574958995849,
    3503.6201330935833,
    3378.008909660816,
    3468.3117123241473,
    3272.92430157076,
    3393.073599724325,
    3415.973499579062,
    3127.597365611657,
    3376.1951995085415,
    3382.1130660365043,
    3370.12176671419,
    3374.7664408155492,
    3362.7864178008817,
    3373.1773365124936,
    3428.5616602018163,
    3391.0289835229664,
    3447.1379641149056,
    3417.2345700036312,
    3401.5528567880497,
    3263.014456263797,
    3381.1913940054433,
    3412.537514177053,
    3378.3944896400976,
    3388.8060895172803,
    3376.4356114556663,
    3366.9285340432307,
    3391.031215191509,
    3395.1400487094834,
    3377.9797246996436,
    3374.3831870215135,
    3414.059690753749,
    3445.3729641081327
  ],
  "per_episode_smoothness": [
    0.40199893712997437,
    0.3936699628829956,
    0.3789086639881134,
    0.38953277468681335,
    0.3807487487792969,
    0.3815903067588806,
    0.3767968416213989,
    0.4224851727485657,
    0.37899550795555115,
    0.37083664536476135,
    0.37216439843177795,
    0.3839958608150482,
    0.3799161911010742,
    0.388550341129303,
    0.3928503096103668,
    0.3836093842983246,
    0.3855941891670227,
    0.38756823539733887,
    0.3844347298145294,
    0.3820098638534546,
    0.38270485401153564,
    0.39540380239486694,
    0.41815096139907837,
    0.3859189450740814,
    0.3873041868209839,
    0.3798101246356964,
    0.385618656873703,
    0.3831842839717865,
    0.38997164368629456,
    0.3907831311225891,
    0.3884212076663971,
    0.42058250308036804,
    0.3902597725391388,
    0.3880558907985687,
    0.38419094681739807,
    0.38599836826324463,
    0.38170748949050903,
    0.3957935869693756,
    0.3981173038482666,
    0.4222619831562042,
    0.37491512298583984,
    0.38100045919418335,
    0.3800564110279083,
    0.37383171916007996,
    0.3822525143623352,
    0.3828220069408417,
    0.3692668378353119,
    0.4217747747898102,
    0.3763975203037262,
    0.38678228855133057,
    0.410169780254364,
    0.38218748569488525,
    0.4008444845676422,
    0.382463276386261,
    0.38978755474090576,
    0.4072519540786743,
    0.38581520318984985,
    0.4027497470378876,
    0.3777902126312256,
    0.3833802342414856,
    0.38318315148353577,
    0.38288673758506775,
    0.3825679421424866,
    0.37855350971221924,
    0.3841942846775055,
    0.3878873288631439,
    0.38720062375068665,
    0.3891674280166626,
    0.3687114417552948,
    0.39769938588142395,
    0.38759657740592957,
    0.3755582273006439,
    0.3946150243282318,
    0.3916195333003998,
    0.3736485540866852,
    0.4120393693447113,
    0.38680025935173035,
    0.3895701766014099,
    0.391767293214798,
    0.3884469270706177,
    0.38137826323509216,
    0.37876296043395996,
    0.36514145135879517,
    0.3735816478729248,
    0.36769765615463257,
    0.37845760583877563,
    0.39271315932273865,
    0.39906689524650574,
    0.3924483358860016,
    0.37215694785118103,
    0.3839818239212036,
    0.38173431158065796,
    0.38562536239624023,
    0.38068220019340515,
    0.38557857275009155,
    0.385219007730484,
    0.3773352801799774,
    0.3806636929512024,
    0.38427603244781494,
    0.3777638375759125
  ],
  "per_episode_costs": [
    0.0,
    0.0,
    0.0,
    0.0,
    0.0,
    0.0,
    0.0,
    0.0,
    0.0,
    0.0,
    0.0,
    0.0,
    0.0,
    0.0,
    0.0,
    0.0,
    0.0,
    0.0,
    0.0,
    0.0,
    0.0,
    0.0,
    0.0,
    0.0,
    0.0,
    0.0,
    0.0,
    0.0,
    0.0,
    0.0,
    0.0,
    0.0,
    0.0,
    0.0,
    0.0,
    0.0,
    0.0,
    0.0,
    0.0,
    0.0,
    0.0,
    0.0,
    0.0,
    0.0,
    0.0,
    0.0,
    0.0,
    0.0,
    0.0,
    0.0,
    0.0,
    0.0,
    0.0,
    0.0,
    0.0,
    0.0,
    0.0,
    0.0,
    0.0,
    0.0,
    0.0,
    0.0,
    0.0,
    0.0,
    0.0,
    0.0,
    0.0,
    0.0,
    0.0,
    0.0,
    0.0,
    0.0,
    0.0,
    0.0,
    0.0,
    0.0,
    0.0,
    0.0,
    0.0,
    0.0,
    0.0,
    0.0,
    0.0,
    0.0,
    0.0,
    0.0,
    0.0,
    0.0,
    0.0,
    0.0,
    0.0,
    0.0,
    0.0,
    0.0,
    0.0,
    0.0,
    0.0,
    0.0,
    0.0,
    0.0
  ]
}