{
  "mean_return": 6198.531748446819,
  "std_return": 87.36915179556115,
  "se_return": 8.736915179556116,
  "mean_length": 1000.0,
  "mean_action_smoothness": 2.43359299659729,
  "std_action_smoothness": 0.013143128862664739,
  "mean_action_magnitude": 2.072328426837921,
  "mean_cost": 0.0,
  "total_cost": 0.0,
  "feasibility_rate": 1.0,
  "policy_entropy": null,
  "q_value_variance": 2.5427677631378174,
  "mean_recovery_ratio": 2.336597067662479,
  "std_recovery_ratio": 0.1979067391173507,
  "n_episodes": 100,
  "per_episode_returns": [
    6221.2867510993265,
    6200.351954432122,
    6222.671092708496,
    6382.895970010104,
    6302.12745091502,
    6053.972739698554,
    6236.860849734006,
    6364.151111231111,
    6210.268735010091,
    6256.932043273113,
    6183.169116619503,
    6062.91095304914,
    6078.675458124147,
    6236.489699704766,
    6155.629935388576,
    6209.838328198065,
    6136.467796171977,
    6153.023702045891,
    6025.236467865159,
    6223.860832700181,
    6048.113852033412,
    6251.693703886563,
    6073.676297957213,
    6136.388675146683,
    6185.164656750965,
    6212.262628263502,
    6265.434531418983,
    6183.848924204395,
    6313.599961558471,
    6169.490661322304,
    6180.554384371029,
    6239.555866905869,
    6287.492770875839,
    6340.492586429459,
    6106.856195963328,
    6120.833362203488,
    6237.344016673351,
    6256.450449304692,
    6233.738100066412,
    6183.345276739359,
    6254.060944797541,
    6034.106633742501,
    6187.013339591628,
    6193.265912097179,
    6224.042132169247,
    6174.8156272461065,
    6238.999308758838,
    6227.767681015119,
    6090.716390737896,
    6163.762813959335,
    6183.292914713661,
    6177.332753734936,
    6266.485312932207,
    6310.6043317765925,
    6179.179031632892,
    6306.9838528168675,
    6300.191980392166,
    6116.319798720857,
    6095.225674745198,
    6226.019061971657,
    6296.754301586706,
    6157.865795896454,
    6271.056133298396,
    5930.030104959803,
    6107.084167437574,
    6232.587026235517,
    6111.254579654603,
    6138.147585785994,
    6344.761137430572,
    5988.791145937673,
    6146.806291281563,
    6182.346845468598,
    6192.774829495085,
    6244.033813627762,
    6241.8853119090145,
    6173.366383878383,
    6172.342119035807,
    6200.924810552168,
    6298.862609663389,
    6278.0171927726915,
    6310.734774960084,
    6230.543495250187,
    6065.333145168717,
    6072.463054911353,
    6110.276695992758,
    6104.254298212924,
    6208.263211544843,
    6324.223487015316,
    6314.2712066412105,
    6174.156550397698,
    6240.732462169024,
    6425.902348107586,
    6269.704866505889,
    6244.2149330735465,
    6294.858958483826,
    6167.614290455105,
    6184.3548903691935,
    6194.816877706432,
    6117.287727084355,
    6196.131997116979
  ],
  "per_episode_smoothness": [
    2.4088408946990967,
    2.438065767288208,
    2.4463679790496826,
    2.425675868988037,
    2.409768581390381,
    2.421642303466797,
    2.4307162761688232,
    2.4358952045440674,
    2.420578718185425,
    2.4241385459899902,
    2.405238389968872,
    2.4134886264801025,
    2.4274704456329346,
    2.421424627304077,
    2.43165922164917,
    2.4223077297210693,
    2.4399192333221436,
    2.4168307781219482,
    2.4272804260253906,
    2.441824197769165,
    2.429044008255005,
    2.4549720287323,
    2.434298515319824,
    2.4604570865631104,
    2.428272008895874,
    2.4157931804656982,
    2.413111448287964,
    2.445939540863037,
    2.4050233364105225,
    2.4349710941314697,
    2.415283441543579,
    2.424889326095581,
    2.4320614337921143,
    2.422358751296997,
    2.4307966232299805,
    2.460836410522461,
    2.4065959453582764,
    2.4330523014068604,
    2.445293426513672,
    2.4346280097961426,
    2.4279723167419434,
    2.4246878623962402,
    2.454376459121704,
    2.439720392227173,
    2.427690267562866,
    2.451068639755249,
    2.449505090713501,
    2.432756185531616,
    2.4441702365875244,
    2.4333689212799072,
    2.4381816387176514,
    2.426604747772217,
    2.4455246925354004,
    2.42301869392395,
    2.425294876098633,
    2.4518282413482666,
    2.4252123832702637,
    2.4382145404815674,
    2.4335803985595703,
    2.438291549682617,
    2.41562557220459,
    2.450714349746704,
    2.4187793731689453,
    2.44010066986084,
    2.4404687881469727,
    2.439061164855957,
    2.4429233074188232,
    2.417881488800049,
    2.4282901287078857,
    2.4428162574768066,
    2.433372735977173,
    2.450969934463501,
    2.4311330318450928,
    2.4575905799865723,
    2.431370973587036,
    2.4457314014434814,
    2.460139274597168,
    2.4330203533172607,
    2.431783437728882,
    2.4238200187683105,
    2.418868064880371,
    2.438016891479492,
    2.4432835578918457,
    2.4423439502716064,
    2.4227514266967773,
    2.447049856185913,
    2.4386119842529297,
    2.442378282546997,
    2.429806709289551,
    2.453287363052368,
    2.4249424934387207,
    2.444075345993042,
    2.438062906265259,
    2.4524519443511963,
    2.431089162826538,
    2.4279685020446777,
    2.4409286975860596,
    2.466244697570801,
    2.4264423847198486,
    2.427222728729248
  ],
  "per_episode_costs": [
    0.0,
    0.0,
    0.0,
    0.0,
    0.0,
    0.0,
    0.0,
    0.0,
    0.0,
    0.0,
    0.0,
    0.0,
    0.0,
    0.0,
    0.0,
    0.0,
    0.0,
    0.0,
    0.0,
    0.0,
    0.0,
    0.0,
    0.0,
    0.0,
    0.0,
    0.0,
    0.0,
    0.0,
    0.0,
    0.0,
    0.0,
    0.0,
    0.0,
    0.0,
    0.0,
    0.0,
    0.0,
    0.0,
    0.0,
    0.0,
    0.0,
    0.0,
    0.0,
    0.0,
    0.0,
    0.0,
    0.0,
    0.0,
    0.0,
    0.0,
    0.0,
    0.0,
    0.0,
    0.0,
    0.0,
    0.0,
    0.0,
    0.0,
    0.0,
    0.0,
    0.0,
    0.0,
    0.0,
    0.0,
    0.0,
    0.0,
    0.0,
    0.0,
    0.0,
    0.0,
    0.0,
    0.0,
    0.0,
    0.0,
    0.0,
    0.0,
    0.0,
    0.0,
    0.0,
    0.0,
    0.0,
    0.0,
    0.0,
    0.0,
    0.0,
    0.0,
    0.0,
    0.0,
    0.0,
    0.0,
    0.0,
    0.0,
    0.0,
    0.0,
    0.0,
    0.0,
    0.0,
    0.0,
    0.0,
    0.0
  ]
}