{
  "mean_return": 6185.697214102559,
  "std_return": 84.72538782028708,
  "se_return": 8.472538782028709,
  "mean_length": 1000.0,
  "mean_action_smoothness": 2.4318565630912783,
  "std_action_smoothness": 0.013858128534551447,
  "mean_action_magnitude": 2.0719720244407656,
  "mean_cost": 0.0,
  "total_cost": 0.0,
  "feasibility_rate": 1.0,
  "policy_entropy": null,
  "q_value_variance": 2.220210552215576,
  "mean_recovery_ratio": 2.2876217165493715,
  "std_recovery_ratio": 0.14104418301726576,
  "n_episodes": 100,
  "per_episode_returns": [
    6155.7359337111275,
    6420.281521365721,
    6164.159969378078,
    6133.061646748165,
    6231.437855469345,
    6132.092646201537,
    6148.844124562029,
    6273.920663810698,
    6110.604091125547,
    6126.372773097279,
    6071.758455787277,
    6265.583968497834,
    6263.379272316419,
    6262.725443318278,
    6273.135659493345,
    6209.828470338751,
    6119.520520556449,
    6187.113260099743,
    6245.141184363583,
    6165.986321170689,
    6179.436797254881,
    6091.757679163851,
    6240.126794851321,
    6116.366272295018,
    6252.27726746797,
    6250.68217064608,
    6287.773214833363,
    6158.802697559912,
    6206.46884063431,
    6241.77983430552,
    6227.862505258657,
    6117.496175549105,
    6205.910615645236,
    6268.619326665038,
    6205.007258401665,
    6019.740656834741,
    6249.726401498953,
    6153.481097163565,
    6093.465276606676,
    6200.94714984607,
    6173.066268718272,
    6123.160219976808,
    6088.5113473105885,
    6163.362539988624,
    6186.00372415137,
    6219.811705492323,
    6152.686717404615,
    6151.207356511558,
    6314.60531587031,
    6228.2058069796985,
    6120.385585952136,
    6210.562202166097,
    6296.695910612812,
    6353.527138108166,
    6186.448730841966,
    6270.185208480722,
    6226.2727771130585,
    5981.529787111078,
    6025.810782365965,
    6070.5844225232795,
    6206.20797378392,
    6224.91639107859,
    6234.763781412147,
    6113.016957668754,
    6166.122625341056,
    6315.726633530939,
    6113.398615369859,
    6256.438067217364,
    6306.700129796871,
    6302.830251805491,
    6139.294990384743,
    6186.324740968755,
    6234.274728114777,
    6142.978068582905,
    6123.149728035206,
    6222.762603522302,
    6164.449617211201,
    6020.049402391286,
    6221.6396197866825,
    6323.670539097228,
    6126.310359627742,
    6236.6499924237705,
    6125.475449699695,
    6025.8206200866225,
    6228.341731212098,
    5986.3251677745875,
    6154.871715841913,
    6201.650770806744,
    6228.872260375091,
    6192.828207221939,
    5950.576978533855,
    6302.589696553379,
    6186.6574089433125,
    6129.464831057525,
    6181.550092780055,
    6268.959695961697,
    6310.91488643497,
    6059.177248441032,
    6243.002818418594,
    6139.930651387874
  ],
  "per_episode_smoothness": [
    2.42336106300354,
    2.424274206161499,
    2.42425274848938,
    2.4412126541137695,
    2.453908681869507,
    2.4448492527008057,
    2.39656925201416,
    2.418761968612671,
    2.4355616569519043,
    2.457871675491333,
    2.405320882797241,
    2.4298882484436035,
    2.4413328170776367,
    2.430084466934204,
    2.4185121059417725,
    2.427185535430908,
    2.4426259994506836,
    2.449176788330078,
    2.4379632472991943,
    2.420496940612793,
    2.4229440689086914,
    2.450084924697876,
    2.4174349308013916,
    2.42508864402771,
    2.4423677921295166,
    2.4377033710479736,
    2.426668643951416,
    2.4159657955169678,
    2.421983242034912,
    2.430941104888916,
    2.446634292602539,
    2.4299654960632324,
    2.4294028282165527,
    2.426915168762207,
    2.432478427886963,
    2.4192144870758057,
    2.4308531284332275,
    2.436476230621338,
    2.434840202331543,
    2.4324185848236084,
    2.4073233604431152,
    2.4215269088745117,
    2.421145439147949,
    2.4299490451812744,
    2.430145263671875,
    2.4375791549682617,
    2.4366908073425293,
    2.420306444168091,
    2.400449275970459,
    2.4315285682678223,
    2.460313558578491,
    2.4363040924072266,
    2.4370851516723633,
    2.4027810096740723,
    2.447819471359253,
    2.4367146492004395,
    2.431469202041626,
    2.4056997299194336,
    2.442779779434204,
    2.4604175090789795,
    2.4517359733581543,
    2.4552245140075684,
    2.4364681243896484,
    2.442910671234131,
    2.428435802459717,
    2.448888063430786,
    2.445460796356201,
    2.4610226154327393,
    2.4385831356048584,
    2.4422013759613037,
    2.4415526390075684,
    2.445774793624878,
    2.4444692134857178,
    2.420179843902588,
    2.456941843032837,
    2.4041860103607178,
    2.4135184288024902,
    2.439643144607544,
    2.4236738681793213,
    2.4307608604431152,
    2.415862798690796,
    2.430542230606079,
    2.419419288635254,
    2.4124393463134766,
    2.408228874206543,
    2.4241342544555664,
    2.4416656494140625,
    2.4265987873077393,
    2.435154438018799,
    2.421320676803589,
    2.431183099746704,
    2.4301602840423584,
    2.4347341060638428,
    2.417848587036133,
    2.4482007026672363,
    2.432302951812744,
    2.439028739929199,
    2.435490131378174,
    2.435011863708496,
    2.443077802658081
  ],
  "per_episode_costs": [
    0.0,
    0.0,
    0.0,
    0.0,
    0.0,
    0.0,
    0.0,
    0.0,
    0.0,
    0.0,
    0.0,
    0.0,
    0.0,
    0.0,
    0.0,
    0.0,
    0.0,
    0.0,
    0.0,
    0.0,
    0.0,
    0.0,
    0.0,
    0.0,
    0.0,
    0.0,
    0.0,
    0.0,
    0.0,
    0.0,
    0.0,
    0.0,
    0.0,
    0.0,
    0.0,
    0.0,
    0.0,
    0.0,
    0.0,
    0.0,
    0.0,
    0.0,
    0.0,
    0.0,
    0.0,
    0.0,
    0.0,
    0.0,
    0.0,
    0.0,
    0.0,
    0.0,
    0.0,
    0.0,
    0.0,
    0.0,
    0.0,
    0.0,
    0.0,
    0.0,
    0.0,
    0.0,
    0.0,
    0.0,
    0.0,
    0.0,
    0.0,
    0.0,
    0.0,
    0.0,
    0.0,
    0.0,
    0.0,
    0.0,
    0.0,
    0.0,
    0.0,
    0.0,
    0.0,
    0.0,
    0.0,
    0.0,
    0.0,
    0.0,
    0.0,
    0.0,
    0.0,
    0.0,
    0.0,
    0.0,
    0.0,
    0.0,
    0.0,
    0.0,
    0.0,
    0.0,
    0.0,
    0.0,
    0.0,
    0.0
  ]
}