{
  "mean_return": 6663.34317659708,
  "std_return": 109.1092727906605,
  "se_return": 10.91092727906605,
  "mean_length": 1000.0,
  "mean_action_smoothness": 2.5636041378974914,
  "std_action_smoothness": 0.012094685945657803,
  "mean_action_magnitude": 2.0933820629119873,
  "mean_cost": 0.0,
  "total_cost": 0.0,
  "feasibility_rate": 1.0,
  "policy_entropy": null,
  "q_value_variance": 2.2746500968933105,
  "mean_recovery_ratio": 2.599928245855176,
  "std_recovery_ratio": 0.27122536672243763,
  "n_episodes": 100,
  "per_episode_returns": [
    6615.7268723262205,
    6692.809073675424,
    6667.358476737456,
    6778.104932568367,
    6636.040117047939,
    6636.6227771472095,
    6732.7949388579955,
    6651.630738775934,
    6642.6518928820005,
    6562.831304934507,
    6499.4074369720265,
    6671.468382410905,
    6524.343160638536,
    6633.451278914799,
    6612.410407102649,
    6647.7433224418255,
    6636.56545835618,
    6544.5333756260015,
    6593.068365655526,
    6700.5334218823455,
    6598.240248117557,
    6701.830320022586,
    6746.4657501852125,
    6837.158603884227,
    6855.375577627077,
    6579.1501823361805,
    6545.764682314691,
    6495.5103550924805,
    6544.364984905556,
    6757.788151618814,
    6737.548356876939,
    6598.507339994785,
    6697.388257760718,
    6470.737383242468,
    6575.248680134284,
    6521.37912039277,
    6519.77117444885,
    6610.606291080627,
    6651.385385960499,
    6949.405663099733,
    6652.973460628789,
    6474.944509648573,
    6674.147775016825,
    6672.412321776786,
    6760.925664144759,
    6643.20637555957,
    6600.512622666178,
    6729.348568586399,
    6910.718524415497,
    6639.128240396086,
    6646.360352362339,
    6682.9665874248085,
    6545.49453574012,
    6968.580688719818,
    6748.003637700744,
    6726.36793825751,
    6828.268189882997,
    6538.753576254909,
    6726.814687233221,
    6726.429921672724,
    6797.210225231375,
    6668.719790238249,
    6708.421654036015,
    6685.987451360203,
    6622.21244352604,
    6608.332818711452,
    6683.312887989633,
    6584.561780279431,
    6771.674951303991,
    6813.605550040868,
    6685.5332786992485,
    6568.228201801904,
    6638.672854186888,
    6662.421105819683,
    6619.434329659472,
    6470.783207720434,
    6757.928946136706,
    6547.836836487239,
    6615.881133083082,
    6783.084575497795,
    6785.746903164402,
    6485.268674055419,
    6550.1120327076505,
    6720.790114060201,
    6777.1690782498545,
    6699.85489823781,
    6836.706724523612,
    6822.419053427115,
    6727.3331013891575,
    6844.812650698016,
    6419.412018288445,
    6600.085606242637,
    6588.991331263647,
    6587.352319438488,
    6742.470389566684,
    6836.918746771418,
    6586.900049897213,
    6595.028244214037,
    6731.842784500484,
    6531.178495063442
  ],
  "per_episode_smoothness": [
    2.5543484687805176,
    2.547532796859741,
    2.560805320739746,
    2.5896482467651367,
    2.55472993850708,
    2.570220947265625,
    2.563739538192749,
    2.5651512145996094,
    2.5559098720550537,
    2.536264181137085,
    2.544665813446045,
    2.5688893795013428,
    2.5423853397369385,
    2.5677738189697266,
    2.560157299041748,
    2.5504772663116455,
    2.5671792030334473,
    2.565661907196045,
    2.55147385597229,
    2.5623528957366943,
    2.555783271789551,
    2.5696868896484375,
    2.5624990463256836,
    2.5848841667175293,
    2.5722715854644775,
    2.5409624576568604,
    2.5602834224700928,
    2.553652286529541,
    2.567201852798462,
    2.5738351345062256,
    2.559654951095581,
    2.5585644245147705,
    2.5668394565582275,
    2.5363235473632812,
    2.5611259937286377,
    2.561370372772217,
    2.5615904331207275,
    2.558676242828369,
    2.5451061725616455,
    2.5871422290802,
    2.5664196014404297,
    2.562307834625244,
    2.5638866424560547,
    2.5519652366638184,
    2.5642099380493164,
    2.5610580444335938,
    2.5761606693267822,
    2.5597400665283203,
    2.5888094902038574,
    2.5466370582580566,
    2.5716922283172607,
    2.566610336303711,
    2.5582101345062256,
    2.5757198333740234,
    2.571338415145874,
    2.5894620418548584,
    2.580051898956299,
    2.557042121887207,
    2.5513415336608887,
    2.5658724308013916,
    2.560112953186035,
    2.5685794353485107,
    2.570587635040283,
    2.5677742958068848,
    2.565687417984009,
    2.566035270690918,
    2.572870969772339,
    2.556820869445801,
    2.5718166828155518,
    2.575441837310791,
    2.5703022480010986,
    2.5446951389312744,
    2.560377359390259,
    2.5816690921783447,
    2.5492327213287354,
    2.5377590656280518,
    2.573035478591919,
    2.548194169998169,
    2.571929693222046,
    2.577738046646118,
    2.5845625400543213,
    2.554314613342285,
    2.564767360687256,
    2.5540499687194824,
    2.573955535888672,
    2.5781593322753906,
    2.5802040100097656,
    2.570955514907837,
    2.5733399391174316,
    2.5818066596984863,
    2.533360004425049,
    2.570486068725586,
    2.558454990386963,
    2.5642404556274414,
    2.5639760494232178,
    2.5794789791107178,
    2.5594353675842285,
    2.559784173965454,
    2.5613207817077637,
    2.557744264602661
  ],
  "per_episode_costs": [
    0.0,
    0.0,
    0.0,
    0.0,
    0.0,
    0.0,
    0.0,
    0.0,
    0.0,
    0.0,
    0.0,
    0.0,
    0.0,
    0.0,
    0.0,
    0.0,
    0.0,
    0.0,
    0.0,
    0.0,
    0.0,
    0.0,
    0.0,
    0.0,
    0.0,
    0.0,
    0.0,
    0.0,
    0.0,
    0.0,
    0.0,
    0.0,
    0.0,
    0.0,
    0.0,
    0.0,
    0.0,
    0.0,
    0.0,
    0.0,
    0.0,
    0.0,
    0.0,
    0.0,
    0.0,
    0.0,
    0.0,
    0.0,
    0.0,
    0.0,
    0.0,
    0.0,
    0.0,
    0.0,
    0.0,
    0.0,
    0.0,
    0.0,
    0.0,
    0.0,
    0.0,
    0.0,
    0.0,
    0.0,
    0.0,
    0.0,
    0.0,
    0.0,
    0.0,
    0.0,
    0.0,
    0.0,
    0.0,
    0.0,
    0.0,
    0.0,
    0.0,
    0.0,
    0.0,
    0.0,
    0.0,
    0.0,
    0.0,
    0.0,
    0.0,
    0.0,
    0.0,
    0.0,
    0.0,
    0.0,
    0.0,
    0.0,
    0.0,
    0.0,
    0.0,
    0.0,
    0.0,
    0.0,
    0.0,
    0.0
  ]
}