{
  "mean_return": 6667.108646455669,
  "std_return": 102.35196426858334,
  "se_return": 10.235196426858334,
  "mean_length": 1000.0,
  "mean_action_smoothness": 2.5602840328216554,
  "std_action_smoothness": 0.011809158258880645,
  "mean_action_magnitude": 2.092559232711792,
  "mean_cost": 0.0,
  "total_cost": 0.0,
  "feasibility_rate": 1.0,
  "policy_entropy": null,
  "q_value_variance": 2.0583815574645996,
  "mean_recovery_ratio": 2.457751027482707,
  "std_recovery_ratio": 0.28999543606998185,
  "n_episodes": 100,
  "per_episode_returns": [
    6730.428333340934,
    6604.3209739888025,
    6636.800211303769,
    6796.220177585774,
    6704.152413102631,
    6791.182045374636,
    6767.553145677867,
    6596.454504049227,
    6670.047728649444,
    6556.501882581905,
    6622.77034577537,
    6745.004008712785,
    6665.954022701976,
    6557.964974632283,
    6623.823190856085,
    6556.258548140201,
    6625.720364603288,
    6809.56341600077,
    6649.128615370829,
    6704.158978445714,
    6727.940492684731,
    6755.40550812922,
    6543.693655690311,
    6787.826468098142,
    6701.210993017641,
    6775.397261316725,
    6384.317484605211,
    6741.1122889275375,
    6719.311505414429,
    6540.754090780264,
    6452.660548113852,
    6861.01879621697,
    6602.25354051347,
    6843.343755596436,
    6751.829617697376,
    6744.8605355989475,
    6705.200747702932,
    6583.64119893273,
    6608.498004898591,
    6717.748128151664,
    6777.608336562298,
    6757.369748905201,
    6647.488663630335,
    6582.160033599897,
    6601.721686009549,
    6554.841892473002,
    6742.094383228768,
    6534.108055563412,
    6685.65897348175,
    6620.940419474045,
    6671.419280936531,
    6545.479430899997,
    6677.134299379746,
    6597.4269746108075,
    6800.109218089603,
    6790.439157026692,
    6717.696801693462,
    6638.030060715464,
    6684.75298952817,
    6648.919590304053,
    6512.002763766697,
    6745.3959980410955,
    6537.897977460511,
    6601.715850913552,
    6826.75289656589,
    6765.32902462673,
    6709.859860296411,
    6786.3935016926835,
    6620.961256350122,
    6649.368818916295,
    6646.4088975855175,
    6718.212389609178,
    6562.252607249832,
    6623.716059803308,
    6724.918550600289,
    6690.249793666867,
    6791.633487367793,
    6643.796085096415,
    6735.689568411977,
    6805.663028289532,
    6596.489772114804,
    6637.0440046462445,
    6735.194454929931,
    6752.58370148499,
    6668.511436867031,
    6558.356457162517,
    6769.213566544384,
    6773.688502710397,
    6532.772912691095,
    6434.765754732577,
    6629.11046303445,
    6577.509570939956,
    6740.587050713534,
    6354.249724985168,
    6541.4675460237,
    6781.704446087605,
    6697.537929356358,
    6552.9620808719155,
    6859.653804560813,
    6581.810549704644
  ],
  "per_episode_smoothness": [
    2.5587100982666016,
    2.551668405532837,
    2.5607149600982666,
    2.562610626220703,
    2.558586835861206,
    2.5634515285491943,
    2.573188304901123,
    2.551590919494629,
    2.5402543544769287,
    2.5567378997802734,
    2.558114528656006,
    2.5776567459106445,
    2.5547680854797363,
    2.573209047317505,
    2.545511245727539,
    2.553905963897705,
    2.5416080951690674,
    2.5854012966156006,
    2.5632247924804688,
    2.5571205615997314,
    2.5416100025177,
    2.5659868717193604,
    2.565047025680542,
    2.5622386932373047,
    2.5674047470092773,
    2.585052251815796,
    2.5387063026428223,
    2.560560941696167,
    2.5687594413757324,
    2.5273633003234863,
    2.552947521209717,
    2.574113368988037,
    2.545301675796509,
    2.5624747276306152,
    2.55995512008667,
    2.562345027923584,
    2.5556020736694336,
    2.5603365898132324,
    2.5730783939361572,
    2.5469253063201904,
    2.5707876682281494,
    2.5819218158721924,
    2.558704137802124,
    2.5661323070526123,
    2.5466067790985107,
    2.5426135063171387,
    2.56394624710083,
    2.549313545227051,
    2.574491262435913,
    2.5580735206604004,
    2.557652473449707,
    2.5566225051879883,
    2.566640853881836,
    2.553046226501465,
    2.5708374977111816,
    2.577657461166382,
    2.5613884925842285,
    2.5519556999206543,
    2.58447265625,
    2.561436891555786,
    2.5485644340515137,
    2.579688549041748,
    2.5580861568450928,
    2.557295083999634,
    2.563585042953491,
    2.555248260498047,
    2.566685914993286,
    2.593644618988037,
    2.5509376525878906,
    2.5623691082000732,
    2.5571534633636475,
    2.564256429672241,
    2.547945499420166,
    2.5617940425872803,
    2.5704855918884277,
    2.563868522644043,
    2.562018632888794,
    2.5579466819763184,
    2.5560383796691895,
    2.5481107234954834,
    2.565286874771118,
    2.540147542953491,
    2.5611860752105713,
    2.57143235206604,
    2.5626018047332764,
    2.550447463989258,
    2.5569372177124023,
    2.5631895065307617,
    2.5441901683807373,
    2.545970916748047,
    2.5556654930114746,
    2.5587761402130127,
    2.571734666824341,
    2.5616509914398193,
    2.5646779537200928,
    2.5906803607940674,
    2.5638275146484375,
    2.5403103828430176,
    2.5704386234283447,
    2.5453832149505615
  ],
  "per_episode_costs": [
    0.0,
    0.0,
    0.0,
    0.0,
    0.0,
    0.0,
    0.0,
    0.0,
    0.0,
    0.0,
    0.0,
    0.0,
    0.0,
    0.0,
    0.0,
    0.0,
    0.0,
    0.0,
    0.0,
    0.0,
    0.0,
    0.0,
    0.0,
    0.0,
    0.0,
    0.0,
    0.0,
    0.0,
    0.0,
    0.0,
    0.0,
    0.0,
    0.0,
    0.0,
    0.0,
    0.0,
    0.0,
    0.0,
    0.0,
    0.0,
    0.0,
    0.0,
    0.0,
    0.0,
    0.0,
    0.0,
    0.0,
    0.0,
    0.0,
    0.0,
    0.0,
    0.0,
    0.0,
    0.0,
    0.0,
    0.0,
    0.0,
    0.0,
    0.0,
    0.0,
    0.0,
    0.0,
    0.0,
    0.0,
    0.0,
    0.0,
    0.0,
    0.0,
    0.0,
    0.0,
    0.0,
    0.0,
    0.0,
    0.0,
    0.0,
    0.0,
    0.0,
    0.0,
    0.0,
    0.0,
    0.0,
    0.0,
    0.0,
    0.0,
    0.0,
    0.0,
    0.0,
    0.0,
    0.0,
    0.0,
    0.0,
    0.0,
    0.0,
    0.0,
    0.0,
    0.0,
    0.0,
    0.0,
    0.0,
    0.0
  ]
}