{
  "mean_return": 3077.5020821186204,
  "std_return": 113.9562658013384,
  "se_return": 11.39562658013384,
  "mean_length": 995.69,
  "mean_action_smoothness": 0.3463031831383705,
  "std_action_smoothness": 0.006762131519669492,
  "mean_action_magnitude": 1.0304416239261627,
  "mean_cost": 0.0,
  "total_cost": 0.0,
  "feasibility_rate": 1.0,
  "policy_entropy": null,
  "q_value_variance": 3.4250118732452393,
  "mean_recovery_ratio": 1.899653793574584,
  "std_recovery_ratio": 0.15376371527844365,
  "n_episodes": 100,
  "per_episode_returns": [
    3089.395572820897,
    3091.15626778141,
    3097.844908927718,
    3088.315099551285,
    3093.0181546161825,
    3089.472087648526,
    3091.479056456853,
    3115.9540440752207,
    3085.025798921052,
    3091.233392850301,
    3095.3555555700473,
    3071.4682805347948,
    3094.685483534739,
    3094.0379952994226,
    3095.890116341463,
    3050.513812358996,
    3095.3720504729226,
    3095.6952247785175,
    3094.7364421859897,
    3090.8295888484477,
    3090.747554902212,
    3101.4760029595914,
    1951.9618056210743,
    3096.612171425175,
    3090.2243656155274,
    3045.1452061678,
    3083.7836355514605,
    3078.0050638074463,
    3095.3179170288377,
    3103.5278600716897,
    3093.646769315829,
    3091.7284968038575,
    3090.4553834593466,
    3092.035958174801,
    3090.9408912250465,
    3130.035114333975,
    3083.0111283438923,
    3088.0612648978226,
    3111.2047700015974,
    3093.9950379780216,
    3101.022680933375,
    3090.389804282783,
    3090.6379383999592,
    3093.286102720506,
    3093.3151506491117,
    3090.7684485238638,
    3088.7745276083765,
    3068.1963722938153,
    3089.7309104083297,
    3092.9596067640173,
    3050.5165724583244,
    3094.4401102415222,
    3091.654836709378,
    3094.4010585796773,
    3085.833152641308,
    3057.746986789942,
    3067.033890871192,
    3093.1022751934274,
    3088.392131439438,
    3088.6485931540055,
    3098.311457415662,
    3092.785888394884,
    3095.5671821837122,
    3089.5192026292434,
    3094.1645245291866,
    3098.0472931666836,
    3087.8615621504946,
    3039.9707447595656,
    3084.6595263953163,
    3089.2781661308763,
    3087.5227832593578,
    3096.1735596338544,
    3089.824696026738,
    3095.295311849989,
    3084.88950554578,
    3096.911193839625,
    3060.677023761461,
    3094.353053352227,
    3106.2964523370706,
    3088.5908988839697,
    3087.3045735847927,
    3079.65132444313,
    3096.929617083503,
    3094.7151952543427,
    3093.969199507777,
    3087.4017588642637,
    3103.324467899464,
    3080.028085323556,
    3089.9649221571017,
    3055.1083986556573,
    3091.0747847982193,
    3094.425102762178,
    3096.6363809631125,
    3084.4306565826873,
    3096.6256846388874,
    3084.446168530143,
    3090.744711343198,
    3050.5681320248423,
    3093.290175146937,
    3104.6223641304114
  ],
  "per_episode_smoothness": [
    0.34454694390296936,
    0.3440951406955719,
    0.34119153022766113,
    0.3506249785423279,
    0.348249614238739,
    0.34177523851394653,
    0.3391340970993042,
    0.33737704157829285,
    0.34747040271759033,
    0.34221747517585754,
    0.34286460280418396,
    0.35678014159202576,
    0.33978497982025146,
    0.33564677834510803,
    0.3493554890155792,
    0.3634191155433655,
    0.35263729095458984,
    0.3383221924304962,
    0.34849947690963745,
    0.33402562141418457,
    0.33605077862739563,
    0.34763675928115845,
    0.3390468657016754,
    0.3394077718257904,
    0.3450203835964203,
    0.35385727882385254,
    0.35463419556617737,
    0.34043315052986145,
    0.34051084518432617,
    0.34578901529312134,
    0.34711840748786926,
    0.35194504261016846,
    0.3421677052974701,
    0.339964896440506,
    0.3338465988636017,
    0.3451942801475525,
    0.34236636757850647,
    0.3510974943637848,
    0.34338679909706116,
    0.34680628776550293,
    0.3464008867740631,
    0.340937077999115,
    0.3459274470806122,
    0.35136157274246216,
    0.34538331627845764,
    0.34436070919036865,
    0.3371231257915497,
    0.3621284067630768,
    0.35400390625,
    0.34677982330322266,
    0.3647131025791168,
    0.3427720367908478,
    0.33882108330726624,
    0.3498551845550537,
    0.3415694832801819,
    0.35717153549194336,
    0.3579372465610504,
    0.3483595848083496,
    0.3386569321155548,
    0.3515661656856537,
    0.34760281443595886,
    0.34584757685661316,
    0.3478761315345764,
    0.3430482745170593,
    0.34240955114364624,
    0.3482784628868103,
    0.3490793704986572,
    0.35497787594795227,
    0.3405974805355072,
    0.3508929908275604,
    0.35198867321014404,
    0.34606555104255676,
    0.3431309759616852,
    0.33240509033203125,
    0.34273579716682434,
    0.34241336584091187,
    0.3611818552017212,
    0.34590646624565125,
    0.34802234172821045,
    0.34950315952301025,
    0.34297609329223633,
    0.36193835735321045,
    0.3453526198863983,
    0.338412344455719,
    0.34808963537216187,
    0.3459775745868683,
    0.34250327944755554,
    0.3557034134864807,
    0.34239959716796875,
    0.3587682545185089,
    0.3354906439781189,
    0.34507158398628235,
    0.34966903924942017,
    0.3483033776283264,
    0.34186622500419617,
    0.3478553593158722,
    0.34632793068885803,
    0.35849377512931824,
    0.34491974115371704,
    0.34610795974731445
  ],
  "per_episode_costs": [
    0.0,
    0.0,
    0.0,
    0.0,
    0.0,
    0.0,
    0.0,
    0.0,
    0.0,
    0.0,
    0.0,
    0.0,
    0.0,
    0.0,
    0.0,
    0.0,
    0.0,
    0.0,
    0.0,
    0.0,
    0.0,
    0.0,
    0.0,
    0.0,
    0.0,
    0.0,
    0.0,
    0.0,
    0.0,
    0.0,
    0.0,
    0.0,
    0.0,
    0.0,
    0.0,
    0.0,
    0.0,
    0.0,
    0.0,
    0.0,
    0.0,
    0.0,
    0.0,
    0.0,
    0.0,
    0.0,
    0.0,
    0.0,
    0.0,
    0.0,
    0.0,
    0.0,
    0.0,
    0.0,
    0.0,
    0.0,
    0.0,
    0.0,
    0.0,
    0.0,
    0.0,
    0.0,
    0.0,
    0.0,
    0.0,
    0.0,
    0.0,
    0.0,
    0.0,
    0.0,
    0.0,
    0.0,
    0.0,
    0.0,
    0.0,
    0.0,
    0.0,
    0.0,
    0.0,
    0.0,
    0.0,
    0.0,
    0.0,
    0.0,
    0.0,
    0.0,
    0.0,
    0.0,
    0.0,
    0.0,
    0.0,
    0.0,
    0.0,
    0.0,
    0.0,
    0.0,
    0.0,
    0.0,
    0.0,
    0.0
  ]
}