{
  "mean_return": 3058.0532408889803,
  "std_return": 211.15483938137658,
  "se_return": 21.115483938137658,
  "mean_length": 989.39,
  "mean_action_smoothness": 0.3460445174574852,
  "std_action_smoothness": 0.006200300258530649,
  "mean_action_magnitude": 1.0297590255737306,
  "mean_cost": 0.0,
  "total_cost": 0.0,
  "feasibility_rate": 1.0,
  "policy_entropy": null,
  "q_value_variance": 3.067462682723999,
  "mean_recovery_ratio": 1.8911525134427059,
  "std_recovery_ratio": 0.15471666340564963,
  "n_episodes": 100,
  "per_episode_returns": [
    3089.0320087550326,
    1724.5863247688446,
    3077.837268154654,
    3143.7695043029616,
    3049.679773890241,
    3087.799660344629,
    3103.8494755671613,
    3021.406044188529,
    3089.4635827968405,
    3050.181385442404,
    3090.6939527115196,
    3099.9651770538217,
    3091.747257094798,
    3093.870484166291,
    3073.410130890932,
    3090.7900194101553,
    3092.767283004665,
    3088.8429161336503,
    3083.1261029095267,
    3088.703559893848,
    3069.5993678362743,
    3088.1361482130133,
    3090.024281449532,
    3056.314651208321,
    3092.24324909991,
    3089.6299172912754,
    3092.241858833058,
    3097.0325578074603,
    3094.890081289485,
    3090.0724489117188,
    3084.948852840533,
    3086.9177706982396,
    3081.348948896927,
    3083.4321710468844,
    3097.770009049039,
    3093.4113691775115,
    3088.928125958495,
    3092.6538848328955,
    3099.059525759491,
    3085.3936519066056,
    3090.5273500639605,
    3069.2957706830484,
    3085.9541309691863,
    3091.356504011684,
    3085.650433763813,
    3088.0179092671983,
    3093.175316900001,
    3058.013483706137,
    3081.30498027897,
    3088.64784775874,
    3051.42502428653,
    3094.3995980272,
    3091.5880442043435,
    3093.1028020000263,
    3085.831366667815,
    3083.3028462696993,
    3092.6978935603524,
    3092.7779992086635,
    3090.7795083659453,
    3086.676907736744,
    3095.5055368000862,
    3091.237189202446,
    3090.219750711636,
    3099.586259231858,
    3099.0120936944604,
    3083.28320891495,
    3087.773090470557,
    3093.134794400419,
    3092.52722319209,
    3072.80462994448,
    3106.0127424317766,
    1454.5951094468517,
    3092.9284215894436,
    3091.7741577187835,
    3108.0503440662255,
    3099.820424521993,
    3098.4362066342796,
    3094.4285683955777,
    3093.4770548004367,
    3096.1965121016406,
    3087.695050397722,
    3093.5032324600625,
    3089.7731481337996,
    3064.435526397843,
    3088.3237527121364,
    3090.339800906007,
    3092.371848188485,
    3092.859288131924,
    3088.4158236730746,
    3059.2626139597414,
    3096.164609524083,
    3091.714666447578,
    3082.2283864781252,
    3122.07573033098,
    3075.149995397387,
    3089.2992913870958,
    3089.914849917429,
    3114.7399920261987,
    3091.2077417559353,
    3084.9489210852053
  ],
  "per_episode_smoothness": [
    0.3449762761592865,
    0.3580927848815918,
    0.35173147916793823,
    0.34541332721710205,
    0.35992729663848877,
    0.34609636664390564,
    0.3408845365047455,
    0.3656783401966095,
    0.3354754149913788,
    0.3631652891635895,
    0.3372970223426819,
    0.34290528297424316,
    0.3421337306499481,
    0.33978986740112305,
    0.3545991778373718,
    0.342348575592041,
    0.3536948263645172,
    0.34113630652427673,
    0.3461069166660309,
    0.3441630005836487,
    0.35877910256385803,
    0.34095680713653564,
    0.33791014552116394,
    0.35907450318336487,
    0.34254908561706543,
    0.34260281920433044,
    0.34277263283729553,
    0.34413886070251465,
    0.34449297189712524,
    0.3438870906829834,
    0.3489111065864563,
    0.3460431396961212,
    0.3499395251274109,
    0.3488319218158722,
    0.33803561329841614,
    0.3435027301311493,
    0.33899322152137756,
    0.3526870608329773,
    0.34419941902160645,
    0.3490462601184845,
    0.33926039934158325,
    0.35418909788131714,
    0.35640767216682434,
    0.34394869208335876,
    0.3513312041759491,
    0.34229880571365356,
    0.343288779258728,
    0.3496364653110504,
    0.35621315240859985,
    0.3421986401081085,
    0.35755202174186707,
    0.337391197681427,
    0.343508243560791,
    0.3416772484779358,
    0.34970539808273315,
    0.35195833444595337,
    0.34290969371795654,
    0.3407772481441498,
    0.34635353088378906,
    0.34908151626586914,
    0.3454669415950775,
    0.3473779857158661,
    0.3383597433567047,
    0.3455088138580322,
    0.34384000301361084,
    0.3452725112438202,
    0.345973402261734,
    0.34794744849205017,
    0.34598037600517273,
    0.3562004268169403,
    0.34086087346076965,
    0.34209901094436646,
    0.34237203001976013,
    0.34585216641426086,
    0.3478614091873169,
    0.3429127037525177,
    0.33743730187416077,
    0.3396984040737152,
    0.34298086166381836,
    0.3438684642314911,
    0.34539496898651123,
    0.3405410945415497,
    0.3450314998626709,
    0.3482569456100464,
    0.34282445907592773,
    0.35038548707962036,
    0.33680611848831177,
    0.3433685898780823,
    0.3410222828388214,
    0.3515329957008362,
    0.33690741658210754,
    0.3480101227760315,
    0.347339391708374,
    0.3510415256023407,
    0.3486696183681488,
    0.3423026204109192,
    0.3500435948371887,
    0.3351382613182068,
    0.34461918473243713,
    0.35468751192092896
  ],
  "per_episode_costs": [
    0.0,
    0.0,
    0.0,
    0.0,
    0.0,
    0.0,
    0.0,
    0.0,
    0.0,
    0.0,
    0.0,
    0.0,
    0.0,
    0.0,
    0.0,
    0.0,
    0.0,
    0.0,
    0.0,
    0.0,
    0.0,
    0.0,
    0.0,
    0.0,
    0.0,
    0.0,
    0.0,
    0.0,
    0.0,
    0.0,
    0.0,
    0.0,
    0.0,
    0.0,
    0.0,
    0.0,
    0.0,
    0.0,
    0.0,
    0.0,
    0.0,
    0.0,
    0.0,
    0.0,
    0.0,
    0.0,
    0.0,
    0.0,
    0.0,
    0.0,
    0.0,
    0.0,
    0.0,
    0.0,
    0.0,
    0.0,
    0.0,
    0.0,
    0.0,
    0.0,
    0.0,
    0.0,
    0.0,
    0.0,
    0.0,
    0.0,
    0.0,
    0.0,
    0.0,
    0.0,
    0.0,
    0.0,
    0.0,
    0.0,
    0.0,
    0.0,
    0.0,
    0.0,
    0.0,
    0.0,
    0.0,
    0.0,
    0.0,
    0.0,
    0.0,
    0.0,
    0.0,
    0.0,
    0.0,
    0.0,
    0.0,
    0.0,
    0.0,
    0.0,
    0.0,
    0.0,
    0.0,
    0.0,
    0.0,
    0.0
  ]
}