{
  "mean_return": 27.052951900427875,
  "std_return": 1.1770271591869608,
  "se_return": 0.11770271591869608,
  "mean_length": 1000.0,
  "mean_action_smoothness": 0.23902730614550782,
  "std_action_smoothness": 0.027441393566511475,
  "mean_action_magnitude": 1.0761798017645345,
  "mean_cost": 51.2,
  "total_cost": 5120.0,
  "feasibility_rate": 0.08,
  "policy_entropy": 1.5186587572097778,
  "q_value_variance": null,
  "mean_recovery_ratio": 1.4655867777834917,
  "std_recovery_ratio": 0.5324938212010625,
  "n_episodes": 100,
  "per_episode_returns": [
    25.85422939916567,
    27.826343971927006,
    29.116149188306437,
    25.317200168153136,
    28.653752762069757,
    28.33660399405711,
    26.73856282572912,
    28.73548433626827,
    25.57724431296013,
    28.459134966551527,
    25.75670010527396,
    27.269157162221195,
    28.032850713292103,
    28.69209527107477,
    28.08299749563114,
    25.9098222181736,
    26.434642235771665,
    25.175788820382838,
    26.40657957902293,
    25.892941238977954,
    27.656418074549947,
    26.240468806961296,
    24.909800189124443,
    27.246763625173738,
    27.84965952859718,
    27.163377846322955,
    26.8669578019778,
    27.497911996867348,
    26.793683624496246,
    27.016248990186234,
    27.375878460630762,
    26.458166528262907,
    26.124944391628624,
    25.98269115575798,
    24.985988048926995,
    26.9745955189463,
    26.6201340792819,
    26.9734328575633,
    28.92631991350975,
    26.077681212566162,
    28.314178271576655,
    27.578460912173647,
    27.11292487534894,
    29.453999807758258,
    27.866740932673416,
    27.187119269785367,
    27.47589153335058,
    27.715541828693926,
    24.93724227561328,
    26.630168429201778,
    29.238233939862482,
    27.55306686174407,
    25.553534444880864,
    27.055071827530437,
    25.50826545406274,
    27.08332828330572,
    25.30201024205351,
    26.209120690221837,
    27.157846837764218,
    28.226317921492573,
    26.05479865349536,
    26.099425314753674,
    27.48659988130062,
    26.86058017413941,
    27.090014869574077,
    27.146618790182362,
    28.07488215777445,
    29.586853150333837,
    26.006483198192704,
    28.606989012568413,
    30.177917721800082,
    28.200587167353426,
    28.61134798029821,
    26.310339749233393,
    26.617585878332086,
    25.606615045719735,
    26.820830993223062,
    27.20015404633367,
    26.028799365371494,
    26.98640417472394,
    25.703205562485874,
    28.90243744615402,
    25.818091158089704,
    25.941645005426665,
    27.742317596333084,
    27.31251657221598,
    27.12316833538698,
    27.337836619139743,
    25.126762068598445,
    25.805894709352575,
    26.482660335840386,
    28.381609143669078,
    28.447307195629342,
    27.393564882551924,
    26.36703967268027,
    27.454971267402573,
    29.16226491520483,
    26.741409602922243,
    25.215441740539625,
    26.092750833023075
  ],
  "per_episode_smoothness": [
    0.2004707237197165,
    0.2359632310573395,
    0.25090748634758075,
    0.19889199637343113,
    0.2791454651304528,
    0.2034870399598536,
    0.27446410523292136,
    0.25820307938632225,
    0.20510012841916264,
    0.2770405573767174,
    0.25446369576358097,
    0.23573163739714262,
    0.3103290678620649,
    0.2721551598642592,
    0.20702132849228344,
    0.2773931490538687,
    0.20712323987659922,
    0.20814958077473728,
    0.20416103725910126,
    0.22220960129663683,
    0.2112322666627526,
    0.19430304807724177,
    0.24095806242893214,
    0.2253829043322777,
    0.2504331391611412,
    0.21579582851658957,
    0.3386423780875436,
    0.25600714984723605,
    0.22512549096705736,
    0.2038233713225549,
    0.2086733756348848,
    0.26289756206400605,
    0.21555597399554227,
    0.22154302206467077,
    0.2660961655352315,
    0.2584807844482938,
    0.2528372061115946,
    0.2643430404018672,
    0.22797779333134757,
    0.2741511893580347,
    0.20882455611099587,
    0.238579601854647,
    0.22960842909709933,
    0.25022315884199,
    0.2775469430363602,
    0.23702167194423915,
    0.22946615708553414,
    0.21215745753524248,
    0.23675554220604678,
    0.2138358052392486,
    0.2677535822791976,
    0.21104423226346666,
    0.27012370267002017,
    0.25383980390614597,
    0.22513105218599613,
    0.266377097375992,
    0.24026009096490747,
    0.22399122070218316,
    0.22133768127065423,
    0.26708534890092067,
    0.23785898624242416,
    0.25202733526065635,
    0.2386921790613782,
    0.2453763481060442,
    0.2199522903100517,
    0.21385563830068505,
    0.2565991756485419,
    0.21662308280562367,
    0.20932830648477976,
    0.23442725609774462,
    0.27687864900370857,
    0.25844918959942653,
    0.26051645909621024,
    0.21955395169884828,
    0.24662222341998574,
    0.23060582535785876,
    0.2247720103055263,
    0.2096947212322872,
    0.23120734781917834,
    0.21478452170106402,
    0.25490200917024536,
    0.2161725583955993,
    0.22243908123834533,
    0.23682704516045852,
    0.2378386886451922,
    0.2243988819840674,
    0.22343905063555314,
    0.2805274362035682,
    0.2758971492231693,
    0.22674707039998068,
    0.26341566726541904,
    0.24623230030946622,
    0.27733456283540653,
    0.21891914516370822,
    0.18814338362732802,
    0.24083381498210046,
    0.19048093180797285,
    0.2511785315462667,
    0.27144801414678404,
    0.2800955957946686
  ],
  "per_episode_costs": [
    63.0,
    22.0,
    83.0,
    64.0,
    38.0,
    18.0,
    54.0,
    62.0,
    38.0,
    61.0,
    129.0,
    79.0,
    65.0,
    36.0,
    29.0,
    14.0,
    48.0,
    25.0,
    0.0,
    97.0,
    99.0,
    0.0,
    80.0,
    4.0,
    54.0,
    91.0,
    30.0,
    49.0,
    70.0,
    34.0,
    17.0,
    97.0,
    30.0,
    29.0,
    121.0,
    30.0,
    46.0,
    10.0,
    41.0,
    38.0,
    105.0,
    17.0,
    43.0,
    27.0,
    55.0,
    100.0,
    27.0,
    47.0,
    32.0,
    51.0,
    67.0,
    15.0,
    94.0,
    104.0,
    54.0,
    103.0,
    12.0,
    54.0,
    7.0,
    122.0,
    0.0,
    36.0,
    28.0,
    122.0,
    22.0,
    137.0,
    15.0,
    36.0,
    71.0,
    33.0,
    57.0,
    126.0,
    162.0,
    79.0,
    40.0,
    73.0,
    97.0,
    83.0,
    35.0,
    151.0,
    0.0,
    62.0,
    74.0,
    13.0,
    52.0,
    9.0,
    13.0,
    40.0,
    43.0,
    98.0,
    0.0,
    45.0,
    3.0,
    27.0,
    73.0,
    25.0,
    0.0,
    0.0,
    9.0,
    0.0
  ]
}