{
  "mean_return": 27.209205147135876,
  "std_return": 1.2292967977851632,
  "se_return": 0.12292967977851632,
  "mean_length": 1000.0,
  "mean_action_smoothness": 0.11657454753601548,
  "std_action_smoothness": 0.01188831664369903,
  "mean_action_magnitude": 1.0378244267855454,
  "mean_cost": 53.2,
  "total_cost": 5320.0,
  "feasibility_rate": 0.06,
  "policy_entropy": null,
  "q_value_variance": 9.087577927857637e-05,
  "mean_recovery_ratio": 1.7616577440799481,
  "std_recovery_ratio": 0.3990459888643861,
  "n_episodes": 100,
  "per_episode_returns": [
    28.78897017838618,
    26.29178921925934,
    27.020080556513403,
    27.971357636733476,
    28.022455734178426,
    26.976293653303582,
    26.836977235920813,
    26.920154696284527,
    27.787208164349742,
    27.26955246999236,
    25.881517302525314,
    30.40398515227847,
    25.608212341222583,
    28.21405055416575,
    27.607087154458142,
    29.176706394661732,
    26.609831147242268,
    29.54602530926764,
    26.456014328076257,
    26.346372721954992,
    26.70178583746788,
    27.782686469854156,
    27.75934629826677,
    25.72700238939339,
    26.35394867328469,
    26.49152398448749,
    27.71447808914484,
    26.9393816257386,
    27.212875460045495,
    26.63489496018411,
    25.17345169990261,
    26.68976594022653,
    27.011291340710937,
    27.737550100856343,
    25.515738854795753,
    28.595322582433976,
    26.11793143431257,
    26.43568486250973,
    26.74486008561289,
    27.09846257462295,
    26.660098922562284,
    27.23455322440138,
    26.19451523985484,
    31.204081953323033,
    27.011558035836206,
    26.620023530844783,
    28.00167778319052,
    26.27264452987691,
    28.387944264743002,
    27.364664849811714,
    26.133705214780942,
    26.458560739722497,
    28.16731851725929,
    26.417407108474308,
    26.750324905466822,
    26.173637052535852,
    28.49717678370288,
    26.50546999913079,
    29.541288213918417,
    29.25841702981761,
    27.750760278803902,
    26.557653564564358,
    26.707006803882805,
    27.398136150444557,
    27.43501480870852,
    27.39091106088169,
    27.25352639092709,
    27.410120642919633,
    27.44320655917953,
    25.816001591216846,
    26.931735522671353,
    26.83936781311773,
    26.477168698247453,
    25.862201250712033,
    27.65758356757423,
    25.799380785827804,
    26.608088221339713,
    26.28097142621808,
    24.807055069191417,
    28.654518822511637,
    27.391814114376086,
    29.611220941805147,
    27.960698327193047,
    27.627637423104005,
    26.57335131265185,
    28.352715262726836,
    26.869944442867883,
    28.91548992091691,
    26.806329715000047,
    29.527633089546686,
    25.77171878407,
    26.95808347329438,
    25.711237817500056,
    27.795362576549504,
    26.692620982858454,
    26.04799793260276,
    26.550827226017237,
    25.71956515597141,
    31.861845942353185,
    26.066318129361157
  ],
  "per_episode_smoothness": [
    0.142286144516986,
    0.12315979244596002,
    0.11859816438352577,
    0.1384276200174362,
    0.10580847950284504,
    0.12405145917393266,
    0.1008471610845069,
    0.10981072708058186,
    0.13967105222886964,
    0.11731729353678567,
    0.1221289629806052,
    0.1085299296401463,
    0.12386154002505467,
    0.12110993368816898,
    0.11709394628346681,
    0.11658177616873046,
    0.13901716602234954,
    0.13917441333589092,
    0.12405505408511537,
    0.1428354220014955,
    0.10768217692702546,
    0.12195044675093845,
    0.10496744109306425,
    0.12041747833471679,
    0.11709845225872474,
    0.10493880491785086,
    0.11169422508040457,
    0.10905756979986843,
    0.09736351667562068,
    0.12690571031247844,
    0.11149749977746715,
    0.10957792432860237,
    0.11721410083978945,
    0.10629201428231962,
    0.10720313089839056,
    0.10265834639437345,
    0.11296465835758615,
    0.11386613797648838,
    0.10050680122388077,
    0.11602957301625723,
    0.12120846485824778,
    0.13134578292113988,
    0.1052372724928028,
    0.11158847682546964,
    0.11254673235522168,
    0.11614225178791071,
    0.11035472300317951,
    0.09532455584809259,
    0.12717403655660517,
    0.11257599735793232,
    0.09357811375349194,
    0.11852112354246781,
    0.12512583809886701,
    0.12044272450067263,
    0.10504396039768649,
    0.10314396003324967,
    0.1281504669590392,
    0.10890462339849835,
    0.1092532998784959,
    0.1110301323471644,
    0.10309678334747761,
    0.11591040636314627,
    0.11051739830372573,
    0.11715376559905108,
    0.10920844946112199,
    0.1072434685066191,
    0.1216325043483086,
    0.11805364201881795,
    0.1076304149828396,
    0.10885754840796767,
    0.11373362890373356,
    0.12220762292519252,
    0.1290695872323506,
    0.08858354524109514,
    0.14205356516221715,
    0.13942887128862813,
    0.09998903670781135,
    0.11076198987122676,
    0.11577413832609594,
    0.11587635273208248,
    0.13345193058127786,
    0.12971524582257601,
    0.11997625074485703,
    0.1250656138564604,
    0.12320564964227541,
    0.13797172761170895,
    0.09893206389146027,
    0.10848949713986165,
    0.10800538661072193,
    0.12209349665127708,
    0.12459902918130639,
    0.12001717347407301,
    0.10466465299322378,
    0.11116244087450361,
    0.13291242111397222,
    0.1305856940342232,
    0.09429280697417147,
    0.12481706496459391,
    0.1339290837040191,
    0.11584021964093867
  ],
  "per_episode_costs": [
    10.0,
    71.0,
    92.0,
    71.0,
    32.0,
    92.0,
    58.0,
    14.0,
    109.0,
    55.0,
    54.0,
    74.0,
    19.0,
    0.0,
    4.0,
    65.0,
    89.0,
    67.0,
    64.0,
    15.0,
    73.0,
    73.0,
    9.0,
    80.0,
    9.0,
    0.0,
    101.0,
    26.0,
    35.0,
    51.0,
    47.0,
    13.0,
    53.0,
    26.0,
    14.0,
    21.0,
    50.0,
    57.0,
    17.0,
    102.0,
    55.0,
    0.0,
    5.0,
    23.0,
    103.0,
    33.0,
    124.0,
    107.0,
    75.0,
    98.0,
    43.0,
    60.0,
    20.0,
    0.0,
    93.0,
    17.0,
    50.0,
    17.0,
    44.0,
    13.0,
    52.0,
    56.0,
    99.0,
    112.0,
    131.0,
    97.0,
    14.0,
    118.0,
    84.0,
    85.0,
    115.0,
    40.0,
    6.0,
    0.0,
    76.0,
    11.0,
    24.0,
    68.0,
    134.0,
    95.0,
    79.0,
    13.0,
    8.0,
    90.0,
    66.0,
    30.0,
    0.0,
    36.0,
    27.0,
    87.0,
    79.0,
    92.0,
    27.0,
    71.0,
    16.0,
    138.0,
    47.0,
    50.0,
    30.0,
    25.0
  ]
}