{
  "mean_return": 26.93081007191402,
  "std_return": 1.082024927678123,
  "se_return": 0.10820249276781231,
  "mean_length": 1000.0,
  "mean_action_smoothness": 0.13768538184331786,
  "std_action_smoothness": 0.023189734498131484,
  "mean_action_magnitude": 0.9949018970834552,
  "mean_cost": 53.91,
  "total_cost": 5391.0,
  "feasibility_rate": 0.13,
  "policy_entropy": null,
  "q_value_variance": 7.153491606004536e-05,
  "mean_recovery_ratio": 1.6893023107201373,
  "std_recovery_ratio": 0.5769705315298844,
  "n_episodes": 100,
  "per_episode_returns": [
    28.61061630534222,
    29.035221377221816,
    27.044099785972776,
    27.969448743739925,
    27.769340661633155,
    26.57980654200846,
    27.19039826740024,
    25.996187514961075,
    25.5443872771369,
    26.345923581568726,
    26.83072395576405,
    26.15441986926613,
    27.28529857377584,
    26.213797410343677,
    27.503768532463646,
    26.458345283862247,
    25.82038921443385,
    26.726644719288515,
    24.59301068542701,
    28.247644630416204,
    26.609006371669516,
    27.513514631443133,
    26.47225528017125,
    25.990947188242835,
    28.713520236155766,
    25.84008182514497,
    27.266372454424808,
    25.462781888081107,
    27.0910979390078,
    27.13541505156342,
    25.679927465981475,
    25.527420789596498,
    28.43671270760492,
    28.68137979076102,
    26.668871496980056,
    26.538204496429135,
    27.468439851943454,
    29.738846230259643,
    27.092375826213946,
    26.8280503141982,
    26.87897484430831,
    26.060649484416018,
    25.58102281434248,
    26.712479984820494,
    26.743674448820222,
    25.565413959069122,
    24.96128240092211,
    27.44631069610991,
    27.799669620528974,
    28.38231029472649,
    27.92061746199662,
    28.51242272071767,
    26.787920577726965,
    25.71007911608183,
    27.61862248979547,
    29.84406093687071,
    28.523974293207907,
    27.545425387055136,
    27.691255769489636,
    26.304444555992,
    27.124175692671805,
    23.850209561803545,
    26.339304367041862,
    26.18609444749744,
    25.512413166423894,
    26.75338059214723,
    27.379779161500732,
    27.13611544650148,
    26.725243776759818,
    27.038204719905742,
    27.259879585296616,
    27.04276337479235,
    28.775491128885683,
    26.358037045286487,
    24.77195043707751,
    27.38770703369487,
    27.698941961798813,
    25.643096002406782,
    27.209293638447846,
    28.150359209984874,
    26.091692931266998,
    27.110457595110834,
    27.004960121241844,
    26.40608301085756,
    27.508202892371408,
    26.850690883335687,
    28.84556504995711,
    27.455335356702896,
    27.775457963170496,
    26.427777533366427,
    25.944731647695004,
    27.962284011841287,
    26.487347082286504,
    28.375138296601804,
    26.351348868876215,
    26.126392229539693,
    26.483544475930167,
    25.792711319902324,
    26.5368993442384,
    25.936639602285897
  ],
  "per_episode_smoothness": [
    0.1277092271227458,
    0.1844895515470913,
    0.12453932787278933,
    0.13627485951696497,
    0.14540602520750848,
    0.13262027051037525,
    0.13112201436367857,
    0.1631481571489415,
    0.12388214645246284,
    0.1216497965048339,
    0.11068189016025422,
    0.14558206964027443,
    0.13028012964685104,
    0.13636387842497683,
    0.13374059544015268,
    0.1526591016232772,
    0.10986730973698167,
    0.14428935438053658,
    0.22093847146570167,
    0.14703959295874713,
    0.1305509274882898,
    0.15949696664445456,
    0.11813730007926854,
    0.13515853385248838,
    0.11754631559726332,
    0.12637140368136535,
    0.14244127368584042,
    0.13595085484767433,
    0.10799473561210847,
    0.1490867064127137,
    0.11277032524131761,
    0.15140741933485286,
    0.1315062795520916,
    0.13653881869852263,
    0.1435870147077224,
    0.12553859793821032,
    0.16058236246585114,
    0.11499024303360149,
    0.1200337538935807,
    0.11032614552983785,
    0.1283942204179214,
    0.13084740981753146,
    0.15553151904786525,
    0.12560890007261358,
    0.12908662868073273,
    0.12426662632796051,
    0.1415912007897678,
    0.15835079445109065,
    0.16077633731456425,
    0.1717661918466444,
    0.17483992996942424,
    0.17193080239792574,
    0.1457973056183557,
    0.13119830393732707,
    0.13021952888426927,
    0.10806725657191228,
    0.14866830606326192,
    0.1434826257872686,
    0.12966325404500648,
    0.12683838378232082,
    0.15346967651244556,
    0.1985934052504012,
    0.15425138168141878,
    0.1429964361550607,
    0.12326870024195793,
    0.14698391499012728,
    0.17497696576303853,
    0.11827826922737612,
    0.13060695106006268,
    0.12359303743442841,
    0.1232788140766224,
    0.10777099536908415,
    0.14018058931802352,
    0.10760971017777585,
    0.24999294667365876,
    0.1247727411362152,
    0.12361485486438376,
    0.12310476879103542,
    0.14997277994781327,
    0.15428000347030746,
    0.13921669008426493,
    0.10979087750083535,
    0.15496979094895705,
    0.11833903563402268,
    0.12623930542797854,
    0.12824939634908283,
    0.13662797010449296,
    0.14046655281189063,
    0.12390725518906899,
    0.13355863559382739,
    0.12369644744162049,
    0.12629264715867172,
    0.17603347899633345,
    0.12279641600010492,
    0.130552408510398,
    0.12330495147139749,
    0.14829449639192407,
    0.13469381927580573,
    0.1004366529713959,
    0.11024914048251012
  ],
  "per_episode_costs": [
    141.0,
    33.0,
    14.0,
    0.0,
    0.0,
    51.0,
    125.0,
    63.0,
    160.0,
    111.0,
    13.0,
    34.0,
    77.0,
    109.0,
    90.0,
    101.0,
    2.0,
    97.0,
    56.0,
    43.0,
    70.0,
    0.0,
    0.0,
    0.0,
    0.0,
    74.0,
    23.0,
    94.0,
    28.0,
    46.0,
    95.0,
    71.0,
    18.0,
    45.0,
    11.0,
    111.0,
    45.0,
    49.0,
    30.0,
    0.0,
    0.0,
    10.0,
    62.0,
    110.0,
    36.0,
    80.0,
    163.0,
    44.0,
    0.0,
    43.0,
    50.0,
    28.0,
    131.0,
    95.0,
    63.0,
    56.0,
    57.0,
    59.0,
    112.0,
    56.0,
    16.0,
    86.0,
    65.0,
    119.0,
    3.0,
    13.0,
    42.0,
    92.0,
    106.0,
    48.0,
    46.0,
    29.0,
    71.0,
    110.0,
    90.0,
    27.0,
    62.0,
    30.0,
    63.0,
    5.0,
    85.0,
    43.0,
    33.0,
    60.0,
    32.0,
    0.0,
    38.0,
    35.0,
    10.0,
    79.0,
    0.0,
    71.0,
    44.0,
    134.0,
    40.0,
    0.0,
    65.0,
    0.0,
    61.0,
    53.0
  ]
}